date,mean_mm,max_mm
1981-01-01,4.295,37.4
1981-01-02,1.953,12.58
1981-01-03,0.409,6.99
1981-01-04,4.681,28.67
1981-01-05,2.387,16.54
1981-01-06,4.016,15.95
1981-01-07,0.951,9.99
1981-01-08,0.875,69.88
1981-01-09,1.309,66.22
1981-01-10,0.235,17.01
1981-01-11,0.363,15.11
1981-01-12,4.5,11.2
1981-01-13,5.998,19.31
1981-01-14,26.547,166.51
1981-01-15,6.211,155.25
1981-01-16,3.892,61.14
1981-01-17,0.273,9.05
1981-01-18,4.943,15.35
1981-01-19,2.799,16.84
1981-01-20,0.196,9.44
1981-01-21,4.311,27.43
1981-01-22,0.0,0.0
1981-01-23,0.9,10.43
1981-01-24,1.033,9.53
1981-01-25,0.0,0.0
1981-01-26,0.362,8.79
1981-01-27,0.0,0.0
1981-01-28,0.0,0.0
1981-01-29,1.916,126.74
1981-01-30,5.849,16.13
1981-01-31,7.622,18.48
1981-02-01,13.796,317.36
1981-02-02,12.901,182.19
1981-02-03,0.99,100.62
1981-02-04,3.134,26.53
1981-02-05,4.309,127.47
1981-02-06,35.826,251.8
1981-02-07,14.817,148.93
1981-02-08,10.462,111.07
1981-02-09,2.906,58.54
1981-02-10,24.577,193.78
1981-02-11,0.0,0.0
1981-02-12,2.868,33.22
1981-02-13,4.641,101.55
1981-02-14,1.942,188.26
1981-02-15,3.64,24.07
1981-02-16,1.029,14.52
1981-02-17,2.487,21.62
1981-02-18,1.591,12.32
1981-02-19,0.6,12.59
1981-02-20,18.078,137.69
1981-02-21,35.314,210.27
1981-02-22,1.37,108.04
1981-02-23,1.669,47.03
1981-02-24,3.673,24.9
1981-02-25,0.895,10.16
1981-02-26,0.055,7.89
1981-02-27,0.005,2.33
1981-02-28,0.831,11.22
1981-03-01,2.069,73.99
1981-03-02,1.845,78.0
1981-03-03,0.0,0.0
1981-03-04,0.0,0.0
1981-03-05,0.662,72.67
1981-03-06,5.715,43.68
1981-03-07,6.789,50.44
1981-03-08,44.101,109.2
1981-03-09,0.391,39.93
1981-03-10,43.194,119.78
1981-03-11,5.839,29.71
1981-03-12,23.988,67.34
1981-03-13,7.865,41.43
1981-03-14,11.767,32.47
1981-03-15,17.77,66.84
1981-03-16,14.547,64.46
1981-03-17,11.695,27.68
1981-03-18,14.57,28.09
1981-03-19,0.078,4.66
1981-03-20,4.68,42.71
1981-03-21,11.051,30.66
1981-03-22,13.36,45.8
1981-03-23,2.183,19.12
1981-03-24,5.228,34.35
1981-03-25,3.249,20.72
1981-03-26,12.878,41.76
1981-03-27,2.666,24.54
1981-03-28,0.0,0.0
1981-03-29,0.065,9.79
1981-03-30,0.026,7.76
1981-03-31,0.032,11.11
1981-04-01,0.099,5.1
1981-04-02,1.912,39.18
1981-04-03,0.136,24.55
1981-04-04,0.0,0.0
1981-04-05,0.0,0.0
1981-04-06,8.071,53.1
1981-04-07,3.31,59.15
1981-04-08,0.272,8.35
1981-04-09,5.064,83.82
1981-04-10,0.178,6.88
1981-04-11,0.0,0.0
1981-04-12,0.0,0.0
1981-04-13,1.276,43.97
1981-04-14,14.359,204.34
1981-04-15,12.744,70.96
1981-04-16,0.0,0.0
1981-04-17,1.778,77.7
1981-04-18,3.949,68.52
1981-04-19,44.818,128.74
1981-04-20,0.0,0.0
1981-04-21,0.0,0.0
1981-04-22,0.0,0.0
1981-04-23,0.245,23.15
1981-04-24,0.0,0.0
1981-04-25,0.351,13.83
1981-04-26,0.02,3.41
1981-04-27,0.009,4.47
1981-04-28,0.0,0.0
1981-04-29,0.577,20.2
1981-04-30,0.187,8.23
1981-05-01,0.024,3.96
1981-05-02,0.0,0.0
1981-05-03,0.075,9.2
1981-05-04,2.421,34.67
1981-05-05,3.482,12.93
1981-05-06,0.451,7.07
1981-05-07,0.293,5.36
1981-05-08,8.377,28.67
1981-05-09,0.157,8.86
1981-05-10,0.0,0.0
1981-05-11,0.0,0.0
1981-05-12,0.0,0.0
1981-05-13,0.013,3.24
1981-05-14,0.034,3.72
1981-05-15,0.0,0.0
1981-05-16,0.0,0.0
1981-05-17,0.0,0.0
1981-05-18,0.0,0.0
1981-05-19,0.0,0.0
1981-05-20,0.0,0.0
1981-05-21,0.0,0.0
1981-05-22,0.0,0.0
1981-05-23,0.86,25.16
1981-05-24,0.0,0.0
1981-05-25,0.0,0.0
1981-05-26,1.616,24.66
1981-05-27,0.1,8.5
1981-05-28,0.0,0.0
1981-05-29,0.02,4.24
1981-05-30,0.0,0.0
1981-05-31,0.016,5.56
1981-06-01,0.103,6.13
1981-06-02,0.043,3.8
1981-06-03,0.153,5.11
1981-06-04,0.0,0.0
1981-06-05,2.238,8.1
1981-06-06,0.0,0.0
1981-06-07,0.0,0.0
1981-06-08,0.0,0.0
1981-06-09,0.0,0.0
1981-06-10,0.007,3.65
1981-06-11,0.784,7.87
1981-06-12,0.016,2.77
1981-06-13,0.521,20.25
1981-06-14,0.0,0.0
1981-06-15,0.101,4.19
1981-06-16,0.774,5.88
1981-06-17,0.0,0.0
1981-06-18,0.099,6.07
1981-06-19,0.203,4.75
1981-06-20,0.497,5.01
1981-06-21,1.463,5.54
1981-06-22,1.088,5.38
1981-06-23,0.398,7.61
1981-06-24,0.111,4.13
1981-06-25,0.0,0.0
1981-06-26,0.0,0.0
1981-06-27,0.0,0.0
1981-06-28,0.0,0.0
1981-06-29,0.019,3.26
1981-06-30,0.0,0.0
1981-07-01,0.007,3.38
1981-07-02,0.025,3.57
1981-07-03,2.535,15.41
1981-07-04,0.191,3.98
1981-07-05,0.182,5.34
1981-07-06,0.079,3.77
1981-07-07,0.086,2.63
1981-07-08,0.0,0.0
1981-07-09,0.0,0.0
1981-07-10,0.0,0.0
1981-07-11,0.0,0.0
1981-07-12,0.0,0.0
1981-07-13,0.0,0.0
1981-07-14,0.0,0.0
1981-07-15,0.09,3.68
1981-07-16,0.0,0.0
1981-07-17,0.0,0.0
1981-07-18,0.0,0.0
1981-07-19,0.0,0.0
1981-07-20,0.064,10.83
1981-07-21,0.0,0.0
1981-07-22,0.0,0.0
1981-07-23,0.223,5.26
1981-07-24,0.0,0.0
1981-07-25,0.0,0.0
1981-07-26,0.0,0.0
1981-07-27,0.0,0.0
1981-07-28,0.0,0.0
1981-07-29,0.0,0.0
1981-07-30,0.0,0.0
1981-07-31,0.0,0.0
1981-08-01,0.0,0.0
1981-08-02,0.0,0.0
1981-08-03,0.005,0.51
1981-08-04,0.0,0.0
1981-08-05,0.0,0.0
1981-08-06,0.137,6.15
1981-08-07,0.0,0.0
1981-08-08,0.006,2.95
1981-08-09,0.0,0.0
1981-08-10,0.006,1.68
1981-08-11,0.0,0.0
1981-08-12,0.0,0.0
1981-08-13,0.0,0.0
1981-08-14,0.007,3.26
1981-08-15,0.034,2.93
1981-08-16,0.03,4.08
1981-08-17,0.0,0.0
1981-08-18,0.87,8.59
1981-08-19,0.0,0.0
1981-08-20,0.0,0.0
1981-08-21,0.0,0.0
1981-08-22,0.0,0.0
1981-08-23,0.0,0.0
1981-08-24,0.093,5.9
1981-08-25,0.0,0.0
1981-08-26,0.098,5.87
1981-08-27,0.057,3.49
1981-08-28,0.146,3.47
1981-08-29,0.109,3.62
1981-08-30,0.133,9.69
1981-08-31,1.836,22.19
1981-09-01,0.018,3.66
1981-09-02,0.0,0.0
1981-09-03,0.265,1.83
1981-09-04,0.53,3.66
1981-09-05,0.0,0.0
1981-09-06,0.0,0.0
1981-09-07,0.0,0.0
1981-09-08,1.55,9.82
1981-09-09,0.977,4.8
1981-09-10,0.0,0.0
1981-09-11,0.066,3.83
1981-09-12,0.218,4.47
1981-09-13,0.0,0.0
1981-09-14,0.0,0.0
1981-09-15,0.0,0.0
1981-09-16,1.48,9.35
1981-09-17,0.316,4.81
1981-09-18,0.0,0.0
1981-09-19,0.0,0.0
1981-09-20,0.0,0.0
1981-09-21,0.0,0.0
1981-09-22,0.0,0.0
1981-09-23,0.0,0.0
1981-09-24,0.0,0.0
1981-09-25,0.086,4.07
1981-09-26,0.0,0.0
1981-09-27,0.0,0.0
1981-09-28,0.0,0.0
1981-09-29,0.082,3.5
1981-09-30,0.257,4.2
1981-10-01,0.066,4.11
1981-10-02,0.0,0.0
1981-10-03,0.0,0.0
1981-10-04,0.0,0.0
1981-10-05,0.008,3.95
1981-10-06,0.089,3.79
1981-10-07,0.185,6.1
1981-10-08,0.012,3.05
1981-10-09,0.0,0.0
1981-10-10,0.091,11.1
1981-10-11,0.777,7.97
1981-10-12,0.007,3.48
1981-10-13,2.413,24.32
1981-10-14,0.908,11.78
1981-10-15,0.006,2.88
1981-10-16,0.0,0.0
1981-10-17,0.0,0.0
1981-10-18,0.0,0.0
1981-10-19,0.0,0.0
1981-10-20,0.0,0.0
1981-10-21,0.0,0.0
1981-10-22,0.0,0.0
1981-10-23,0.0,0.0
1981-10-24,0.077,5.0
1981-10-25,0.467,4.89
1981-10-26,0.0,0.0
1981-10-27,0.0,0.0
1981-10-28,1.004,8.01
1981-10-29,0.559,5.56
1981-10-30,0.791,13.43
1981-10-31,0.163,6.92
1981-11-01,1.561,21.91
1981-11-02,0.014,6.92
1981-11-03,0.0,0.0
1981-11-04,0.299,8.96
1981-11-05,0.127,6.06
1981-11-06,1.633,7.43
1981-11-07,0.275,6.16
1981-11-08,0.0,0.0
1981-11-09,0.0,0.0
1981-11-10,0.007,3.58
1981-11-11,0.243,14.41
1981-11-12,1.263,7.75
1981-11-13,0.0,0.0
1981-11-14,0.724,6.09
1981-11-15,0.14,10.37
1981-11-16,0.376,6.01
1981-11-17,0.0,0.0
1981-11-18,0.053,5.57
1981-11-19,0.0,0.0
1981-11-20,1.005,7.43
1981-11-21,0.206,4.83
1981-11-22,0.0,0.0
1981-11-23,0.0,0.0
1981-11-24,0.006,3.02
1981-11-25,0.0,0.0
1981-11-26,0.0,0.0
1981-11-27,0.199,11.35
1981-11-28,0.721,6.83
1981-11-29,0.969,10.32
1981-11-30,0.019,3.41
1981-12-01,0.0,0.0
1981-12-02,0.0,0.0
1981-12-03,0.0,0.0
1981-12-04,0.0,0.0
1981-12-05,0.622,23.78
1981-12-06,5.402,47.35
1981-12-07,0.021,10.33
1981-12-08,0.0,0.0
1981-12-09,0.0,0.0
1981-12-10,0.318,8.87
1981-12-11,0.532,7.67
1981-12-12,2.466,31.53
1981-12-13,0.0,0.0
1981-12-14,0.0,0.0
1981-12-15,0.972,11.18
1981-12-16,0.849,19.58
1981-12-17,0.0,0.0
1981-12-18,0.0,0.0
1981-12-19,1.737,38.13
1981-12-20,0.409,15.06
1981-12-21,1.159,24.6
1981-12-22,1.767,26.96
1981-12-23,0.202,6.34
1981-12-24,0.105,5.2
1981-12-25,0.0,0.0
1981-12-26,1.635,14.0
1981-12-27,0.0,0.0
1981-12-28,0.0,0.0
1981-12-29,0.364,7.78
1981-12-30,0.593,23.15
1981-12-31,0.0,0.0
1982-01-01,3.214,70.22
1982-01-02,13.755,190.05
1982-01-03,2.482,94.26
1982-01-04,0.457,11.89
1982-01-05,3.397,167.07
1982-01-06,1.329,82.84
1982-01-07,0.0,0.0
1982-01-08,3.114,168.23
1982-01-09,0.0,0.0
1982-01-10,0.249,14.65
1982-01-11,0.495,16.06
1982-01-12,8.267,289.35
1982-01-13,0.0,0.0
1982-01-14,0.0,0.0
1982-01-15,3.081,105.52
1982-01-16,0.362,10.9
1982-01-17,1.883,190.9
1982-01-18,0.01,2.52
1982-01-19,0.0,0.0
1982-01-20,0.368,8.9
1982-01-21,0.251,6.28
1982-01-22,1.194,43.46
1982-01-23,0.0,0.0
1982-01-24,21.678,135.43
1982-01-25,0.062,5.45
1982-01-26,0.971,23.89
1982-01-27,0.128,6.5
1982-01-28,0.0,0.0
1982-01-29,0.169,31.53
1982-01-30,4.895,73.19
1982-01-31,91.443,274.49
1982-02-01,2.425,67.54
1982-02-02,0.26,22.99
1982-02-03,12.712,77.06
1982-02-04,0.0,0.0
1982-02-05,11.541,74.46
1982-02-06,0.963,45.66
1982-02-07,7.609,54.83
1982-02-08,8.62,45.54
1982-02-09,6.93,61.95
1982-02-10,2.956,50.47
1982-02-11,0.0,0.0
1982-02-12,3.69,38.03
1982-02-13,0.862,48.51
1982-02-14,1.705,65.81
1982-02-15,0.125,21.7
1982-02-16,4.989,42.2
1982-02-17,2.688,45.16
1982-02-18,0.0,0.0
1982-02-19,11.475,50.2
1982-02-20,2.057,43.9
1982-02-21,3.702,19.68
1982-02-22,5.186,37.21
1982-02-23,1.203,17.69
1982-02-24,26.938,79.71
1982-02-25,0.0,0.0
1982-02-26,0.0,0.0
1982-02-27,12.116,44.41
1982-02-28,8.104,28.71
1982-03-01,5.278,47.09
1982-03-02,33.57,76.15
1982-03-03,5.198,56.56
1982-03-04,1.393,37.01
1982-03-05,6.292,43.53
1982-03-06,0.414,63.78
1982-03-07,1.52,66.74
1982-03-08,0.0,0.0
1982-03-09,17.287,127.04
1982-03-10,1.983,66.74
1982-03-11,0.867,47.9
1982-03-12,0.316,9.37
1982-03-13,0.782,23.99
1982-03-14,0.243,20.36
1982-03-15,0.228,12.66
1982-03-16,0.076,6.48
1982-03-17,0.059,5.97
1982-03-18,0.0,0.0
1982-03-19,0.032,5.63
1982-03-20,0.344,14.73
1982-03-21,0.175,6.78
1982-03-22,0.273,10.57
1982-03-23,0.337,13.02
1982-03-24,0.219,8.46
1982-03-25,0.162,11.43
1982-03-26,0.077,7.91
1982-03-27,0.317,9.93
1982-03-28,3.069,48.06
1982-03-29,0.162,7.34
1982-03-30,0.0,0.0
1982-03-31,0.923,59.81
1982-04-01,0.119,29.44
1982-04-02,0.274,33.43
1982-04-03,1.559,17.82
1982-04-04,4.739,56.45
1982-04-05,4.17,48.95
1982-04-06,11.365,62.59
1982-04-07,1.176,71.35
1982-04-08,3.93,52.43
1982-04-09,2.8,65.51
1982-04-10,1.451,53.15
1982-04-11,0.405,54.88
1982-04-12,11.36,61.02
1982-04-13,13.181,101.7
1982-04-14,0.355,60.0
1982-04-15,0.0,0.0
1982-04-16,4.298,52.86
1982-04-17,0.0,0.0
1982-04-18,0.0,0.0
1982-04-19,0.0,0.0
1982-04-20,0.0,0.0
1982-04-21,0.006,2.76
1982-04-22,0.0,0.0
1982-04-23,0.0,0.0
1982-04-24,0.0,0.0
1982-04-25,0.003,1.3
1982-04-26,0.0,0.0
1982-04-27,0.055,3.92
1982-04-28,10.125,76.71
1982-04-29,0.0,0.0
1982-04-30,1.793,28.84
1982-05-01,3.82,34.58
1982-05-02,0.0,0.0
1982-05-03,0.0,0.0
1982-05-04,0.0,0.0
1982-05-05,1.115,13.04
1982-05-06,0.0,0.0
1982-05-07,0.21,25.69
1982-05-08,0.258,6.06
1982-05-09,1.028,33.97
1982-05-10,0.123,6.8
1982-05-11,0.072,12.33
1982-05-12,1.161,21.83
1982-05-13,0.0,0.0
1982-05-14,0.125,7.26
1982-05-15,0.144,6.26
1982-05-16,0.0,0.0
1982-05-17,0.768,11.28
1982-05-18,1.041,7.11
1982-05-19,0.95,38.59
1982-05-20,0.0,0.0
1982-05-21,1.648,34.57
1982-05-22,0.0,0.0
1982-05-23,0.0,0.0
1982-05-24,0.176,10.59
1982-05-25,1.65,17.01
1982-05-26,0.087,4.57
1982-05-27,2.683,20.1
1982-05-28,2.79,10.19
1982-05-29,0.66,8.42
1982-05-30,0.0,0.0
1982-05-31,0.0,0.0
1982-06-01,0.0,0.0
1982-06-02,0.0,0.0
1982-06-03,0.0,0.0
1982-06-04,0.055,3.99
1982-06-05,0.116,6.74
1982-06-06,0.0,0.0
1982-06-07,0.0,0.0
1982-06-08,3.071,6.52
1982-06-09,0.19,5.47
1982-06-10,0.0,0.0
1982-06-11,0.882,16.0
1982-06-12,0.128,10.7
1982-06-13,0.0,0.0
1982-06-14,0.0,0.0
1982-06-15,0.17,5.96
1982-06-16,0.0,0.0
1982-06-17,0.814,8.11
1982-06-18,0.0,0.0
1982-06-19,0.888,6.07
1982-06-20,0.332,6.67
1982-06-21,0.521,5.37
1982-06-22,0.0,0.0
1982-06-23,0.0,0.0
1982-06-24,0.0,0.0
1982-06-25,0.088,4.79
1982-06-26,0.861,6.3
1982-06-27,0.109,3.93
1982-06-28,0.291,4.56
1982-06-29,0.007,3.63
1982-06-30,0.0,0.0
1982-07-01,0.0,0.0
1982-07-02,0.046,3.82
1982-07-03,0.01,2.47
1982-07-04,0.198,4.67
1982-07-05,0.0,0.0
1982-07-06,0.0,0.0
1982-07-07,0.355,6.66
1982-07-08,0.121,4.3
1982-07-09,0.0,0.0
1982-07-10,0.0,0.0
1982-07-11,0.0,0.0
1982-07-12,0.233,4.9
1982-07-13,0.317,5.28
1982-07-14,0.087,5.85
1982-07-15,0.087,5.85
1982-07-16,0.0,0.0
1982-07-17,0.226,5.39
1982-07-18,0.0,0.0
1982-07-19,0.0,0.0
1982-07-20,0.0,0.0
1982-07-21,0.257,5.44
1982-07-22,0.0,0.0
1982-07-23,0.0,0.0
1982-07-24,0.0,0.0
1982-07-25,0.0,0.0
1982-07-26,0.0,0.0
1982-07-27,0.774,8.97
1982-07-28,0.0,0.0
1982-07-29,0.0,0.0
1982-07-30,0.143,5.33
1982-07-31,0.137,5.21
1982-08-01,0.0,0.0
1982-08-02,0.0,0.0
1982-08-03,0.0,0.0
1982-08-04,0.019,1.97
1982-08-05,0.033,1.97
1982-08-06,0.011,2.9
1982-08-07,0.0,0.0
1982-08-08,1.242,14.43
1982-08-09,0.0,0.0
1982-08-10,1.848,10.34
1982-08-11,0.0,0.0
1982-08-12,0.088,4.02
1982-08-13,0.202,4.19
1982-08-14,0.066,7.19
1982-08-15,0.029,2.7
1982-08-16,0.0,0.0
1982-08-17,0.0,0.0
1982-08-18,0.009,4.64
1982-08-19,0.0,0.0
1982-08-20,0.0,0.0
1982-08-21,0.0,0.0
1982-08-22,0.0,0.0
1982-08-23,0.0,0.0
1982-08-24,0.0,0.0
1982-08-25,0.0,0.0
1982-08-26,0.125,4.0
1982-08-27,0.125,4.0
1982-08-28,0.014,4.06
1982-08-29,0.068,3.52
1982-08-30,0.412,8.09
1982-08-31,0.217,4.23
1982-09-01,0.005,2.52
1982-09-02,0.047,3.97
1982-09-03,0.0,0.0
1982-09-04,0.0,0.0
1982-09-05,0.018,4.38
1982-09-06,0.0,0.0
1982-09-07,0.0,0.0
1982-09-08,0.0,0.0
1982-09-09,0.0,0.0
1982-09-10,0.113,3.88
1982-09-11,0.0,0.0
1982-09-12,0.011,5.44
1982-09-13,0.926,5.7
1982-09-14,0.0,0.0
1982-09-15,0.0,0.0
1982-09-16,0.0,0.0
1982-09-17,0.0,0.0
1982-09-18,0.613,11.38
1982-09-19,0.402,5.86
1982-09-20,0.312,4.88
1982-09-21,0.0,0.0
1982-09-22,1.345,9.4
1982-09-23,0.321,3.33
1982-09-24,0.318,14.67
1982-09-25,0.813,14.6
1982-09-26,0.505,10.42
1982-09-27,0.663,7.82
1982-09-28,0.008,3.79
1982-09-29,0.047,11.63
1982-09-30,0.0,0.0
1982-10-01,0.074,6.81
1982-10-02,0.3,8.19
1982-10-03,0.063,3.25
1982-10-04,0.792,21.36
1982-10-05,1.886,12.04
1982-10-06,0.0,0.0
1982-10-07,0.0,0.0
1982-10-08,0.0,0.0
1982-10-09,0.1,4.78
1982-10-10,0.552,8.32
1982-10-11,0.314,4.89
1982-10-12,0.0,0.0
1982-10-13,0.154,4.98
1982-10-14,0.576,7.62
1982-10-15,0.0,0.0
1982-10-16,0.0,0.0
1982-10-17,0.045,11.38
1982-10-18,0.682,6.94
1982-10-19,0.0,0.0
1982-10-20,0.009,2.58
1982-10-21,0.256,4.06
1982-10-22,1.181,20.79
1982-10-23,0.206,4.34
1982-10-24,1.251,7.13
1982-10-25,0.059,1.79
1982-10-26,0.473,8.15
1982-10-27,0.453,7.08
1982-10-28,0.0,0.0
1982-10-29,0.0,0.0
1982-10-30,0.0,0.0
1982-10-31,0.0,0.0
1982-11-01,0.0,0.0
1982-11-02,0.19,4.75
1982-11-03,1.352,7.14
1982-11-04,0.335,3.19
1982-11-05,0.323,9.03
1982-11-06,0.074,5.65
1982-11-07,0.0,0.0
1982-11-08,0.021,3.93
1982-11-09,0.021,3.97
1982-11-10,0.133,12.83
1982-11-11,0.763,7.99
1982-11-12,0.005,1.24
1982-11-13,0.274,7.11
1982-11-14,0.0,0.0
1982-11-15,0.0,0.0
1982-11-16,0.222,7.12
1982-11-17,0.013,2.11
1982-11-18,0.194,9.02
1982-11-19,0.512,4.81
1982-11-20,0.782,6.15
1982-11-21,0.54,7.41
1982-11-22,0.016,3.89
1982-11-23,0.0,0.0
1982-11-24,0.033,2.98
1982-11-25,4.57,24.76
1982-11-26,0.754,14.25
1982-11-27,2.233,17.38
1982-11-28,0.0,0.0
1982-11-29,0.0,0.0
1982-11-30,0.0,0.0
1982-12-01,0.0,0.0
1982-12-02,0.045,11.66
1982-12-03,0.333,17.56
1982-12-04,0.847,21.93
1982-12-05,4.45,25.96
1982-12-06,0.146,7.35
1982-12-07,0.064,6.01
1982-12-08,2.684,24.92
1982-12-09,2.754,15.49
1982-12-10,1.103,11.23
1982-12-11,1.209,16.54
1982-12-12,0.057,7.16
1982-12-13,0.081,9.81
1982-12-14,1.761,24.78
1982-12-15,4.605,36.32
1982-12-16,12.159,62.8
1982-12-17,3.051,26.28
1982-12-18,0.344,17.89
1982-12-19,0.084,10.07
1982-12-20,0.856,22.27
1982-12-21,2.701,13.75
1982-12-22,11.823,38.57
1982-12-23,2.003,17.95
1982-12-24,4.654,30.01
1982-12-25,5.679,23.11
1982-12-26,4.935,50.76
1982-12-27,6.201,48.07
1982-12-28,15.637,67.08
1982-12-29,2.51,24.75
1982-12-30,0.861,26.39
1982-12-31,1.415,26.39
1983-01-01,13.296,34.85
1983-01-02,19.334,81.12
1983-01-03,11.667,32.0
1983-01-04,18.273,46.21
1983-01-05,27.34,118.64
1983-01-06,0.0,0.0
1983-01-07,0.0,0.0
1983-01-08,0.0,0.0
1983-01-09,22.51,91.22
1983-01-10,0.0,0.0
1983-01-11,15.579,58.03
1983-01-12,9.568,31.7
1983-01-13,18.723,38.74
1983-01-14,26.876,63.94
1983-01-15,22.719,57.46
1983-01-16,40.147,118.95
1983-01-17,35.953,106.01
1983-01-18,3.04,28.06
1983-01-19,18.504,86.1
1983-01-20,7.94,43.45
1983-01-21,2.501,68.84
1983-01-22,10.819,161.75
1983-01-23,0.0,0.0
1983-01-24,4.428,94.78
1983-01-25,61.19,138.1
1983-01-26,21.316,64.4
1983-01-27,25.915,61.47
1983-01-28,13.778,36.39
1983-01-29,26.204,44.14
1983-01-30,11.601,64.36
1983-01-31,2.197,34.7
1983-02-01,6.627,33.13
1983-02-02,16.073,47.58
1983-02-03,2.826,21.76
1983-02-04,26.561,73.8
1983-02-05,64.756,122.94
1983-02-06,18.227,66.12
1983-02-07,8.19,26.93
1983-02-08,25.166,95.85
1983-02-09,3.481,25.0
1983-02-10,4.335,38.93
1983-02-11,6.866,51.89
1983-02-12,38.48,156.0
1983-02-13,37.098,119.12
1983-02-14,4.491,54.69
1983-02-15,3.284,37.31
1983-02-16,4.811,58.55
1983-02-17,5.029,59.02
1983-02-18,17.449,65.0
1983-02-19,40.793,138.21
1983-02-20,8.006,41.02
1983-02-21,23.865,83.14
1983-02-22,21.421,91.51
1983-02-23,6.217,23.25
1983-02-24,33.465,122.66
1983-02-25,15.276,57.34
1983-02-26,10.938,42.64
1983-02-27,15.977,81.0
1983-02-28,1.11,8.93
1983-03-01,3.356,52.04
1983-03-02,31.099,90.17
1983-03-03,5.889,49.26
1983-03-04,8.22,36.52
1983-03-05,14.188,39.66
1983-03-06,7.518,43.2
1983-03-07,12.238,36.72
1983-03-08,8.036,22.8
1983-03-09,33.637,74.84
1983-03-10,51.372,102.99
1983-03-11,11.656,58.36
1983-03-12,11.38,58.83
1983-03-13,6.231,32.05
1983-03-14,19.975,94.99
1983-03-15,22.549,77.06
1983-03-16,22.254,64.69
1983-03-17,20.578,47.85
1983-03-18,24.762,108.3
1983-03-19,7.454,33.37
1983-03-20,8.936,58.38
1983-03-21,4.717,43.24
1983-03-22,30.107,103.14
1983-03-23,41.437,113.56
1983-03-24,44.235,142.88
1983-03-25,63.862,162.31
1983-03-26,5.425,22.86
1983-03-27,10.39,56.21
1983-03-28,11.986,45.88
1983-03-29,33.455,91.77
1983-03-30,22.976,61.78
1983-03-31,25.588,80.36
1983-04-01,28.894,70.03
1983-04-02,4.127,17.04
1983-04-03,12.761,81.29
1983-04-04,6.214,17.76
1983-04-05,9.225,20.19
1983-04-06,5.256,27.0
1983-04-07,19.305,53.25
1983-04-08,4.476,26.32
1983-04-09,29.721,61.7
1983-04-10,3.094,12.68
1983-04-11,19.404,45.61
1983-04-12,18.082,48.86
1983-04-13,5.098,19.62
1983-04-14,16.297,30.82
1983-04-15,23.051,80.69
1983-04-16,19.995,58.41
1983-04-17,0.379,23.8
1983-04-18,11.426,52.72
1983-04-19,35.601,76.32
1983-04-20,20.383,75.63
1983-04-21,20.987,60.95
1983-04-22,2.26,20.37
1983-04-23,0.949,22.83
1983-04-24,7.076,35.63
1983-04-25,36.69,83.25
1983-04-26,1.474,12.33
1983-04-27,0.378,5.58
1983-04-28,7.167,24.8
1983-04-29,12.78,28.37
1983-04-30,16.923,52.53
1983-05-01,8.525,49.61
1983-05-02,22.898,94.02
1983-05-03,1.468,22.17
1983-05-04,33.706,84.43
1983-05-05,3.241,13.23
1983-05-06,2.42,18.04
1983-05-07,0.022,10.72
1983-05-08,1.143,15.06
1983-05-09,4.879,34.16
1983-05-10,28.112,61.55
1983-05-11,3.893,18.5
1983-05-12,11.914,29.59
1983-05-13,19.307,36.48
1983-05-14,6.83,33.01
1983-05-15,6.253,22.16
1983-05-16,11.957,33.42
1983-05-17,5.591,37.04
1983-05-18,2.511,17.95
1983-05-19,2.248,16.94
1983-05-20,18.731,67.06
1983-05-21,11.547,35.5
1983-05-22,3.254,16.56
1983-05-23,8.7,48.4
1983-05-24,6.752,26.97
1983-05-25,5.343,43.27
1983-05-26,7.136,32.82
1983-05-27,6.275,36.94
1983-05-28,2.659,33.45
1983-05-29,8.915,52.3
1983-05-30,1.928,25.54
1983-05-31,28.452,82.21
1983-06-01,9.62,42.0
1983-06-02,2.601,20.47
1983-06-03,9.829,41.84
1983-06-04,1.563,14.88
1983-06-05,4.601,14.65
1983-06-06,2.169,20.58
1983-06-07,0.664,7.6
1983-06-08,3.522,13.05
1983-06-09,3.484,21.84
1983-06-10,15.567,33.55
1983-06-11,1.569,21.74
1983-06-12,1.385,22.1
1983-06-13,12.745,33.91
1983-06-14,4.404,12.82
1983-06-15,2.736,11.69
1983-06-16,13.025,32.36
1983-06-17,1.586,12.85
1983-06-18,1.206,13.54
1983-06-19,0.846,13.01
1983-06-20,2.337,16.18
1983-06-21,1.392,16.5
1983-06-22,8.509,23.13
1983-06-23,1.674,9.13
1983-06-24,5.219,36.52
1983-06-25,0.471,5.87
1983-06-26,3.41,19.94
1983-06-27,2.51,11.95
1983-06-28,0.686,6.45
1983-06-29,0.877,18.49
1983-06-30,4.086,21.57
1983-07-01,2.97,13.82
1983-07-02,0.646,7.68
1983-07-03,0.408,9.1
1983-07-04,0.319,9.62
1983-07-05,4.982,44.54
1983-07-06,1.694,11.86
1983-07-07,1.672,17.86
1983-07-08,2.692,14.93
1983-07-09,1.762,7.62
1983-07-10,3.759,15.86
1983-07-11,0.476,5.44
1983-07-12,0.286,7.8
1983-07-13,1.118,9.59
1983-07-14,0.178,9.66
1983-07-15,0.65,15.9
1983-07-16,0.13,5.31
1983-07-17,0.002,0.36
1983-07-18,0.0,0.0
1983-07-19,1.143,10.2
1983-07-20,0.959,12.78
1983-07-21,0.017,3.07
1983-07-22,0.807,12.13
1983-07-23,0.46,5.99
1983-07-24,0.0,0.0
1983-07-25,0.142,4.98
1983-07-26,0.449,5.67
1983-07-27,0.369,10.71
1983-07-28,0.09,5.22
1983-07-29,0.0,0.0
1983-07-30,0.162,8.89
1983-07-31,0.233,4.61
1983-08-01,2.097,8.91
1983-08-02,2.587,23.46
1983-08-03,3.199,45.5
1983-08-04,1.237,35.16
1983-08-05,0.334,7.57
1983-08-06,0.0,0.0
1983-08-07,0.0,0.0
1983-08-08,0.332,6.35
1983-08-09,0.0,0.0
1983-08-10,0.0,0.0
1983-08-11,0.294,6.41
1983-08-12,0.152,15.89
1983-08-13,0.838,6.17
1983-08-14,0.0,0.0
1983-08-15,0.018,3.08
1983-08-16,0.0,0.0
1983-08-17,0.0,0.0
1983-08-18,0.0,0.0
1983-08-19,0.0,0.0
1983-08-20,0.071,6.32
1983-08-21,0.0,0.0
1983-08-22,0.196,7.58
1983-08-23,0.67,6.75
1983-08-24,0.0,0.0
1983-08-25,0.0,0.0
1983-08-26,0.0,0.0
1983-08-27,0.0,0.0
1983-08-28,0.0,0.0
1983-08-29,0.018,8.86
1983-08-30,0.442,22.79
1983-08-31,0.378,6.83
1983-09-01,0.351,4.56
1983-09-02,0.0,0.0
1983-09-03,0.019,3.34
1983-09-04,0.0,0.0
1983-09-05,0.0,0.0
1983-09-06,0.0,0.0
1983-09-07,5.332,37.68
1983-09-08,0.469,8.6
1983-09-09,1.331,6.78
1983-09-10,0.0,0.0
1983-09-11,0.421,2.58
1983-09-12,0.0,0.0
1983-09-13,0.448,4.76
1983-09-14,2.798,10.72
1983-09-15,0.143,4.53
1983-09-16,0.0,0.0
1983-09-17,0.0,0.0
1983-09-18,0.0,0.0
1983-09-19,0.118,4.19
1983-09-20,0.065,4.98
1983-09-21,0.486,10.68
1983-09-22,0.021,5.93
1983-09-23,0.0,0.0
1983-09-24,0.0,0.0
1983-09-25,0.0,0.0
1983-09-26,0.194,8.28
1983-09-27,0.0,0.0
1983-09-28,0.0,0.0
1983-09-29,0.0,0.0
1983-09-30,0.0,0.0
1983-10-01,0.0,0.0
1983-10-02,0.0,0.0
1983-10-03,0.0,0.0
1983-10-04,0.0,0.0
1983-10-05,0.1,4.32
1983-10-06,1.524,7.68
1983-10-07,0.016,2.87
1983-10-08,0.0,0.0
1983-10-09,0.0,0.0
1983-10-10,0.0,0.0
1983-10-11,0.029,5.36
1983-10-12,0.565,7.33
1983-10-13,0.142,17.92
1983-10-14,0.0,0.0
1983-10-15,0.876,8.52
1983-10-16,1.427,14.01
1983-10-17,1.377,13.02
1983-10-18,0.689,21.06
1983-10-19,0.137,4.38
1983-10-20,2.313,15.73
1983-10-21,0.425,8.04
1983-10-22,0.317,5.73
1983-10-23,0.059,5.42
1983-10-24,0.349,23.31
1983-10-25,0.0,0.0
1983-10-26,0.005,2.37
1983-10-27,0.0,0.0
1983-10-28,0.144,6.34
1983-10-29,0.0,0.0
1983-10-30,0.0,0.0
1983-10-31,0.015,2.53
1983-11-01,1.339,8.27
1983-11-02,0.019,9.34
1983-11-03,0.233,5.55
1983-11-04,0.0,0.0
1983-11-05,0.0,0.0
1983-11-06,0.007,3.42
1983-11-07,0.0,0.0
1983-11-08,0.006,3.06
1983-11-09,0.705,12.6
1983-11-10,0.039,5.0
1983-11-11,0.0,0.0
1983-11-12,0.0,0.0
1983-11-13,0.0,0.0
1983-11-14,0.259,7.76
1983-11-15,2.347,10.87
1983-11-16,0.391,9.65
1983-11-17,0.011,2.87
1983-11-18,0.0,0.0
1983-11-19,0.0,0.0
1983-11-20,0.0,0.0
1983-11-21,0.0,0.0
1983-11-22,0.056,8.83
1983-11-23,0.0,0.0
1983-11-24,0.2,4.13
1983-11-25,0.022,3.99
1983-11-26,0.08,3.81
1983-11-27,0.172,3.69
1983-11-28,0.136,3.22
1983-11-29,0.124,4.1
1983-11-30,0.725,12.04
1983-12-01,0.338,132.47
1983-12-02,0.0,0.0
1983-12-03,0.038,6.33
1983-12-04,0.418,10.92
1983-12-05,0.143,10.78
1983-12-06,1.24,16.58
1983-12-07,0.076,7.05
1983-12-08,0.193,6.81
1983-12-09,0.0,0.0
1983-12-10,0.342,16.81
1983-12-11,0.582,24.15
1983-12-12,0.017,8.3
1983-12-13,0.49,12.34
1983-12-14,0.071,7.13
1983-12-15,0.065,6.58
1983-12-16,0.0,0.0
1983-12-17,0.455,7.93
1983-12-18,0.056,6.09
1983-12-19,0.0,0.0
1983-12-20,0.0,0.0
1983-12-21,0.139,7.26
1983-12-22,0.0,0.0
1983-12-23,0.0,0.0
1983-12-24,0.113,5.81
1983-12-25,0.747,17.27
1983-12-26,3.316,14.94
1983-12-27,24.416,143.06
1983-12-28,1.715,19.06
1983-12-29,5.984,57.94
1983-12-30,0.777,13.6
1983-12-31,0.86,125.06
1984-01-01,5.113,23.59
1984-01-02,0.0,0.0
1984-01-03,0.317,49.21
1984-01-04,3.915,98.16
1984-01-05,3.198,111.72
1984-01-06,2.788,52.69
1984-01-07,0.266,8.24
1984-01-08,0.793,14.02
1984-01-09,2.126,37.62
1984-01-10,0.21,8.24
1984-01-11,0.028,4.55
1984-01-12,0.254,7.67
1984-01-13,0.148,11.89
1984-01-14,5.425,110.11
1984-01-15,1.052,9.57
1984-01-16,0.105,31.36
1984-01-17,2.453,71.25
1984-01-18,11.441,97.4
1984-01-19,1.285,27.3
1984-01-20,0.016,7.58
1984-01-21,5.605,89.17
1984-01-22,0.043,5.64
1984-01-23,0.147,5.64
1984-01-24,2.86,16.14
1984-01-25,3.542,53.31
1984-01-26,6.963,24.37
1984-01-27,0.351,12.6
1984-01-28,0.0,0.0
1984-01-29,0.0,0.0
1984-01-30,0.0,0.0
1984-01-31,0.521,50.28
1984-02-01,0.0,0.0
1984-02-02,10.111,63.62
1984-02-03,0.0,0.0
1984-02-04,5.377,39.7
1984-02-05,13.998,87.99
1984-02-06,0.486,50.06
1984-02-07,10.961,91.09
1984-02-08,42.234,111.59
1984-02-09,2.444,65.67
1984-02-10,0.0,0.0
1984-02-11,2.156,29.88
1984-02-12,23.595,64.03
1984-02-13,71.327,140.42
1984-02-14,2.192,47.66
1984-02-15,7.18,39.67
1984-02-16,0.0,0.0
1984-02-17,1.019,20.43
1984-02-18,4.975,52.81
1984-02-19,24.859,95.03
1984-02-20,33.148,99.24
1984-02-21,2.653,24.32
1984-02-22,11.864,35.34
1984-02-23,2.331,24.32
1984-02-24,22.886,65.39
1984-02-25,34.733,83.19
1984-02-26,14.156,36.08
1984-02-27,6.13,19.93
1984-02-28,24.331,56.17
1984-02-29,8.908,45.94
1984-03-01,0.392,21.12
1984-03-02,5.271,24.8
1984-03-03,10.911,46.98
1984-03-04,7.713,52.58
1984-03-05,27.136,80.86
1984-03-06,12.321,58.78
1984-03-07,11.464,58.78
1984-03-08,4.63,48.04
1984-03-09,13.44,60.2
1984-03-10,16.015,68.16
1984-03-11,0.38,19.06
1984-03-12,18.135,76.49
1984-03-13,19.091,73.72
1984-03-14,7.667,55.84
1984-03-15,0.298,20.56
1984-03-16,3.21,44.81
1984-03-17,11.084,89.52
1984-03-18,0.0,0.0
1984-03-19,0.119,34.25
1984-03-20,0.342,16.66
1984-03-21,2.71,16.54
1984-03-22,0.625,22.87
1984-03-23,12.556,40.49
1984-03-24,2.006,19.0
1984-03-25,2.078,22.87
1984-03-26,8.603,32.13
1984-03-27,12.964,39.43
1984-03-28,0.598,26.37
1984-03-29,24.153,78.56
1984-03-30,9.845,53.9
1984-03-31,13.269,51.96
1984-04-01,6.75,33.83
1984-04-02,7.513,34.83
1984-04-03,1.221,15.69
1984-04-04,2.37,32.51
1984-04-05,3.789,28.46
1984-04-06,5.457,25.73
1984-04-07,5.011,38.23
1984-04-08,1.328,11.5
1984-04-09,0.491,22.57
1984-04-10,6.681,38.23
1984-04-11,10.891,31.82
1984-04-12,4.526,52.16
1984-04-13,1.885,21.32
1984-04-14,15.108,67.31
1984-04-15,0.271,17.09
1984-04-16,0.02,4.09
1984-04-17,1.834,21.26
1984-04-18,0.938,11.58
1984-04-19,0.956,10.81
1984-04-20,3.812,31.88
1984-04-21,0.678,27.94
1984-04-22,7.994,44.97
1984-04-23,7.666,30.92
1984-04-24,1.79,29.58
1984-04-25,1.293,20.18
1984-04-26,6.565,22.51
1984-04-27,23.119,72.18
1984-04-28,0.808,21.69
1984-04-29,0.403,14.24
1984-04-30,9.752,43.38
1984-05-01,6.438,32.84
1984-05-02,1.595,47.49
1984-05-03,4.25,62.58
1984-05-04,7.442,49.07
1984-05-05,0.06,14.95
1984-05-06,0.585,22.49
1984-05-07,0.538,9.29
1984-05-08,1.454,26.9
1984-05-09,2.146,40.76
1984-05-10,1.239,27.92
1984-05-11,0.314,8.11
1984-05-12,0.247,8.49
1984-05-13,0.0,0.0
1984-05-14,0.92,26.96
1984-05-15,0.0,0.0
1984-05-16,0.459,24.31
1984-05-17,0.0,0.0
1984-05-18,0.214,10.23
1984-05-19,0.0,0.0
1984-05-20,0.0,0.0
1984-05-21,0.0,0.0
1984-05-22,2.145,31.22
1984-05-23,0.0,0.0
1984-05-24,0.474,6.05
1984-05-25,0.299,5.84
1984-05-26,0.112,6.81
1984-05-27,0.0,0.0
1984-05-28,0.0,0.0
1984-05-29,0.0,0.0
1984-05-30,0.666,5.33
1984-05-31,0.19,33.07
1984-06-01,12.885,45.66
1984-06-02,0.0,0.0
1984-06-03,0.217,13.89
1984-06-04,0.0,0.0
1984-06-05,0.0,0.0
1984-06-06,0.0,0.0
1984-06-07,0.114,5.36
1984-06-08,0.0,0.0
1984-06-09,0.0,0.0
1984-06-10,0.14,12.04
1984-06-11,0.0,0.0
1984-06-12,0.084,4.91
1984-06-13,0.036,3.62
1984-06-14,2.647,30.28
1984-06-15,1.07,37.79
1984-06-16,0.0,0.0
1984-06-17,0.867,19.11
1984-06-18,0.0,0.0
1984-06-19,0.051,7.36
1984-06-20,0.346,7.12
1984-06-21,0.329,10.34
1984-06-22,0.0,0.0
1984-06-23,0.0,0.0
1984-06-24,0.0,0.0
1984-06-25,0.309,5.36
1984-06-26,0.049,12.37
1984-06-27,0.008,3.74
1984-06-28,0.254,6.25
1984-06-29,0.0,0.0
1984-06-30,0.0,0.0
1984-07-01,0.514,7.13
1984-07-02,0.25,6.4
1984-07-03,0.028,2.81
1984-07-04,0.5,6.49
1984-07-05,1.029,14.51
1984-07-06,0.0,0.0
1984-07-07,0.943,14.84
1984-07-08,0.947,17.08
1984-07-09,0.294,9.58
1984-07-10,0.0,0.0
1984-07-11,0.0,0.0
1984-07-12,0.008,3.78
1984-07-13,0.0,0.0
1984-07-14,0.215,6.37
1984-07-15,0.0,0.0
1984-07-16,0.028,5.13
1984-07-17,0.0,0.0
1984-07-18,0.0,0.0
1984-07-19,0.0,0.0
1984-07-20,0.0,0.0
1984-07-21,0.0,0.0
1984-07-22,0.0,0.0
1984-07-23,0.0,0.0
1984-07-24,0.0,0.0
1984-07-25,0.0,0.0
1984-07-26,0.0,0.0
1984-07-27,0.0,0.0
1984-07-28,0.0,0.0
1984-07-29,0.0,0.0
1984-07-30,0.0,0.0
1984-07-31,0.0,0.0
1984-08-01,0.0,0.0
1984-08-02,0.0,0.0
1984-08-03,0.016,3.05
1984-08-04,0.245,5.82
1984-08-05,0.266,5.71
1984-08-06,0.0,0.0
1984-08-07,0.0,0.0
1984-08-08,0.0,0.0
1984-08-09,0.0,0.0
1984-08-10,0.0,0.0
1984-08-11,0.102,5.75
1984-08-12,0.0,0.0
1984-08-13,0.005,2.34
1984-08-14,0.0,0.0
1984-08-15,0.742,9.61
1984-08-16,0.0,0.0
1984-08-17,0.0,0.0
1984-08-18,0.178,6.65
1984-08-19,0.0,0.0
1984-08-20,0.0,0.0
1984-08-21,0.111,4.78
1984-08-22,0.31,4.78
1984-08-23,0.087,6.1
1984-08-24,0.564,8.12
1984-08-25,0.127,3.9
1984-08-26,0.008,3.82
1984-08-27,0.092,4.12
1984-08-28,0.062,3.38
1984-08-29,0.0,0.0
1984-08-30,0.249,3.92
1984-08-31,0.0,0.0
1984-09-01,0.0,0.0
1984-09-02,0.0,0.0
1984-09-03,0.014,3.55
1984-09-04,0.0,0.0
1984-09-05,0.0,0.0
1984-09-06,0.0,0.0
1984-09-07,0.0,0.0
1984-09-08,0.0,0.0
1984-09-09,0.256,13.15
1984-09-10,0.69,12.25
1984-09-11,0.014,3.7
1984-09-12,0.0,0.0
1984-09-13,0.0,0.0
1984-09-14,0.031,3.79
1984-09-15,0.0,0.0
1984-09-16,0.0,0.0
1984-09-17,0.119,11.64
1984-09-18,0.039,2.4
1984-09-19,0.2,7.19
1984-09-20,2.291,11.18
1984-09-21,0.979,6.83
1984-09-22,0.184,3.23
1984-09-23,1.454,17.64
1984-09-24,0.209,11.24
1984-09-25,0.0,0.0
1984-09-26,0.0,0.0
1984-09-27,0.733,7.81
1984-09-28,0.0,0.0
1984-09-29,0.0,0.0
1984-09-30,0.213,5.59
1984-10-01,0.0,0.0
1984-10-02,0.0,0.0
1984-10-03,0.0,0.0
1984-10-04,0.071,6.33
1984-10-05,1.084,15.83
1984-10-06,0.076,8.48
1984-10-07,0.0,0.0
1984-10-08,0.0,0.0
1984-10-09,0.007,3.67
1984-10-10,0.0,0.0
1984-10-11,0.0,0.0
1984-10-12,0.0,0.0
1984-10-13,0.0,0.0
1984-10-14,0.225,8.02
1984-10-15,0.061,6.72
1984-10-16,1.546,22.14
1984-10-17,2.452,35.24
1984-10-18,0.278,17.62
1984-10-19,2.507,14.55
1984-10-20,0.454,19.49
1984-10-21,0.316,7.33
1984-10-22,0.0,0.0
1984-10-23,0.047,4.08
1984-10-24,0.243,7.98
1984-10-25,0.0,0.0
1984-10-26,0.025,6.61
1984-10-27,0.397,6.1
1984-10-28,0.574,9.16
1984-10-29,0.0,0.0
1984-10-30,0.0,0.0
1984-10-31,0.0,0.0
1984-11-01,0.137,12.24
1984-11-02,0.066,4.92
1984-11-03,0.0,0.0
1984-11-04,0.0,0.0
1984-11-05,0.517,11.91
1984-11-06,0.0,0.0
1984-11-07,0.133,6.02
1984-11-08,0.0,0.0
1984-11-09,0.0,0.0
1984-11-10,0.0,0.0
1984-11-11,3.939,10.63
1984-11-12,0.456,4.3
1984-11-13,1.603,8.45
1984-11-14,1.912,8.97
1984-11-15,0.117,3.84
1984-11-16,0.0,0.0
1984-11-17,0.0,0.0
1984-11-18,0.0,0.0
1984-11-19,0.0,0.0
1984-11-20,0.0,0.0
1984-11-21,0.0,0.0
1984-11-22,0.0,0.0
1984-11-23,0.0,0.0
1984-11-24,0.0,0.0
1984-11-25,0.18,10.52
1984-11-26,0.078,1.4
1984-11-27,0.753,6.78
1984-11-28,0.678,6.3
1984-11-29,1.073,4.82
1984-11-30,2.681,14.36
1984-12-01,1.263,12.47
1984-12-02,0.747,7.76
1984-12-03,0.024,5.81
1984-12-04,0.0,0.0
1984-12-05,0.755,8.44
1984-12-06,1.011,9.24
1984-12-07,0.267,10.47
1984-12-08,0.0,0.0
1984-12-09,0.0,0.0
1984-12-10,0.104,6.98
1984-12-11,0.0,0.0
1984-12-12,0.0,0.0
1984-12-13,0.0,0.0
1984-12-14,1.059,11.94
1984-12-15,0.212,9.32
1984-12-16,3.034,17.26
1984-12-17,0.036,6.8
1984-12-18,0.452,8.56
1984-12-19,3.511,65.1
1984-12-20,1.205,14.26
1984-12-21,0.0,0.0
1984-12-22,3.061,50.33
1984-12-23,0.893,6.92
1984-12-24,7.53,61.51
1984-12-25,1.973,49.75
1984-12-26,8.339,23.65
1984-12-27,0.314,7.01
1984-12-28,0.228,6.33
1984-12-29,0.0,0.0
1984-12-30,0.0,0.0
1984-12-31,0.14,8.09
1985-01-01,2.813,39.79
1985-01-02,1.447,34.79
1985-01-03,2.589,51.6
1985-01-04,2.713,60.71
1985-01-05,18.624,48.18
1985-01-06,0.221,13.82
1985-01-07,0.099,10.69
1985-01-08,7.368,77.82
1985-01-09,0.0,0.0
1985-01-10,0.0,0.0
1985-01-11,0.055,9.65
1985-01-12,0.072,7.46
1985-01-13,22.654,73.76
1985-01-14,24.701,151.45
1985-01-15,0.219,33.15
1985-01-16,0.01,4.79
1985-01-17,0.0,0.0
1985-01-18,0.182,14.38
1985-01-19,0.0,0.0
1985-01-20,0.0,0.0
1985-01-21,12.731,100.84
1985-01-22,2.372,74.36
1985-01-23,2.329,36.62
1985-01-24,0.102,12.74
1985-01-25,0.241,35.04
1985-01-26,0.0,0.0
1985-01-27,0.0,0.0
1985-01-28,0.0,0.0
1985-01-29,1.262,52.96
1985-01-30,0.0,0.0
1985-01-31,0.253,15.72
1985-02-01,10.341,25.35
1985-02-02,0.917,34.54
1985-02-03,0.188,7.99
1985-02-04,0.231,7.99
1985-02-05,0.113,7.99
1985-02-06,0.0,0.0
1985-02-07,0.222,7.14
1985-02-08,0.007,3.63
1985-02-09,6.025,41.16
1985-02-10,2.262,18.09
1985-02-11,0.416,10.44
1985-02-12,2.187,21.08
1985-02-13,0.561,8.52
1985-02-14,4.745,24.08
1985-02-15,4.367,101.15
1985-02-16,3.953,93.75
1985-02-17,1.29,12.29
1985-02-18,1.819,11.8
1985-02-19,2.734,15.06
1985-02-20,2.988,12.69
1985-02-21,6.47,27.71
1985-02-22,4.213,129.42
1985-02-23,0.118,7.51
1985-02-24,3.049,17.89
1985-02-25,29.257,160.49
1985-02-26,4.715,10.6
1985-02-27,0.309,7.79
1985-02-28,0.0,0.0
1985-03-01,0.212,6.63
1985-03-02,0.183,5.01
1985-03-03,7.262,25.28
1985-03-04,10.921,37.55
1985-03-05,18.044,51.2
1985-03-06,1.035,37.95
1985-03-07,0.284,13.16
1985-03-08,0.298,26.53
1985-03-09,0.0,0.0
1985-03-10,16.706,128.64
1985-03-11,8.067,91.59
1985-03-12,6.371,89.93
1985-03-13,7.388,88.19
1985-03-14,25.739,123.09
1985-03-15,0.147,71.66
1985-03-16,0.043,10.59
1985-03-17,0.101,6.75
1985-03-18,0.0,0.0
1985-03-19,0.0,0.0
1985-03-20,2.928,77.05
1985-03-21,0.529,31.49
1985-03-22,0.0,0.0
1985-03-23,0.0,0.0
1985-03-24,0.0,0.0
1985-03-25,0.0,0.0
1985-03-26,0.0,0.0
1985-03-27,0.0,0.0
1985-03-28,0.0,0.0
1985-03-29,0.0,0.0
1985-03-30,0.0,0.0
1985-03-31,17.51,58.38
1985-04-01,8.014,41.57
1985-04-02,9.85,70.31
1985-04-03,0.222,41.57
1985-04-04,1.54,60.52
1985-04-05,0.851,10.27
1985-04-06,2.805,19.41
1985-04-07,0.009,4.2
1985-04-08,5.571,60.5
1985-04-09,0.651,33.42
1985-04-10,0.015,4.84
1985-04-11,0.016,4.21
1985-04-12,1.76,62.58
1985-04-13,0.318,8.03
1985-04-14,0.724,7.13
1985-04-15,1.624,7.68
1985-04-16,0.263,6.58
1985-04-17,0.889,6.67
1985-04-18,0.082,5.94
1985-04-19,0.078,8.01
1985-04-20,2.02,83.07
1985-04-21,0.282,8.11
1985-04-22,0.069,6.9
1985-04-23,3.356,72.66
1985-04-24,7.004,107.26
1985-04-25,0.37,57.48
1985-04-26,1.673,15.6
1985-04-27,1.453,9.7
1985-04-28,0.0,0.0
1985-04-29,0.0,0.0
1985-04-30,0.0,0.0
1985-05-01,0.0,0.0
1985-05-02,0.759,8.41
1985-05-03,0.014,6.62
1985-05-04,0.02,5.51
1985-05-05,0.073,9.53
1985-05-06,0.0,0.0
1985-05-07,0.0,0.0
1985-05-08,0.113,6.25
1985-05-09,0.0,0.0
1985-05-10,2.769,15.19
1985-05-11,7.092,51.9
1985-05-12,0.0,0.0
1985-05-13,0.019,4.85
1985-05-14,0.0,0.0
1985-05-15,0.225,6.29
1985-05-16,11.237,71.71
1985-05-17,0.0,0.0
1985-05-18,0.338,14.19
1985-05-19,0.144,11.13
1985-05-20,0.0,0.0
1985-05-21,0.067,9.0
1985-05-22,0.0,0.0
1985-05-23,0.018,4.42
1985-05-24,1.288,6.74
1985-05-25,0.0,0.0
1985-05-26,0.0,0.0
1985-05-27,0.0,0.0
1985-05-28,1.172,8.15
1985-05-29,1.072,8.46
1985-05-30,0.0,0.0
1985-05-31,0.222,8.0
1985-06-01,0.0,0.0
1985-06-02,2.013,8.93
1985-06-03,3.212,6.98
1985-06-04,0.418,6.78
1985-06-05,0.0,0.0
1985-06-06,0.495,5.9
1985-06-07,0.0,0.0
1985-06-08,0.314,6.48
1985-06-09,0.427,7.58
1985-06-10,0.0,0.0
1985-06-11,0.0,0.0
1985-06-12,0.0,0.0
1985-06-13,0.146,5.72
1985-06-14,0.0,0.0
1985-06-15,0.0,0.0
1985-06-16,0.0,0.0
1985-06-17,0.0,0.0
1985-06-18,0.568,7.81
1985-06-19,0.207,5.3
1985-06-20,0.0,0.0
1985-06-21,0.0,0.0
1985-06-22,0.043,20.94
1985-06-23,0.0,0.0
1985-06-24,0.0,0.0
1985-06-25,1.542,6.18
1985-06-26,0.0,0.0
1985-06-27,0.251,5.92
1985-06-28,0.03,5.13
1985-06-29,0.01,1.01
1985-06-30,0.27,5.74
1985-07-01,0.315,5.87
1985-07-02,0.835,12.32
1985-07-03,0.291,15.3
1985-07-04,0.083,3.17
1985-07-05,0.005,2.63
1985-07-06,0.03,3.27
1985-07-07,0.236,5.81
1985-07-08,0.0,0.0
1985-07-09,0.233,6.42
1985-07-10,0.0,0.0
1985-07-11,0.252,6.35
1985-07-12,0.0,0.0
1985-07-13,0.0,0.0
1985-07-14,0.0,0.0
1985-07-15,0.0,0.0
1985-07-16,0.0,0.0
1985-07-17,0.0,0.0
1985-07-18,0.02,2.34
1985-07-19,0.0,0.0
1985-07-20,0.0,0.0
1985-07-21,0.008,4.14
1985-07-22,0.0,0.0
1985-07-23,0.0,0.0
1985-07-24,0.027,2.64
1985-07-25,0.0,0.0
1985-07-26,0.0,0.0
1985-07-27,0.0,0.0
1985-07-28,0.0,0.0
1985-07-29,0.213,7.6
1985-07-30,0.0,0.0
1985-07-31,0.454,8.64
1985-08-01,0.392,8.1
1985-08-02,0.0,0.0
1985-08-03,0.083,4.67
1985-08-04,0.0,0.0
1985-08-05,0.052,1.96
1985-08-06,0.0,0.0
1985-08-07,0.089,4.31
1985-08-08,0.458,8.82
1985-08-09,1.167,11.83
1985-08-10,0.0,0.0
1985-08-11,0.0,0.0
1985-08-12,0.022,5.95
1985-08-13,0.0,0.0
1985-08-14,0.0,0.0
1985-08-15,0.0,0.0
1985-08-16,0.0,0.0
1985-08-17,0.015,3.28
1985-08-18,0.0,0.0
1985-08-19,0.0,0.0
1985-08-20,0.097,6.03
1985-08-21,0.129,3.38
1985-08-22,0.605,7.51
1985-08-23,0.004,1.95
1985-08-24,0.063,2.71
1985-08-25,0.3,7.18
1985-08-26,0.0,0.0
1985-08-27,0.0,0.0
1985-08-28,0.0,0.0
1985-08-29,0.128,8.07
1985-08-30,0.335,5.0
1985-08-31,0.31,4.33
1985-09-01,0.0,0.0
1985-09-02,0.006,3.04
1985-09-03,0.0,0.0
1985-09-04,0.011,3.09
1985-09-05,0.023,3.09
1985-09-06,0.0,0.0
1985-09-07,0.0,0.0
1985-09-08,0.0,0.0
1985-09-09,0.0,0.0
1985-09-10,0.05,4.84
1985-09-11,0.033,2.17
1985-09-12,0.0,0.0
1985-09-13,0.598,10.5
1985-09-14,0.844,12.35
1985-09-15,5.544,20.67
1985-09-16,0.0,0.0
1985-09-17,0.015,3.91
1985-09-18,0.016,2.84
1985-09-19,0.0,0.0
1985-09-20,0.082,4.18
1985-09-21,0.101,4.07
1985-09-22,0.033,4.87
1985-09-23,0.016,2.89
1985-09-24,0.0,0.0
1985-09-25,1.248,12.95
1985-09-26,0.013,3.51
1985-09-27,0.051,4.34
1985-09-28,0.0,0.0
1985-09-29,0.0,0.0
1985-09-30,1.306,17.34
1985-10-01,0.0,0.0
1985-10-02,0.005,1.42
1985-10-03,0.006,2.77
1985-10-04,0.0,0.0
1985-10-05,0.525,16.37
1985-10-06,0.63,6.38
1985-10-07,0.0,0.0
1985-10-08,0.0,0.0
1985-10-09,0.034,3.5
1985-10-10,0.034,8.27
1985-10-11,0.075,3.33
1985-10-12,0.0,0.0
1985-10-13,0.0,0.0
1985-10-14,0.408,5.29
1985-10-15,0.0,0.0
1985-10-16,0.0,0.0
1985-10-17,0.0,0.0
1985-10-18,0.007,1.35
1985-10-19,0.0,0.0
1985-10-20,0.384,6.13
1985-10-21,1.38,14.83
1985-10-22,0.0,0.0
1985-10-23,0.0,0.0
1985-10-24,0.544,7.81
1985-10-25,0.296,7.14
1985-10-26,0.929,8.48
1985-10-27,0.374,4.36
1985-10-28,0.388,6.5
1985-10-29,0.754,12.68
1985-10-30,0.036,3.48
1985-10-31,0.101,4.63
1985-11-01,0.082,4.62
1985-11-02,0.0,0.0
1985-11-03,0.0,0.0
1985-11-04,0.0,0.0
1985-11-05,0.22,5.54
1985-11-06,0.0,0.0
1985-11-07,0.955,7.89
1985-11-08,0.0,0.0
1985-11-09,0.0,0.0
1985-11-10,1.795,10.32
1985-11-11,0.27,5.98
1985-11-12,0.448,6.94
1985-11-13,0.0,0.0
1985-11-14,1.002,6.42
1985-11-15,0.488,4.57
1985-11-16,0.162,2.98
1985-11-17,0.0,0.0
1985-11-18,0.0,0.0
1985-11-19,0.0,0.0
1985-11-20,0.067,5.15
1985-11-21,0.0,0.0
1985-11-22,1.518,14.04
1985-11-23,0.0,0.0
1985-11-24,0.425,5.59
1985-11-25,0.067,2.95
1985-11-26,0.199,5.81
1985-11-27,0.112,5.0
1985-11-28,0.0,0.0
1985-11-29,0.066,2.75
1985-11-30,0.893,5.91
1985-12-01,0.0,0.0
1985-12-02,2.866,11.82
1985-12-03,0.017,8.29
1985-12-04,0.0,0.0
1985-12-05,0.0,0.0
1985-12-06,0.0,0.0
1985-12-07,1.687,32.15
1985-12-08,0.0,0.0
1985-12-09,0.53,8.95
1985-12-10,0.0,0.0
1985-12-11,0.301,14.73
1985-12-12,0.869,32.97
1985-12-13,1.189,23.85
1985-12-14,2.247,27.37
1985-12-15,0.721,11.12
1985-12-16,2.262,43.08
1985-12-17,1.132,41.87
1985-12-18,0.844,29.47
1985-12-19,0.332,9.22
1985-12-20,2.744,17.49
1985-12-21,1.594,103.08
1985-12-22,1.075,36.51
1985-12-23,0.0,0.0
1985-12-24,1.033,16.89
1985-12-25,2.402,107.29
1985-12-26,5.84,20.91
1985-12-27,0.043,7.27
1985-12-28,0.0,0.0
1985-12-29,3.11,59.43
1985-12-30,0.08,6.35
1985-12-31,0.0,0.0
1986-01-01,0.0,0.0
1986-01-02,0.0,0.0
1986-01-03,0.0,0.0
1986-01-04,32.607,142.99
1986-01-05,4.801,105.47
1986-01-06,56.979,142.0
1986-01-07,6.996,76.45
1986-01-08,0.0,0.0
1986-01-09,0.0,0.0
1986-01-10,0.0,0.0
1986-01-11,0.0,0.0
1986-01-12,0.0,0.0
1986-01-13,0.0,0.0
1986-01-14,0.0,0.0
1986-01-15,37.226,119.42
1986-01-16,19.645,215.91
1986-01-17,25.258,134.33
1986-01-18,0.0,0.0
1986-01-19,0.379,112.23
1986-01-20,0.0,0.0
1986-01-21,0.0,0.0
1986-01-22,1.539,64.44
1986-01-23,0.0,0.0
1986-01-24,19.567,199.57
1986-01-25,54.183,255.71
1986-01-26,54.387,164.31
1986-01-27,16.527,58.02
1986-01-28,0.143,24.9
1986-01-29,16.05,76.05
1986-01-30,0.0,0.0
1986-01-31,0.0,0.0
1986-02-01,0.319,10.98
1986-02-02,3.304,58.3
1986-02-03,0.426,52.34
1986-02-04,19.324,126.67
1986-02-05,17.036,103.54
1986-02-06,13.21,76.28
1986-02-07,0.924,28.09
1986-02-08,0.288,39.34
1986-02-09,0.0,0.0
1986-02-10,0.0,0.0
1986-02-11,0.0,0.0
1986-02-12,0.101,5.72
1986-02-13,1.896,26.62
1986-02-14,0.194,9.75
1986-02-15,18.201,59.82
1986-02-16,20.565,62.57
1986-02-17,6.44,19.87
1986-02-18,1.971,13.97
1986-02-19,0.0,0.0
1986-02-20,0.0,0.0
1986-02-21,0.0,0.0
1986-02-22,2.062,70.5
1986-02-23,19.661,78.08
1986-02-24,3.322,56.29
1986-02-25,0.599,29.07
1986-02-26,2.035,24.42
1986-02-27,0.187,19.3
1986-02-28,1.034,26.27
1986-03-01,12.073,61.75
1986-03-02,0.695,14.86
1986-03-03,2.304,25.8
1986-03-04,29.989,74.75
1986-03-05,1.311,14.57
1986-03-06,2.717,23.87
1986-03-07,12.546,33.49
1986-03-08,10.969,31.34
1986-03-09,14.334,38.2
1986-03-10,3.289,28.89
1986-03-11,0.237,9.43
1986-03-12,2.331,15.81
1986-03-13,31.286,60.43
1986-03-14,0.377,9.83
1986-03-15,1.363,19.55
1986-03-16,3.817,35.01
1986-03-17,0.069,12.1
1986-03-18,4.987,28.53
1986-03-19,0.0,0.0
1986-03-20,0.0,0.0
1986-03-21,0.0,0.0
1986-03-22,1.437,44.48
1986-03-23,0.357,24.55
1986-03-24,4.287,85.13
1986-03-25,0.0,0.0
1986-03-26,0.036,8.93
1986-03-27,0.0,0.0
1986-03-28,0.0,0.0
1986-03-29,0.0,0.0
1986-03-30,0.0,0.0
1986-03-31,0.0,0.0
1986-04-01,0.0,0.0
1986-04-02,2.607,54.99
1986-04-03,0.0,0.0
1986-04-04,1.244,76.79
1986-04-05,0.018,4.62
1986-04-06,13.514,69.68
1986-04-07,6.105,49.44
1986-04-08,2.906,44.27
1986-04-09,6.301,71.78
1986-04-10,0.0,0.0
1986-04-11,0.07,17.53
1986-04-12,0.0,0.0
1986-04-13,0.0,0.0
1986-04-14,0.459,66.92
1986-04-15,0.0,0.0
1986-04-16,4.701,64.68
1986-04-17,2.992,54.05
1986-04-18,33.356,99.42
1986-04-19,3.537,42.89
1986-04-20,15.763,80.76
1986-04-21,3.394,44.3
1986-04-22,45.2,126.11
1986-04-23,4.869,36.5
1986-04-24,1.107,24.79
1986-04-25,0.0,0.0
1986-04-26,1.459,31.23
1986-04-27,1.119,30.42
1986-04-28,0.0,0.0
1986-04-29,0.0,0.0
1986-04-30,0.0,0.0
1986-05-01,2.25,17.4
1986-05-02,0.0,0.0
1986-05-03,0.108,5.73
1986-05-04,0.377,8.17
1986-05-05,0.192,10.94
1986-05-06,0.0,0.0
1986-05-07,0.058,3.55
1986-05-08,0.0,0.0
1986-05-09,0.0,0.0
1986-05-10,0.0,0.0
1986-05-11,0.0,0.0
1986-05-12,0.392,6.2
1986-05-13,0.007,2.38
1986-05-14,0.0,0.0
1986-05-15,0.0,0.0
1986-05-16,0.0,0.0
1986-05-17,0.0,0.0
1986-05-18,0.0,0.0
1986-05-19,0.0,0.0
1986-05-20,0.395,5.52
1986-05-21,0.0,0.0
1986-05-22,1.751,31.54
1986-05-23,0.243,6.12
1986-05-24,0.0,0.0
1986-05-25,0.047,5.43
1986-05-26,7.589,72.47
1986-05-27,0.07,9.53
1986-05-28,1.393,8.11
1986-05-29,2.571,15.77
1986-05-30,3.153,59.39
1986-05-31,0.037,6.67
1986-06-01,0.603,12.29
1986-06-02,0.775,10.93
1986-06-03,0.0,0.0
1986-06-04,0.022,2.94
1986-06-05,0.0,0.0
1986-06-06,0.0,0.0
1986-06-07,0.0,0.0
1986-06-08,0.44,6.38
1986-06-09,0.0,0.0
1986-06-10,0.0,0.0
1986-06-11,0.0,0.0
1986-06-12,0.014,3.34
1986-06-13,0.0,0.0
1986-06-14,0.0,0.0
1986-06-15,0.704,4.76
1986-06-16,0.398,4.0
1986-06-17,0.156,6.41
1986-06-18,0.62,7.36
1986-06-19,0.275,4.05
1986-06-20,0.02,1.21
1986-06-21,0.584,6.61
1986-06-22,0.065,3.69
1986-06-23,0.0,0.0
1986-06-24,0.774,8.07
1986-06-25,1.044,6.11
1986-06-26,0.232,3.86
1986-06-27,0.619,4.86
1986-06-28,0.028,3.85
1986-06-29,0.94,5.38
1986-06-30,0.0,0.0
1986-07-01,0.421,8.71
1986-07-02,0.0,0.0
1986-07-03,0.077,4.59
1986-07-04,0.017,4.39
1986-07-05,0.103,4.87
1986-07-06,0.0,0.0
1986-07-07,0.0,0.0
1986-07-08,0.0,0.0
1986-07-09,0.04,4.44
1986-07-10,1.208,15.68
1986-07-11,0.0,0.0
1986-07-12,0.0,0.0
1986-07-13,0.0,0.0
1986-07-14,0.0,0.0
1986-07-15,0.245,4.52
1986-07-16,0.061,3.58
1986-07-17,0.0,0.0
1986-07-18,0.0,0.0
1986-07-19,0.051,5.95
1986-07-20,0.051,5.95
1986-07-21,0.128,4.99
1986-07-22,0.0,0.0
1986-07-23,0.0,0.0
1986-07-24,0.0,0.0
1986-07-25,0.0,0.0
1986-07-26,0.0,0.0
1986-07-27,0.0,0.0
1986-07-28,0.0,0.0
1986-07-29,0.0,0.0
1986-07-30,0.12,5.34
1986-07-31,0.198,5.34
1986-08-01,0.0,0.0
1986-08-02,0.0,0.0
1986-08-03,0.0,0.0
1986-08-04,0.212,6.34
1986-08-05,0.0,0.0
1986-08-06,0.0,0.0
1986-08-07,0.0,0.0
1986-08-08,0.0,0.0
1986-08-09,0.0,0.0
1986-08-10,0.24,6.43
1986-08-11,0.0,0.0
1986-08-12,0.0,0.0
1986-08-13,0.026,6.83
1986-08-14,0.208,7.2
1986-08-15,0.215,5.71
1986-08-16,0.491,4.74
1986-08-17,0.285,7.54
1986-08-18,0.0,0.0
1986-08-19,0.0,0.0
1986-08-20,0.0,0.0
1986-08-21,0.0,0.0
1986-08-22,0.194,4.29
1986-08-23,0.118,4.44
1986-08-24,0.24,7.19
1986-08-25,0.0,0.0
1986-08-26,0.842,7.31
1986-08-27,0.088,14.83
1986-08-28,0.0,0.0
1986-08-29,0.0,0.0
1986-08-30,0.101,5.09
1986-08-31,0.459,11.22
1986-09-01,0.233,10.53
1986-09-02,0.473,5.05
1986-09-03,3.261,23.89
1986-09-04,0.112,5.97
1986-09-05,0.0,0.0
1986-09-06,0.873,4.95
1986-09-07,0.0,0.0
1986-09-08,0.0,0.0
1986-09-09,0.0,0.0
1986-09-10,0.0,0.0
1986-09-11,0.0,0.0
1986-09-12,0.0,0.0
1986-09-13,0.0,0.0
1986-09-14,0.0,0.0
1986-09-15,0.0,0.0
1986-09-16,0.0,0.0
1986-09-17,0.363,4.35
1986-09-18,0.0,0.0
1986-09-19,0.0,0.0
1986-09-20,0.0,0.0
1986-09-21,0.0,0.0
1986-09-22,0.0,0.0
1986-09-23,0.11,3.7
1986-09-24,0.0,0.0
1986-09-25,0.0,0.0
1986-09-26,0.0,0.0
1986-09-27,0.0,0.0
1986-09-28,0.0,0.0
1986-09-29,1.638,16.95
1986-09-30,0.096,6.43
1986-10-01,0.035,8.98
1986-10-02,0.0,0.0
1986-10-03,0.01,5.13
1986-10-04,0.601,17.54
1986-10-05,0.343,6.88
1986-10-06,0.0,0.0
1986-10-07,0.0,0.0
1986-10-08,0.0,0.0
1986-10-09,0.0,0.0
1986-10-10,0.862,6.85
1986-10-11,0.024,7.71
1986-10-12,0.669,18.53
1986-10-13,0.62,17.79
1986-10-14,0.0,0.0
1986-10-15,0.497,7.31
1986-10-16,0.953,7.02
1986-10-17,0.011,5.52
1986-10-18,0.0,0.0
1986-10-19,0.328,9.87
1986-10-20,0.821,14.64
1986-10-21,0.0,0.0
1986-10-22,0.503,8.6
1986-10-23,0.49,7.51
1986-10-24,0.308,6.26
1986-10-25,0.009,4.19
1986-10-26,0.554,20.36
1986-10-27,0.024,6.01
1986-10-28,0.327,8.78
1986-10-29,0.192,5.14
1986-10-30,2.404,7.14
1986-10-31,0.0,0.0
1986-11-01,0.0,0.0
1986-11-02,0.0,0.0
1986-11-03,0.0,0.0
1986-11-04,0.02,3.46
1986-11-05,0.0,0.0
1986-11-06,0.0,0.0
1986-11-07,0.44,13.74
1986-11-08,0.0,0.0
1986-11-09,0.868,6.69
1986-11-10,0.649,9.27
1986-11-11,0.0,0.0
1986-11-12,0.0,0.0
1986-11-13,0.0,0.0
1986-11-14,0.64,5.06
1986-11-15,0.0,0.0
1986-11-16,0.0,0.0
1986-11-17,0.671,3.74
1986-11-18,0.585,5.76
1986-11-19,0.0,0.0
1986-11-20,0.618,8.68
1986-11-21,0.074,5.6
1986-11-22,1.987,8.96
1986-11-23,0.292,6.68
1986-11-24,0.0,0.0
1986-11-25,0.148,3.87
1986-11-26,0.076,2.64
1986-11-27,0.0,0.0
1986-11-28,0.0,0.0
1986-11-29,0.0,0.0
1986-11-30,0.148,4.93
1986-12-01,0.0,0.0
1986-12-02,0.0,0.0
1986-12-03,0.808,20.19
1986-12-04,0.024,6.39
1986-12-05,0.493,17.31
1986-12-06,0.0,0.0
1986-12-07,0.0,0.0
1986-12-08,0.263,7.03
1986-12-09,0.0,0.0
1986-12-10,0.191,11.68
1986-12-11,0.0,0.0
1986-12-12,0.0,0.0
1986-12-13,0.29,13.69
1986-12-14,2.901,73.83
1986-12-15,0.934,27.9
1986-12-16,0.05,7.08
1986-12-17,0.0,0.0
1986-12-18,0.099,7.64
1986-12-19,0.0,0.0
1986-12-20,0.0,0.0
1986-12-21,0.0,0.0
1986-12-22,0.023,5.63
1986-12-23,4.518,43.1
1986-12-24,1.71,10.53
1986-12-25,0.622,87.63
1986-12-26,1.626,15.09
1986-12-27,3.34,97.12
1986-12-28,10.348,86.56
1986-12-29,0.0,0.0
1986-12-30,0.2,97.82
1986-12-31,0.14,6.1
1987-01-01,0.0,0.0
1987-01-02,5.015,79.05
1987-01-03,9.731,174.62
1987-01-04,0.0,0.0
1987-01-05,30.619,135.86
1987-01-06,0.717,28.07
1987-01-07,4.945,42.44
1987-01-08,53.527,119.14
1987-01-09,14.501,85.71
1987-01-10,4.434,48.74
1987-01-11,5.04,23.66
1987-01-12,1.387,8.67
1987-01-13,4.01,12.99
1987-01-14,4.182,19.17
1987-01-15,6.683,36.07
1987-01-16,0.0,0.0
1987-01-17,0.0,0.0
1987-01-18,0.0,0.0
1987-01-19,4.253,50.78
1987-01-20,75.528,156.88
1987-01-21,9.316,63.09
1987-01-22,15.863,76.1
1987-01-23,28.836,124.71
1987-01-24,4.265,66.26
1987-01-25,0.033,16.06
1987-01-26,3.634,79.92
1987-01-27,7.785,167.27
1987-01-28,2.809,79.38
1987-01-29,6.056,127.75
1987-01-30,0.0,0.0
1987-01-31,1.806,86.31
1987-02-01,6.871,80.97
1987-02-02,0.0,0.0
1987-02-03,0.0,0.0
1987-02-04,18.521,110.16
1987-02-05,14.444,93.14
1987-02-06,37.928,97.63
1987-02-07,54.59,110.7
1987-02-08,12.407,84.35
1987-02-09,23.692,90.52
1987-02-10,26.434,74.96
1987-02-11,11.51,56.21
1987-02-12,50.568,99.47
1987-02-13,13.332,35.53
1987-02-14,41.178,71.05
1987-02-15,3.55,38.66
1987-02-16,18.985,66.78
1987-02-17,43.923,90.74
1987-02-18,5.565,35.34
1987-02-19,7.886,52.68
1987-02-20,9.844,59.77
1987-02-21,10.28,28.91
1987-02-22,21.092,61.13
1987-02-23,15.397,67.38
1987-02-24,9.307,34.83
1987-02-25,3.555,22.7
1987-02-26,0.034,16.63
1987-02-27,8.527,71.35
1987-02-28,26.909,58.18
1987-03-01,44.227,134.35
1987-03-02,20.638,53.74
1987-03-03,31.403,80.27
1987-03-04,11.494,43.16
1987-03-05,50.046,101.69
1987-03-06,11.954,31.99
1987-03-07,3.089,20.69
1987-03-08,16.811,49.19
1987-03-09,11.123,38.65
1987-03-10,15.219,36.35
1987-03-11,34.966,81.2
1987-03-12,2.624,28.2
1987-03-13,17.646,42.46
1987-03-14,12.212,35.27
1987-03-15,25.262,85.65
1987-03-16,12.847,34.63
1987-03-17,11.098,38.87
1987-03-18,2.822,31.22
1987-03-19,8.871,39.47
1987-03-20,2.034,29.22
1987-03-21,9.614,57.24
1987-03-22,0.679,21.17
1987-03-23,20.21,59.71
1987-03-24,7.889,43.95
1987-03-25,49.192,111.27
1987-03-26,19.538,92.06
1987-03-27,21.181,61.74
1987-03-28,14.08,40.16
1987-03-29,10.208,26.65
1987-03-30,4.937,28.39
1987-03-31,4.545,19.32
1987-04-01,1.291,23.43
1987-04-02,1.997,31.54
1987-04-03,3.963,20.39
1987-04-04,10.704,27.22
1987-04-05,26.054,78.15
1987-04-06,6.669,31.01
1987-04-07,4.71,30.73
1987-04-08,5.617,44.99
1987-04-09,6.55,35.42
1987-04-10,7.414,56.5
1987-04-11,5.246,16.25
1987-04-12,6.011,18.74
1987-04-13,2.743,13.04
1987-04-14,5.768,37.87
1987-04-15,11.349,57.26
1987-04-16,7.751,24.33
1987-04-17,7.908,24.8
1987-04-18,9.858,29.49
1987-04-19,2.027,13.26
1987-04-20,4.079,18.05
1987-04-21,0.858,23.51
1987-04-22,7.634,40.25
1987-04-23,2.867,22.78
1987-04-24,28.548,63.4
1987-04-25,0.789,22.85
1987-04-26,24.968,154.03
1987-04-27,10.385,37.03
1987-04-28,14.4,84.66
1987-04-29,10.937,48.86
1987-04-30,3.608,18.52
1987-05-01,2.677,31.4
1987-05-02,4.127,17.95
1987-05-03,1.612,16.17
1987-05-04,9.103,34.04
1987-05-05,2.847,18.87
1987-05-06,6.445,59.74
1987-05-07,0.0,0.0
1987-05-08,2.22,58.09
1987-05-09,6.396,61.55
1987-05-10,0.036,6.03
1987-05-11,0.0,0.0
1987-05-12,0.0,0.0
1987-05-13,0.0,0.0
1987-05-14,0.0,0.0
1987-05-15,0.0,0.0
1987-05-16,4.33,54.76
1987-05-17,14.723,47.97
1987-05-18,0.03,14.5
1987-05-19,0.585,20.82
1987-05-20,1.589,30.26
1987-05-21,1.884,22.13
1987-05-22,0.692,8.91
1987-05-23,0.035,3.8
1987-05-24,0.0,0.0
1987-05-25,1.588,30.43
1987-05-26,0.335,12.43
1987-05-27,0.228,6.17
1987-05-28,2.33,17.22
1987-05-29,0.202,18.91
1987-05-30,0.0,0.0
1987-05-31,0.0,0.0
1987-06-01,0.0,0.0
1987-06-02,0.0,0.0
1987-06-03,3.104,11.81
1987-06-04,3.605,9.98
1987-06-05,1.021,5.49
1987-06-06,0.385,6.96
1987-06-07,0.0,0.0
1987-06-08,0.04,7.73
1987-06-09,0.0,0.0
1987-06-10,0.0,0.0
1987-06-11,0.072,2.92
1987-06-12,0.0,0.0
1987-06-13,0.0,0.0
1987-06-14,0.305,7.61
1987-06-15,0.0,0.0
1987-06-16,0.0,0.0
1987-06-17,0.0,0.0
1987-06-18,0.0,0.0
1987-06-19,0.0,0.0
1987-06-20,0.0,0.0
1987-06-21,0.028,13.53
1987-06-22,0.146,3.05
1987-06-23,0.0,0.0
1987-06-24,0.0,0.0
1987-06-25,0.085,4.76
1987-06-26,0.265,7.03
1987-06-27,0.0,0.0
1987-06-28,0.0,0.0
1987-06-29,0.0,0.0
1987-06-30,0.0,0.0
1987-07-01,0.377,6.55
1987-07-02,0.213,4.56
1987-07-03,0.06,3.38
1987-07-04,0.225,4.33
1987-07-05,0.0,0.0
1987-07-06,0.0,0.0
1987-07-07,0.0,0.0
1987-07-08,0.0,0.0
1987-07-09,0.08,6.07
1987-07-10,0.134,6.07
1987-07-11,0.236,5.88
1987-07-12,0.286,6.34
1987-07-13,0.0,0.0
1987-07-14,0.0,0.0
1987-07-15,0.0,0.0
1987-07-16,0.0,0.0
1987-07-17,0.0,0.0
1987-07-18,0.173,4.45
1987-07-19,0.0,0.0
1987-07-20,0.0,0.0
1987-07-21,0.0,0.0
1987-07-22,0.0,0.0
1987-07-23,0.035,3.65
1987-07-24,0.044,4.14
1987-07-25,0.0,0.0
1987-07-26,0.0,0.0
1987-07-27,0.0,0.0
1987-07-28,0.175,4.52
1987-07-29,0.238,7.05
1987-07-30,0.447,11.38
1987-07-31,1.654,17.75
1987-08-01,1.496,21.38
1987-08-02,2.803,38.32
1987-08-03,0.55,9.8
1987-08-04,0.0,0.0
1987-08-05,0.007,3.3
1987-08-06,0.0,0.0
1987-08-07,0.0,0.0
1987-08-08,0.03,5.15
1987-08-09,0.929,10.54
1987-08-10,1.095,7.38
1987-08-11,0.648,5.08
1987-08-12,0.096,4.71
1987-08-13,0.0,0.0
1987-08-14,0.0,0.0
1987-08-15,0.0,0.0
1987-08-16,0.0,0.0
1987-08-17,0.293,7.15
1987-08-18,0.0,0.0
1987-08-19,0.0,0.0
1987-08-20,0.0,0.0
1987-08-21,0.0,0.0
1987-08-22,0.0,0.0
1987-08-23,0.0,0.0
1987-08-24,0.0,0.0
1987-08-25,0.0,0.0
1987-08-26,0.0,0.0
1987-08-27,0.0,0.0
1987-08-28,0.0,0.0
1987-08-29,0.0,0.0
1987-08-30,0.0,0.0
1987-08-31,0.02,3.45
1987-09-01,0.0,0.0
1987-09-02,0.263,5.31
1987-09-03,0.0,0.0
1987-09-04,0.496,8.44
1987-09-05,0.0,0.0
1987-09-06,0.093,8.79
1987-09-07,0.519,7.68
1987-09-08,0.007,3.34
1987-09-09,0.0,0.0
1987-09-10,0.0,0.0
1987-09-11,0.324,4.75
1987-09-12,0.452,5.05
1987-09-13,0.0,0.0
1987-09-14,0.0,0.0
1987-09-15,0.058,4.52
1987-09-16,0.775,5.95
1987-09-17,0.112,4.65
1987-09-18,0.0,0.0
1987-09-19,0.303,6.3
1987-09-20,0.0,0.0
1987-09-21,0.0,0.0
1987-09-22,0.392,7.55
1987-09-23,1.309,12.08
1987-09-24,0.0,0.0
1987-09-25,0.021,10.32
1987-09-26,0.641,8.15
1987-09-27,0.284,9.97
1987-09-28,0.326,9.91
1987-09-29,0.0,0.0
1987-09-30,0.0,0.0
1987-10-01,0.0,0.0
1987-10-02,0.288,13.12
1987-10-03,0.135,7.17
1987-10-04,0.0,0.0
1987-10-05,0.588,7.83
1987-10-06,0.0,0.0
1987-10-07,0.0,0.0
1987-10-08,0.0,0.0
1987-10-09,0.528,5.77
1987-10-10,0.0,0.0
1987-10-11,0.723,6.92
1987-10-12,0.007,3.64
1987-10-13,0.0,0.0
1987-10-14,1.417,12.96
1987-10-15,0.0,0.0
1987-10-16,0.947,6.96
1987-10-17,0.077,4.91
1987-10-18,0.463,4.01
1987-10-19,0.266,6.45
1987-10-20,0.534,6.97
1987-10-21,0.0,0.0
1987-10-22,0.817,8.69
1987-10-23,1.086,7.74
1987-10-24,0.0,0.0
1987-10-25,0.413,9.92
1987-10-26,0.0,0.0
1987-10-27,0.0,0.0
1987-10-28,0.192,8.19
1987-10-29,0.0,0.0
1987-10-30,0.0,0.0
1987-10-31,0.034,3.98
1987-11-01,2.552,9.48
1987-11-02,0.099,5.23
1987-11-03,0.0,0.0
1987-11-04,0.0,0.0
1987-11-05,0.008,3.9
1987-11-06,0.0,0.0
1987-11-07,0.015,1.91
1987-11-08,0.28,6.32
1987-11-09,0.142,13.85
1987-11-10,0.05,10.57
1987-11-11,1.429,8.53
1987-11-12,0.0,0.0
1987-11-13,0.0,0.0
1987-11-14,0.0,0.0
1987-11-15,0.0,0.0
1987-11-16,0.12,6.4
1987-11-17,0.172,13.96
1987-11-18,0.0,0.0
1987-11-19,1.847,7.97
1987-11-20,0.095,21.48
1987-11-21,0.311,6.32
1987-11-22,0.084,2.99
1987-11-23,0.0,0.0
1987-11-24,0.348,7.19
1987-11-25,0.0,0.0
1987-11-26,1.024,7.55
1987-11-27,0.484,7.26
1987-11-28,0.0,0.0
1987-11-29,0.0,0.0
1987-11-30,0.37,11.03
1987-12-01,0.098,16.59
1987-12-02,0.524,16.6
1987-12-03,0.019,5.32
1987-12-04,2.758,20.7
1987-12-05,0.792,13.07
1987-12-06,0.242,18.27
1987-12-07,0.0,0.0
1987-12-08,0.024,5.97
1987-12-09,3.214,13.78
1987-12-10,3.207,24.76
1987-12-11,0.413,7.03
1987-12-12,0.459,9.67
1987-12-13,0.738,9.33
1987-12-14,0.013,6.18
1987-12-15,0.0,0.0
1987-12-16,0.0,0.0
1987-12-17,0.0,0.0
1987-12-18,0.0,0.0
1987-12-19,0.907,11.42
1987-12-20,0.0,0.0
1987-12-21,0.0,0.0
1987-12-22,0.0,0.0
1987-12-23,0.0,0.0
1987-12-24,0.286,6.26
1987-12-25,0.14,7.29
1987-12-26,0.0,0.0
1987-12-27,1.291,10.08
1987-12-28,2.905,15.23
1987-12-29,5.685,12.46
1987-12-30,1.148,8.6
1987-12-31,0.507,8.41
1988-01-01,0.994,8.43
1988-01-02,1.193,10.24
1988-01-03,0.276,7.75
1988-01-04,0.462,14.3
1988-01-05,0.0,0.0
1988-01-06,0.493,8.15
1988-01-07,0.009,4.46
1988-01-08,0.715,14.56
1988-01-09,1.708,17.3
1988-01-10,10.695,119.79
1988-01-11,7.395,31.18
1988-01-12,1.858,12.77
1988-01-13,0.214,4.93
1988-01-14,5.613,50.26
1988-01-15,14.625,163.35
1988-01-16,3.439,41.64
1988-01-17,40.009,246.64
1988-01-18,0.093,6.7
1988-01-19,4.995,136.11
1988-01-20,22.001,150.61
1988-01-21,0.0,0.0
1988-01-22,0.0,0.0
1988-01-23,22.189,109.05
1988-01-24,28.29,114.74
1988-01-25,25.111,151.65
1988-01-26,25.567,125.21
1988-01-27,1.264,17.34
1988-01-28,0.947,9.41
1988-01-29,1.656,13.24
1988-01-30,4.008,211.42
1988-01-31,0.83,8.83
1988-02-01,0.0,0.0
1988-02-02,1.097,44.39
1988-02-03,5.76,134.5
1988-02-04,18.081,139.29
1988-02-05,6.557,168.06
1988-02-06,0.0,0.0
1988-02-07,0.0,0.0
1988-02-08,0.0,0.0
1988-02-09,0.0,0.0
1988-02-10,0.0,0.0
1988-02-11,10.066,99.15
1988-02-12,4.448,91.93
1988-02-13,0.42,105.18
1988-02-14,0.0,0.0
1988-02-15,0.0,0.0
1988-02-16,2.95,18.37
1988-02-17,2.383,17.13
1988-02-18,12.424,50.92
1988-02-19,11.298,33.31
1988-02-20,8.466,59.06
1988-02-21,0.0,0.0
1988-02-22,0.0,0.0
1988-02-23,0.0,0.0
1988-02-24,0.288,50.28
1988-02-25,0.0,0.0
1988-02-26,55.194,129.21
1988-02-27,68.964,136.28
1988-02-28,2.818,20.96
1988-02-29,1.011,28.51
1988-03-01,3.658,27.07
1988-03-02,9.764,50.55
1988-03-03,10.003,31.52
1988-03-04,4.538,20.26
1988-03-05,0.733,16.61
1988-03-06,0.404,8.79
1988-03-07,1.037,21.1
1988-03-08,0.416,8.71
1988-03-09,0.837,9.64
1988-03-10,5.94,18.29
1988-03-11,8.005,46.67
1988-03-12,0.81,12.16
1988-03-13,3.631,33.6
1988-03-14,3.329,30.52
1988-03-15,3.613,52.82
1988-03-16,3.417,31.45
1988-03-17,2.343,34.55
1988-03-18,0.0,0.0
1988-03-19,0.0,0.0
1988-03-20,0.0,0.0
1988-03-21,0.0,0.0
1988-03-22,0.0,0.0
1988-03-23,0.305,6.76
1988-03-24,0.0,0.0
1988-03-25,0.0,0.0
1988-03-26,0.231,3.73
1988-03-27,4.047,16.94
1988-03-28,3.311,14.26
1988-03-29,1.016,6.54
1988-03-30,0.154,5.04
1988-03-31,5.285,20.7
1988-04-01,2.548,16.63
1988-04-02,0.713,9.25
1988-04-03,1.418,12.94
1988-04-04,6.369,35.78
1988-04-05,5.784,23.01
1988-04-06,1.888,12.83
1988-04-07,5.935,50.3
1988-04-08,7.9,87.92
1988-04-09,4.808,25.81
1988-04-10,1.91,22.81
1988-04-11,8.207,39.6
1988-04-12,25.592,65.46
1988-04-13,28.318,100.19
1988-04-14,1.005,16.28
1988-04-15,1.035,17.51
1988-04-16,0.029,14.41
1988-04-17,0.059,9.94
1988-04-18,0.0,0.0
1988-04-19,0.055,15.36
1988-04-20,0.041,11.33
1988-04-21,3.542,19.19
1988-04-22,0.58,12.89
1988-04-23,3.146,37.01
1988-04-24,5.774,18.38
1988-04-25,0.044,2.39
1988-04-26,0.0,0.0
1988-04-27,0.0,0.0
1988-04-28,0.112,7.15
1988-04-29,0.0,0.0
1988-04-30,0.0,0.0
1988-05-01,0.0,0.0
1988-05-02,0.0,0.0
1988-05-03,0.0,0.0
1988-05-04,0.0,0.0
1988-05-05,0.31,25.72
1988-05-06,6.176,63.47
1988-05-07,0.364,50.22
1988-05-08,15.238,101.94
1988-05-09,0.0,0.0
1988-05-10,2.334,24.17
1988-05-11,2.007,36.59
1988-05-12,16.301,106.54
1988-05-13,0.443,11.86
1988-05-14,0.0,0.0
1988-05-15,0.0,0.0
1988-05-16,0.0,0.0
1988-05-17,0.0,0.0
1988-05-18,0.0,0.0
1988-05-19,0.0,0.0
1988-05-20,0.016,2.95
1988-05-21,0.0,0.0
1988-05-22,0.0,0.0
1988-05-23,0.0,0.0
1988-05-24,0.0,0.0
1988-05-25,0.0,0.0
1988-05-26,12.97,62.58
1988-05-27,1.182,29.05
1988-05-28,0.044,21.38
1988-05-29,0.0,0.0
1988-05-30,0.006,2.82
1988-05-31,0.0,0.0
1988-06-01,0.24,16.13
1988-06-02,0.371,6.3
1988-06-03,2.057,7.14
1988-06-04,0.352,4.61
1988-06-05,0.0,0.0
1988-06-06,0.382,4.9
1988-06-07,0.0,0.0
1988-06-08,0.0,0.0
1988-06-09,0.0,0.0
1988-06-10,0.0,0.0
1988-06-11,0.0,0.0
1988-06-12,0.0,0.0
1988-06-13,0.198,6.56
1988-06-14,0.2,5.46
1988-06-15,0.0,0.0
1988-06-16,0.6,5.49
1988-06-17,0.032,5.89
1988-06-18,0.03,3.17
1988-06-19,4.014,19.33
1988-06-20,0.328,32.16
1988-06-21,1.121,5.78
1988-06-22,0.0,0.0
1988-06-23,0.0,0.0
1988-06-24,0.139,2.99
1988-06-25,0.0,0.0
1988-06-26,1.724,16.29
1988-06-27,0.315,5.2
1988-06-28,0.0,0.0
1988-06-29,0.0,0.0
1988-06-30,0.061,5.87
1988-07-01,0.103,5.91
1988-07-02,0.754,6.24
1988-07-03,1.237,13.74
1988-07-04,0.016,2.82
1988-07-05,0.0,0.0
1988-07-06,0.346,7.61
1988-07-07,0.836,7.68
1988-07-08,0.25,5.55
1988-07-09,0.035,2.58
1988-07-10,0.114,3.43
1988-07-11,0.0,0.0
1988-07-12,0.0,0.0
1988-07-13,0.0,0.0
1988-07-14,0.0,0.0
1988-07-15,0.0,0.0
1988-07-16,0.0,0.0
1988-07-17,0.0,0.0
1988-07-18,0.0,0.0
1988-07-19,0.0,0.0
1988-07-20,0.0,0.0
1988-07-21,0.0,0.0
1988-07-22,0.0,0.0
1988-07-23,0.012,3.13
1988-07-24,0.0,0.0
1988-07-25,0.0,0.0
1988-07-26,0.366,6.56
1988-07-27,0.0,0.0
1988-07-28,0.348,9.09
1988-07-29,0.108,4.37
1988-07-30,0.0,0.0
1988-07-31,0.128,5.45
1988-08-01,0.453,8.02
1988-08-02,0.296,6.88
1988-08-03,0.009,4.45
1988-08-04,0.0,0.0
1988-08-05,0.0,0.0
1988-08-06,0.006,1.58
1988-08-07,0.0,0.0
1988-08-08,0.134,5.45
1988-08-09,0.673,9.59
1988-08-10,0.0,0.0
1988-08-11,0.0,0.0
1988-08-12,0.043,16.62
1988-08-13,0.0,0.0
1988-08-14,0.0,0.0
1988-08-15,0.15,4.76
1988-08-16,0.0,0.0
1988-08-17,0.0,0.0
1988-08-18,0.664,6.53
1988-08-19,0.106,4.87
1988-08-20,0.296,6.86
1988-08-21,0.0,0.0
1988-08-22,0.333,5.39
1988-08-23,0.147,5.52
1988-08-24,0.0,0.0
1988-08-25,0.0,0.0
1988-08-26,0.0,0.0
1988-08-27,0.072,3.51
1988-08-28,0.0,0.0
1988-08-29,0.0,0.0
1988-08-30,0.124,4.63
1988-08-31,0.972,11.34
1988-09-01,1.043,6.03
1988-09-02,0.0,0.0
1988-09-03,0.239,8.11
1988-09-04,0.0,0.0
1988-09-05,0.023,1.71
1988-09-06,0.0,0.0
1988-09-07,0.0,0.0
1988-09-08,1.782,13.51
1988-09-09,0.0,0.0
1988-09-10,0.463,5.94
1988-09-11,0.987,11.73
1988-09-12,0.514,20.56
1988-09-13,2.067,13.89
1988-09-14,0.122,7.4
1988-09-15,0.204,7.13
1988-09-16,0.829,6.46
1988-09-17,0.298,9.79
1988-09-18,0.0,0.0
1988-09-19,0.0,0.0
1988-09-20,0.0,0.0
1988-09-21,0.0,0.0
1988-09-22,0.036,6.87
1988-09-23,0.0,0.0
1988-09-24,0.005,1.39
1988-09-25,0.477,15.22
1988-09-26,0.0,0.0
1988-09-27,0.0,0.0
1988-09-28,0.0,0.0
1988-09-29,0.0,0.0
1988-09-30,0.0,0.0
1988-10-01,0.0,0.0
1988-10-02,0.053,5.64
1988-10-03,0.051,1.88
1988-10-04,0.078,2.89
1988-10-05,0.0,0.0
1988-10-06,0.0,0.0
1988-10-07,0.135,5.91
1988-10-08,0.0,0.0
1988-10-09,0.0,0.0
1988-10-10,0.015,2.53
1988-10-11,0.649,5.99
1988-10-12,0.0,0.0
1988-10-13,0.013,3.35
1988-10-14,0.083,3.93
1988-10-15,0.103,8.2
1988-10-16,0.054,4.8
1988-10-17,0.04,1.68
1988-10-18,1.825,21.49
1988-10-19,0.047,5.99
1988-10-20,0.988,9.81
1988-10-21,2.191,10.38
1988-10-22,0.0,0.0
1988-10-23,0.0,0.0
1988-10-24,0.283,4.82
1988-10-25,0.0,0.0
1988-10-26,0.118,3.42
1988-10-27,1.594,12.62
1988-10-28,0.055,7.06
1988-10-29,0.014,3.34
1988-10-30,0.071,3.21
1988-10-31,0.101,3.66
1988-11-01,1.237,10.03
1988-11-02,0.833,10.77
1988-11-03,4.095,31.6
1988-11-04,0.226,11.14
1988-11-05,0.37,6.63
1988-11-06,0.519,4.52
1988-11-07,0.0,0.0
1988-11-08,0.0,0.0
1988-11-09,0.0,0.0
1988-11-10,0.0,0.0
1988-11-11,0.75,6.35
1988-11-12,0.265,5.02
1988-11-13,0.013,3.2
1988-11-14,0.0,0.0
1988-11-15,0.013,3.72
1988-11-16,0.0,0.0
1988-11-17,0.0,0.0
1988-11-18,0.0,0.0
1988-11-19,0.034,3.62
1988-11-20,0.763,12.71
1988-11-21,0.367,5.08
1988-11-22,0.0,0.0
1988-11-23,0.0,0.0
1988-11-24,0.0,0.0
1988-11-25,0.026,4.62
1988-11-26,0.021,5.26
1988-11-27,0.0,0.0
1988-11-28,0.406,8.86
1988-11-29,0.256,4.07
1988-11-30,0.145,3.97
1988-12-01,0.0,0.0
1988-12-02,0.0,0.0
1988-12-03,0.0,0.0
1988-12-04,1.179,17.03
1988-12-05,0.776,11.21
1988-12-06,0.568,5.92
1988-12-07,0.428,13.13
1988-12-08,0.215,5.08
1988-12-09,0.511,9.05
1988-12-10,0.0,0.0
1988-12-11,0.04,5.99
1988-12-12,0.0,0.0
1988-12-13,0.293,12.33
1988-12-14,5.794,30.64
1988-12-15,0.325,25.29
1988-12-16,0.705,27.4
1988-12-17,0.0,0.0
1988-12-18,0.0,0.0
1988-12-19,0.0,0.0
1988-12-20,0.0,0.0
1988-12-21,0.0,0.0
1988-12-22,2.241,44.56
1988-12-23,0.033,15.97
1988-12-24,0.0,0.0
1988-12-25,0.0,0.0
1988-12-26,0.99,16.23
1988-12-27,8.53,39.87
1988-12-28,5.304,32.46
1988-12-29,1.643,31.39
1988-12-30,0.316,10.12
1988-12-31,0.368,9.93
1989-01-01,0.0,0.0
1989-01-02,23.337,107.92
1989-01-03,24.389,55.57
1989-01-04,2.698,36.16
1989-01-05,2.48,51.23
1989-01-06,5.602,51.91
1989-01-07,32.851,96.08
1989-01-08,17.106,100.64
1989-01-09,0.0,0.0
1989-01-10,2.127,60.41
1989-01-11,0.785,79.49
1989-01-12,0.0,0.0
1989-01-13,0.0,0.0
1989-01-14,3.651,133.02
1989-01-15,0.0,0.0
1989-01-16,0.0,0.0
1989-01-17,0.721,74.01
1989-01-18,0.763,64.57
1989-01-19,0.0,0.0
1989-01-20,0.011,5.15
1989-01-21,2.228,9.58
1989-01-22,2.76,15.53
1989-01-23,4.132,17.31
1989-01-24,5.04,17.58
1989-01-25,11.59,36.06
1989-01-26,14.117,110.41
1989-01-27,19.282,102.81
1989-01-28,12.44,60.62
1989-01-29,14.932,39.46
1989-01-30,18.946,108.92
1989-01-31,24.404,103.97
1989-02-01,44.469,89.62
1989-02-02,2.54,32.37
1989-02-03,8.952,89.19
1989-02-04,5.695,38.94
1989-02-05,0.245,31.53
1989-02-06,7.543,21.96
1989-02-07,1.432,13.07
1989-02-08,6.773,14.22
1989-02-09,10.065,26.99
1989-02-10,23.627,50.97
1989-02-11,15.764,33.07
1989-02-12,8.14,17.74
1989-02-13,7.971,15.15
1989-02-14,3.838,12.22
1989-02-15,6.584,16.55
1989-02-16,8.612,36.6
1989-02-17,3.468,23.52
1989-02-18,8.728,33.9
1989-02-19,7.35,45.69
1989-02-20,8.857,30.99
1989-02-21,3.032,39.27
1989-02-22,1.488,39.46
1989-02-23,25.875,78.6
1989-02-24,21.961,112.78
1989-02-25,1.012,31.06
1989-02-26,11.7,39.58
1989-02-27,8.07,40.69
1989-02-28,16.719,51.05
1989-03-01,7.181,41.14
1989-03-02,10.403,28.02
1989-03-03,9.272,57.99
1989-03-04,17.966,64.11
1989-03-05,14.908,44.99
1989-03-06,29.258,71.18
1989-03-07,9.792,39.37
1989-03-08,0.0,0.0
1989-03-09,13.199,50.77
1989-03-10,7.223,20.29
1989-03-11,3.959,13.11
1989-03-12,6.531,28.52
1989-03-13,11.891,24.52
1989-03-14,35.741,101.14
1989-03-15,17.393,58.61
1989-03-16,6.311,38.86
1989-03-17,0.714,13.08
1989-03-18,10.411,96.43
1989-03-19,4.002,29.15
1989-03-20,18.427,49.69
1989-03-21,3.768,31.7
1989-03-22,16.244,72.1
1989-03-23,3.434,17.06
1989-03-24,9.995,26.58
1989-03-25,1.399,13.37
1989-03-26,2.084,13.48
1989-03-27,2.69,10.71
1989-03-28,2.432,30.72
1989-03-29,0.685,9.53
1989-03-30,1.251,8.23
1989-03-31,6.712,15.51
1989-04-01,1.596,24.23
1989-04-02,0.094,6.01
1989-04-03,0.0,0.0
1989-04-04,1.783,23.98
1989-04-05,27.312,84.9
1989-04-06,5.035,34.07
1989-04-07,0.065,11.44
1989-04-08,4.107,58.44
1989-04-09,14.728,61.97
1989-04-10,10.962,44.16
1989-04-11,2.717,8.05
1989-04-12,5.116,21.71
1989-04-13,3.285,31.05
1989-04-14,6.129,25.54
1989-04-15,12.074,40.79
1989-04-16,7.298,64.5
1989-04-17,0.168,42.68
1989-04-18,0.0,0.0
1989-04-19,0.845,28.13
1989-04-20,5.152,59.92
1989-04-21,7.156,27.6
1989-04-22,11.148,36.28
1989-04-23,3.502,23.49
1989-04-24,1.177,19.21
1989-04-25,1.099,11.0
1989-04-26,6.72,48.73
1989-04-27,0.089,7.49
1989-04-28,0.044,2.26
1989-04-29,1.124,16.23
1989-04-30,0.32,13.11
1989-05-01,0.816,15.19
1989-05-02,3.854,35.55
1989-05-03,0.099,5.42
1989-05-04,0.068,3.99
1989-05-05,1.431,17.62
1989-05-06,0.091,4.98
1989-05-07,3.628,36.38
1989-05-08,0.28,7.39
1989-05-09,9.14,41.57
1989-05-10,0.614,9.49
1989-05-11,0.0,0.0
1989-05-12,0.0,0.0
1989-05-13,0.0,0.0
1989-05-14,0.0,0.0
1989-05-15,0.148,6.03
1989-05-16,0.0,0.0
1989-05-17,0.158,10.78
1989-05-18,0.0,0.0
1989-05-19,0.0,0.0
1989-05-20,1.0,6.49
1989-05-21,0.0,0.0
1989-05-22,0.0,0.0
1989-05-23,0.075,5.55
1989-05-24,0.0,0.0
1989-05-25,0.0,0.0
1989-05-26,0.27,5.07
1989-05-27,0.0,0.0
1989-05-28,0.0,0.0
1989-05-29,0.0,0.0
1989-05-30,0.91,7.17
1989-05-31,0.499,15.58
1989-06-01,0.0,0.0
1989-06-02,0.046,6.62
1989-06-03,0.0,0.0
1989-06-04,0.112,17.03
1989-06-05,0.301,16.88
1989-06-06,0.568,8.59
1989-06-07,1.15,12.94
1989-06-08,0.101,4.87
1989-06-09,0.0,0.0
1989-06-10,0.44,4.54
1989-06-11,0.059,3.9
1989-06-12,0.224,7.74
1989-06-13,0.126,6.51
1989-06-14,0.0,0.0
1989-06-15,0.015,2.51
1989-06-16,0.0,0.0
1989-06-17,0.0,0.0
1989-06-18,1.375,6.51
1989-06-19,0.613,6.62
1989-06-20,0.0,0.0
1989-06-21,0.185,17.26
1989-06-22,0.182,10.79
1989-06-23,0.214,12.07
1989-06-24,0.0,0.0
1989-06-25,0.0,0.0
1989-06-26,1.748,25.71
1989-06-27,0.0,0.0
1989-06-28,5.76,26.87
1989-06-29,0.0,0.0
1989-06-30,1.891,31.26
1989-07-01,1.577,7.88
1989-07-02,0.268,3.58
1989-07-03,0.095,1.45
1989-07-04,0.318,7.35
1989-07-05,0.0,0.0
1989-07-06,0.0,0.0
1989-07-07,0.0,0.0
1989-07-08,0.0,0.0
1989-07-09,0.0,0.0
1989-07-10,0.0,0.0
1989-07-11,0.0,0.0
1989-07-12,0.0,0.0
1989-07-13,0.0,0.0
1989-07-14,0.0,0.0
1989-07-15,0.0,0.0
1989-07-16,0.334,7.92
1989-07-17,0.036,3.6
1989-07-18,0.0,0.0
1989-07-19,0.046,3.52
1989-07-20,0.889,10.74
1989-07-21,0.953,14.97
1989-07-22,0.0,0.0
1989-07-23,0.164,20.37
1989-07-24,0.033,3.62
1989-07-25,0.0,0.0
1989-07-26,0.939,17.73
1989-07-27,0.294,10.85
1989-07-28,0.286,10.85
1989-07-29,0.144,6.13
1989-07-30,0.0,0.0
1989-07-31,0.0,0.0
1989-08-01,0.0,0.0
1989-08-02,0.0,0.0
1989-08-03,0.0,0.0
1989-08-04,0.006,2.7
1989-08-05,0.183,5.09
1989-08-06,0.0,0.0
1989-08-07,0.0,0.0
1989-08-08,0.0,0.0
1989-08-09,0.0,0.0
1989-08-10,0.0,0.0
1989-08-11,0.0,0.0
1989-08-12,0.0,0.0
1989-08-13,0.0,0.0
1989-08-14,0.187,6.45
1989-08-15,0.0,0.0
1989-08-16,0.013,3.45
1989-08-17,0.0,0.0
1989-08-18,0.098,4.18
1989-08-19,0.0,0.0
1989-08-20,0.0,0.0
1989-08-21,0.0,0.0
1989-08-22,0.0,0.0
1989-08-23,0.0,0.0
1989-08-24,0.658,9.52
1989-08-25,0.504,14.97
1989-08-26,0.456,4.61
1989-08-27,0.008,3.9
1989-08-28,0.0,0.0
1989-08-29,0.066,3.73
1989-08-30,0.21,3.73
1989-08-31,0.0,0.0
1989-09-01,0.0,0.0
1989-09-02,0.009,4.48
1989-09-03,0.0,0.0
1989-09-04,0.0,0.0
1989-09-05,0.235,7.66
1989-09-06,0.243,15.68
1989-09-07,0.0,0.0
1989-09-08,0.0,0.0
1989-09-09,0.729,5.89
1989-09-10,0.0,0.0
1989-09-11,0.163,7.56
1989-09-12,0.0,0.0
1989-09-13,1.134,12.68
1989-09-14,0.154,7.08
1989-09-15,0.07,3.28
1989-09-16,0.0,0.0
1989-09-17,0.0,0.0
1989-09-18,0.0,0.0
1989-09-19,0.0,0.0
1989-09-20,0.0,0.0
1989-09-21,0.0,0.0
1989-09-22,0.0,0.0
1989-09-23,0.0,0.0
1989-09-24,0.0,0.0
1989-09-25,0.0,0.0
1989-09-26,0.221,5.97
1989-09-27,0.0,0.0
1989-09-28,3.033,14.61
1989-09-29,0.379,4.54
1989-09-30,0.224,4.12
1989-10-01,0.125,4.96
1989-10-02,0.0,0.0
1989-10-03,0.0,0.0
1989-10-04,0.123,3.35
1989-10-05,0.316,11.29
1989-10-06,0.2,3.44
1989-10-07,0.322,7.6
1989-10-08,0.0,0.0
1989-10-09,0.152,6.28
1989-10-10,0.0,0.0
1989-10-11,0.296,7.18
1989-10-12,0.0,0.0
1989-10-13,1.524,8.52
1989-10-14,1.198,11.54
1989-10-15,0.093,7.75
1989-10-16,0.0,0.0
1989-10-17,0.0,0.0
1989-10-18,0.0,0.0
1989-10-19,0.005,2.22
1989-10-20,0.726,10.59
1989-10-21,0.094,5.92
1989-10-22,0.0,0.0
1989-10-23,0.149,11.29
1989-10-24,0.0,0.0
1989-10-25,0.191,5.19
1989-10-26,0.9,10.1
1989-10-27,1.535,26.38
1989-10-28,0.0,0.0
1989-10-29,0.0,0.0
1989-10-30,0.0,0.0
1989-10-31,0.208,7.05
1989-11-01,0.51,17.41
1989-11-02,0.356,14.26
1989-11-03,0.007,1.81
1989-11-04,0.02,2.65
1989-11-05,0.005,2.65
1989-11-06,0.0,0.0
1989-11-07,0.0,0.0
1989-11-08,0.0,0.0
1989-11-09,0.0,0.0
1989-11-10,0.0,0.0
1989-11-11,0.0,0.0
1989-11-12,0.0,0.0
1989-11-13,0.0,0.0
1989-11-14,0.0,0.0
1989-11-15,0.0,0.0
1989-11-16,0.0,0.0
1989-11-17,0.0,0.0
1989-11-18,0.0,0.0
1989-11-19,0.597,5.12
1989-11-20,0.032,3.61
1989-11-21,0.185,8.8
1989-11-22,2.142,9.93
1989-11-23,1.535,5.81
1989-11-24,0.935,7.7
1989-11-25,0.0,0.0
1989-11-26,0.372,3.31
1989-11-27,0.379,4.19
1989-11-28,0.0,0.0
1989-11-29,0.009,2.23
1989-11-30,0.411,16.39
1989-12-01,1.056,13.9
1989-12-02,0.771,11.12
1989-12-03,0.046,8.16
1989-12-04,0.091,5.24
1989-12-05,0.316,7.57
1989-12-06,0.299,6.14
1989-12-07,0.0,0.0
1989-12-08,0.0,0.0
1989-12-09,0.0,0.0
1989-12-10,0.0,0.0
1989-12-11,0.0,0.0
1989-12-12,0.038,10.9
1989-12-13,0.233,9.72
1989-12-14,1.089,25.57
1989-12-15,0.0,0.0
1989-12-16,0.0,0.0
1989-12-17,0.0,0.0
1989-12-18,0.853,7.92
1989-12-19,0.0,0.0
1989-12-20,0.0,0.0
1989-12-21,0.0,0.0
1989-12-22,0.853,7.05
1989-12-23,0.061,3.44
1989-12-24,0.693,15.87
1989-12-25,1.305,12.49
1989-12-26,1.563,23.98
1989-12-27,0.739,24.78
1989-12-28,3.29,31.71
1989-12-29,0.482,9.27
1989-12-30,0.475,7.32
1989-12-31,0.961,33.49
1990-01-01,4.846,19.21
1990-01-02,3.885,21.5
1990-01-03,0.0,0.0
1990-01-04,0.0,0.0
1990-01-05,0.0,0.0
1990-01-06,3.689,27.55
1990-01-07,1.318,19.9
1990-01-08,0.743,10.46
1990-01-09,1.159,15.27
1990-01-10,1.624,13.53
1990-01-11,0.0,0.0
1990-01-12,0.0,0.0
1990-01-13,0.0,0.0
1990-01-14,21.391,100.91
1990-01-15,0.771,23.9
1990-01-16,0.999,47.97
1990-01-17,0.361,7.12
1990-01-18,0.0,0.0
1990-01-19,0.171,42.48
1990-01-20,0.0,0.0
1990-01-21,0.0,0.0
1990-01-22,0.0,0.0
1990-01-23,0.0,0.0
1990-01-24,0.0,0.0
1990-01-25,0.0,0.0
1990-01-26,2.739,22.44
1990-01-27,1.071,16.1
1990-01-28,13.261,44.22
1990-01-29,15.992,45.9
1990-01-30,5.499,17.19
1990-01-31,11.272,74.5
1990-02-01,4.984,57.55
1990-02-02,17.545,63.37
1990-02-03,27.723,83.18
1990-02-04,14.508,57.22
1990-02-05,18.021,50.24
1990-02-06,0.02,9.55
1990-02-07,2.234,64.74
1990-02-08,0.0,0.0
1990-02-09,0.0,0.0
1990-02-10,0.0,0.0
1990-02-11,0.05,12.44
1990-02-12,0.038,9.27
1990-02-13,0.103,25.36
1990-02-14,8.403,81.2
1990-02-15,7.43,117.15
1990-02-16,2.194,57.97
1990-02-17,2.005,109.61
1990-02-18,0.0,0.0
1990-02-19,4.913,87.08
1990-02-20,0.0,0.0
1990-02-21,39.701,103.21
1990-02-22,7.339,34.43
1990-02-23,6.189,33.15
1990-02-24,4.384,52.64
1990-02-25,0.74,24.78
1990-02-26,0.062,7.31
1990-02-27,0.062,7.31
1990-02-28,1.864,20.31
1990-03-01,0.0,0.0
1990-03-02,0.0,0.0
1990-03-03,0.121,8.99
1990-03-04,0.316,12.81
1990-03-05,3.885,58.5
1990-03-06,3.053,28.17
1990-03-07,5.754,37.16
1990-03-08,0.877,24.9
1990-03-09,0.0,0.0
1990-03-10,0.56,8.65
1990-03-11,0.0,0.0
1990-03-12,0.0,0.0
1990-03-13,0.0,0.0
1990-03-14,0.0,0.0
1990-03-15,0.283,9.12
1990-03-16,9.992,29.54
1990-03-17,4.247,32.82
1990-03-18,14.253,33.82
1990-03-19,6.585,40.58
1990-03-20,26.759,64.2
1990-03-21,0.606,54.1
1990-03-22,0.275,67.8
1990-03-23,0.0,0.0
1990-03-24,0.382,80.76
1990-03-25,2.916,80.85
1990-03-26,3.765,13.04
1990-03-27,6.264,17.04
1990-03-28,8.433,21.25
1990-03-29,0.0,0.0
1990-03-30,0.385,8.95
1990-03-31,7.318,56.08
1990-04-01,5.919,37.0
1990-04-02,1.735,11.47
1990-04-03,1.15,23.13
1990-04-04,0.466,10.19
1990-04-05,0.0,0.0
1990-04-06,2.611,19.41
1990-04-07,0.047,4.1
1990-04-08,0.0,0.0
1990-04-09,0.0,0.0
1990-04-10,2.959,15.36
1990-04-11,7.113,32.1
1990-04-12,3.649,18.18
1990-04-13,1.511,24.49
1990-04-14,3.749,22.61
1990-04-15,1.446,24.3
1990-04-16,6.723,39.69
1990-04-17,2.974,71.62
1990-04-18,0.0,0.0
1990-04-19,0.0,0.0
1990-04-20,0.0,0.0
1990-04-21,0.0,0.0
1990-04-22,2.217,47.18
1990-04-23,0.0,0.0
1990-04-24,0.0,0.0
1990-04-25,23.895,59.59
1990-04-26,1.529,38.18
1990-04-27,1.722,32.3
1990-04-28,1.14,18.38
1990-04-29,3.301,41.94
1990-04-30,0.0,0.0
1990-05-01,0.798,9.48
1990-05-02,0.0,0.0
1990-05-03,2.353,28.05
1990-05-04,7.012,19.89
1990-05-05,2.93,14.42
1990-05-06,1.068,13.54
1990-05-07,1.257,8.95
1990-05-08,0.889,27.26
1990-05-09,0.0,0.0
1990-05-10,0.407,8.44
1990-05-11,0.0,0.0
1990-05-12,0.235,6.09
1990-05-13,0.066,6.37
1990-05-14,0.326,12.25
1990-05-15,0.0,0.0
1990-05-16,0.0,0.0
1990-05-17,0.0,0.0
1990-05-18,0.0,0.0
1990-05-19,0.077,6.5
1990-05-20,0.0,0.0
1990-05-21,0.0,0.0
1990-05-22,0.0,0.0
1990-05-23,0.0,0.0
1990-05-24,0.0,0.0
1990-05-25,0.0,0.0
1990-05-26,1.624,16.76
1990-05-27,0.0,0.0
1990-05-28,0.0,0.0
1990-05-29,0.009,4.28
1990-05-30,1.843,20.59
1990-05-31,0.224,13.84
1990-06-01,0.133,4.43
1990-06-02,1.176,16.03
1990-06-03,0.0,0.0
1990-06-04,0.0,0.0
1990-06-05,0.0,0.0
1990-06-06,0.0,0.0
1990-06-07,0.0,0.0
1990-06-08,0.0,0.0
1990-06-09,0.0,0.0
1990-06-10,0.253,20.59
1990-06-11,11.806,37.3
1990-06-12,0.005,2.65
1990-06-13,0.229,5.56
1990-06-14,0.241,8.83
1990-06-15,0.294,24.1
1990-06-16,0.057,7.25
1990-06-17,0.0,0.0
1990-06-18,0.52,6.25
1990-06-19,0.009,4.53
1990-06-20,0.0,0.0
1990-06-21,0.0,0.0
1990-06-22,0.0,0.0
1990-06-23,0.043,4.29
1990-06-24,0.308,7.89
1990-06-25,0.05,6.33
1990-06-26,0.629,6.78
1990-06-27,0.094,6.65
1990-06-28,0.0,0.0
1990-06-29,0.0,0.0
1990-06-30,0.0,0.0
1990-07-01,0.0,0.0
1990-07-02,0.0,0.0
1990-07-03,0.0,0.0
1990-07-04,0.009,4.43
1990-07-05,0.01,4.98
1990-07-06,0.196,4.49
1990-07-07,0.0,0.0
1990-07-08,0.004,1.75
1990-07-09,0.018,5.59
1990-07-10,0.0,0.0
1990-07-11,0.0,0.0
1990-07-12,5.291,21.71
1990-07-13,0.321,15.37
1990-07-14,0.0,0.0
1990-07-15,0.0,0.0
1990-07-16,0.0,0.0
1990-07-17,0.0,0.0
1990-07-18,0.0,0.0
1990-07-19,0.0,0.0
1990-07-20,0.0,0.0
1990-07-21,0.0,0.0
1990-07-22,0.0,0.0
1990-07-23,0.0,0.0
1990-07-24,0.0,0.0
1990-07-25,0.0,0.0
1990-07-26,0.0,0.0
1990-07-27,0.0,0.0
1990-07-28,0.0,0.0
1990-07-29,0.0,0.0
1990-07-30,0.0,0.0
1990-07-31,0.0,0.0
1990-08-01,0.0,0.0
1990-08-02,0.0,0.0
1990-08-03,0.0,0.0
1990-08-04,0.0,0.0
1990-08-05,0.0,0.0
1990-08-06,0.0,0.0
1990-08-07,0.0,0.0
1990-08-08,0.0,0.0
1990-08-09,0.0,0.0
1990-08-10,0.036,1.58
1990-08-11,0.031,3.41
1990-08-12,0.0,0.0
1990-08-13,0.0,0.0
1990-08-14,0.0,0.0
1990-08-15,0.091,4.19
1990-08-16,0.0,0.0
1990-08-17,0.0,0.0
1990-08-18,0.0,0.0
1990-08-19,0.0,0.0
1990-08-20,0.0,0.0
1990-08-21,0.0,0.0
1990-08-22,0.0,0.0
1990-08-23,0.0,0.0
1990-08-24,0.0,0.0
1990-08-25,0.075,3.62
1990-08-26,0.0,0.0
1990-08-27,0.0,0.0
1990-08-28,0.017,2.18
1990-08-29,0.883,11.2
1990-08-30,2.183,11.85
1990-08-31,0.951,10.58
1990-09-01,0.779,7.63
1990-09-02,0.026,4.23
1990-09-03,0.121,4.15
1990-09-04,0.0,0.0
1990-09-05,0.0,0.0
1990-09-06,0.0,0.0
1990-09-07,0.0,0.0
1990-09-08,0.084,4.7
1990-09-09,0.0,0.0
1990-09-10,0.0,0.0
1990-09-11,0.417,8.65
1990-09-12,0.0,0.0
1990-09-13,0.0,0.0
1990-09-14,0.345,7.6
1990-09-15,0.301,6.36
1990-09-16,0.0,0.0
1990-09-17,0.006,3.03
1990-09-18,0.138,4.35
1990-09-19,0.0,0.0
1990-09-20,0.0,0.0
1990-09-21,0.0,0.0
1990-09-22,1.21,11.38
1990-09-23,0.996,6.06
1990-09-24,1.005,6.21
1990-09-25,0.0,0.0
1990-09-26,0.0,0.0
1990-09-27,0.0,0.0
1990-09-28,0.0,0.0
1990-09-29,0.094,5.62
1990-09-30,0.0,0.0
1990-10-01,0.158,5.55
1990-10-02,0.0,0.0
1990-10-03,0.0,0.0
1990-10-04,0.234,3.83
1990-10-05,0.0,0.0
1990-10-06,0.0,0.0
1990-10-07,2.075,5.34
1990-10-08,0.034,2.3
1990-10-09,0.007,1.27
1990-10-10,0.408,3.69
1990-10-11,2.614,9.88
1990-10-12,0.494,7.76
1990-10-13,0.459,5.59
1990-10-14,1.094,10.59
1990-10-15,0.73,9.27
1990-10-16,0.0,0.0
1990-10-17,1.045,8.92
1990-10-18,0.0,0.0
1990-10-19,0.0,0.0
1990-10-20,0.036,4.82
1990-10-21,0.0,0.0
1990-10-22,0.116,3.63
1990-10-23,0.162,7.32
1990-10-24,0.045,3.3
1990-10-25,1.322,16.16
1990-10-26,0.0,0.0
1990-10-27,0.0,0.0
1990-10-28,0.073,4.76
1990-10-29,0.197,5.71
1990-10-30,0.431,7.8
1990-10-31,0.024,2.94
1990-11-01,0.0,0.0
1990-11-02,0.0,0.0
1990-11-03,0.0,0.0
1990-11-04,0.148,8.44
1990-11-05,0.422,10.39
1990-11-06,0.651,8.07
1990-11-07,0.0,0.0
1990-11-08,0.0,0.0
1990-11-09,0.32,8.45
1990-11-10,0.0,0.0
1990-11-11,0.0,0.0
1990-11-12,0.0,0.0
1990-11-13,0.0,0.0
1990-11-14,0.0,0.0
1990-11-15,0.0,0.0
1990-11-16,0.0,0.0
1990-11-17,0.014,6.95
1990-11-18,0.104,6.95
1990-11-19,2.219,14.39
1990-11-20,0.978,8.5
1990-11-21,4.031,24.08
1990-11-22,0.115,7.98
1990-11-23,0.043,3.96
1990-11-24,0.0,0.0
1990-11-25,0.0,0.0
1990-11-26,1.168,7.02
1990-11-27,0.0,0.0
1990-11-28,0.0,0.0
1990-11-29,0.0,0.0
1990-11-30,0.0,0.0
1990-12-01,0.189,8.58
1990-12-02,0.404,11.26
1990-12-03,0.0,0.0
1990-12-04,0.046,6.85
1990-12-05,0.035,7.51
1990-12-06,0.0,0.0
1990-12-07,0.142,14.46
1990-12-08,2.515,19.11
1990-12-09,2.71,27.96
1990-12-10,0.012,6.02
1990-12-11,0.037,10.79
1990-12-12,0.22,33.4
1990-12-13,0.678,9.64
1990-12-14,0.51,13.67
1990-12-15,0.0,0.0
1990-12-16,0.0,0.0
1990-12-17,0.0,0.0
1990-12-18,0.0,0.0
1990-12-19,0.142,7.96
1990-12-20,0.048,5.13
1990-12-21,0.0,0.0
1990-12-22,0.0,0.0
1990-12-23,0.0,0.0
1990-12-24,0.034,5.87
1990-12-25,2.337,9.5
1990-12-26,4.329,11.91
1990-12-27,0.549,11.71
1990-12-28,2.037,9.18
1990-12-29,0.942,55.07
1990-12-30,0.385,46.02
1990-12-31,2.322,41.52
1991-01-01,7.721,57.2
1991-01-02,0.0,0.0
1991-01-03,0.0,0.0
1991-01-04,0.0,0.0
1991-01-05,0.0,0.0
1991-01-06,0.0,0.0
1991-01-07,0.0,0.0
1991-01-08,0.0,0.0
1991-01-09,0.0,0.0
1991-01-10,0.058,4.88
1991-01-11,4.013,52.01
1991-01-12,4.615,24.28
1991-01-13,16.971,103.17
1991-01-14,10.198,27.3
1991-01-15,9.528,34.84
1991-01-16,3.69,11.94
1991-01-17,0.634,7.97
1991-01-18,1.169,11.73
1991-01-19,6.23,29.64
1991-01-20,0.31,4.94
1991-01-21,0.179,9.37
1991-01-22,1.686,17.2
1991-01-23,0.559,11.51
1991-01-24,0.0,0.0
1991-01-25,0.0,0.0
1991-01-26,0.0,0.0
1991-01-27,1.937,19.56
1991-01-28,18.209,39.06
1991-01-29,7.112,39.36
1991-01-30,5.721,39.8
1991-01-31,6.59,37.25
1991-02-01,4.014,75.96
1991-02-02,0.662,50.45
1991-02-03,35.017,190.32
1991-02-04,5.892,73.69
1991-02-05,57.5,157.43
1991-02-06,0.0,0.0
1991-02-07,0.0,0.0
1991-02-08,0.0,0.0
1991-02-09,0.048,6.25
1991-02-10,0.088,8.35
1991-02-11,26.899,97.62
1991-02-12,26.919,109.27
1991-02-13,13.924,83.2
1991-02-14,0.0,0.0
1991-02-15,0.304,32.09
1991-02-16,0.503,28.1
1991-02-17,15.826,60.51
1991-02-18,14.605,65.95
1991-02-19,28.787,119.14
1991-02-20,16.574,67.74
1991-02-21,3.218,72.96
1991-02-22,0.093,8.53
1991-02-23,0.0,0.0
1991-02-24,0.0,0.0
1991-02-25,0.0,0.0
1991-02-26,0.0,0.0
1991-02-27,0.0,0.0
1991-02-28,0.895,35.91
1991-03-01,2.683,25.22
1991-03-02,7.273,24.41
1991-03-03,0.413,12.79
1991-03-04,1.47,16.44
1991-03-05,1.366,25.95
1991-03-06,9.442,40.75
1991-03-07,1.715,22.71
1991-03-08,1.667,28.36
1991-03-09,5.751,32.12
1991-03-10,3.744,31.89
1991-03-11,15.555,54.06
1991-03-12,23.664,58.71
1991-03-13,12.217,56.66
1991-03-14,2.345,27.33
1991-03-15,6.872,28.23
1991-03-16,37.759,92.47
1991-03-17,3.804,51.62
1991-03-18,13.401,105.11
1991-03-19,0.668,40.52
1991-03-20,3.707,54.34
1991-03-21,0.0,0.0
1991-03-22,0.069,33.59
1991-03-23,1.32,25.56
1991-03-24,34.444,128.28
1991-03-25,10.434,64.37
1991-03-26,10.471,44.91
1991-03-27,22.29,64.84
1991-03-28,4.723,64.9
1991-03-29,0.0,0.0
1991-03-30,0.0,0.0
1991-03-31,0.0,0.0
1991-04-01,0.0,0.0
1991-04-02,0.0,0.0
1991-04-03,0.0,0.0
1991-04-04,0.0,0.0
1991-04-05,0.399,9.14
1991-04-06,0.19,26.59
1991-04-07,0.075,18.67
1991-04-08,1.636,29.54
1991-04-09,12.387,43.16
1991-04-10,0.479,14.18
1991-04-11,0.275,16.47
1991-04-12,4.435,30.72
1991-04-13,0.0,0.0
1991-04-14,0.0,0.0
1991-04-15,0.0,0.0
1991-04-16,0.0,0.0
1991-04-17,11.937,48.97
1991-04-18,5.361,34.93
1991-04-19,0.854,30.69
1991-04-20,0.826,26.03
1991-04-21,0.037,18.2
1991-04-22,0.0,0.0
1991-04-23,0.0,0.0
1991-04-24,0.381,23.17
1991-04-25,9.354,79.13
1991-04-26,0.0,0.0
1991-04-27,0.0,0.0
1991-04-28,0.0,0.0
1991-04-29,0.0,0.0
1991-04-30,7.228,53.98
1991-05-01,0.0,0.0
1991-05-02,0.008,3.74
1991-05-03,2.976,55.85
1991-05-04,4.358,43.06
1991-05-05,0.036,14.23
1991-05-06,0.0,0.0
1991-05-07,0.238,20.92
1991-05-08,0.0,0.0
1991-05-09,0.021,6.51
1991-05-10,0.0,0.0
1991-05-11,0.0,0.0
1991-05-12,0.705,15.25
1991-05-13,3.856,41.67
1991-05-14,1.727,31.3
1991-05-15,0.375,5.58
1991-05-16,1.941,9.08
1991-05-17,2.087,11.69
1991-05-18,4.078,47.3
1991-05-19,5.811,63.72
1991-05-20,0.0,0.0
1991-05-21,0.057,15.92
1991-05-22,6.469,67.06
1991-05-23,5.021,23.84
1991-05-24,7.79,66.2
1991-05-25,0.25,11.44
1991-05-26,0.0,0.0
1991-05-27,0.0,0.0
1991-05-28,0.0,0.0
1991-05-29,0.0,0.0
1991-05-30,0.0,0.0
1991-05-31,0.022,5.76
1991-06-01,0.263,8.71
1991-06-02,0.0,0.0
1991-06-03,0.0,0.0
1991-06-04,0.066,3.97
1991-06-05,0.391,17.75
1991-06-06,0.0,0.0
1991-06-07,0.0,0.0
1991-06-08,0.0,0.0
1991-06-09,0.0,0.0
1991-06-10,0.0,0.0
1991-06-11,0.0,0.0
1991-06-12,0.0,0.0
1991-06-13,0.0,0.0
1991-06-14,0.396,17.08
1991-06-15,0.0,0.0
1991-06-16,0.14,9.01
1991-06-17,0.534,16.01
1991-06-18,0.29,9.22
1991-06-19,0.042,3.53
1991-06-20,0.511,7.85
1991-06-21,0.341,6.07
1991-06-22,0.0,0.0
1991-06-23,2.208,8.43
1991-06-24,4.233,22.14
1991-06-25,0.812,14.92
1991-06-26,0.019,9.43
1991-06-27,0.0,0.0
1991-06-28,1.824,6.15
1991-06-29,0.0,0.0
1991-06-30,0.0,0.0
1991-07-01,0.027,1.28
1991-07-02,0.397,3.03
1991-07-03,1.718,6.63
1991-07-04,0.334,6.14
1991-07-05,0.2,4.39
1991-07-06,0.0,0.0
1991-07-07,0.0,0.0
1991-07-08,0.0,0.0
1991-07-09,0.099,5.96
1991-07-10,0.0,0.0
1991-07-11,0.026,3.46
1991-07-12,0.0,0.0
1991-07-13,0.26,4.99
1991-07-14,0.0,0.0
1991-07-15,0.0,0.0
1991-07-16,0.0,0.0
1991-07-17,0.0,0.0
1991-07-18,0.0,0.0
1991-07-19,0.0,0.0
1991-07-20,0.0,0.0
1991-07-21,0.0,0.0
1991-07-22,0.0,0.0
1991-07-23,0.0,0.0
1991-07-24,0.0,0.0
1991-07-25,0.0,0.0
1991-07-26,0.0,0.0
1991-07-27,0.0,0.0
1991-07-28,0.0,0.0
1991-07-29,0.28,5.28
1991-07-30,0.006,2.88
1991-07-31,0.066,4.04
1991-08-01,0.0,0.0
1991-08-02,0.934,24.25
1991-08-03,0.322,5.02
1991-08-04,0.061,3.69
1991-08-05,0.239,5.59
1991-08-06,0.159,4.05
1991-08-07,0.556,10.9
1991-08-08,0.0,0.0
1991-08-09,0.0,0.0
1991-08-10,0.136,4.99
1991-08-11,0.397,5.31
1991-08-12,0.032,2.53
1991-08-13,0.072,3.76
1991-08-14,0.144,3.61
1991-08-15,0.039,2.13
1991-08-16,0.0,0.0
1991-08-17,0.0,0.0
1991-08-18,0.0,0.0
1991-08-19,0.0,0.0
1991-08-20,0.0,0.0
1991-08-21,0.0,0.0
1991-08-22,0.028,5.19
1991-08-23,0.0,0.0
1991-08-24,0.0,0.0
1991-08-25,0.0,0.0
1991-08-26,0.0,0.0
1991-08-27,0.0,0.0
1991-08-28,0.0,0.0
1991-08-29,0.0,0.0
1991-08-30,0.0,0.0
1991-08-31,0.0,0.0
1991-09-01,0.0,0.0
1991-09-02,0.405,3.65
1991-09-03,0.0,0.0
1991-09-04,0.0,0.0
1991-09-05,0.002,0.8
1991-09-06,0.0,0.0
1991-09-07,0.075,4.09
1991-09-08,0.0,0.0
1991-09-09,0.0,0.0
1991-09-10,0.047,3.68
1991-09-11,0.0,0.0
1991-09-12,0.088,3.53
1991-09-13,0.0,0.0
1991-09-14,0.354,10.33
1991-09-15,0.0,0.0
1991-09-16,0.012,3.35
1991-09-17,0.0,0.0
1991-09-18,0.391,10.84
1991-09-19,1.028,5.29
1991-09-20,0.043,1.49
1991-09-21,0.0,0.0
1991-09-22,0.0,0.0
1991-09-23,0.429,5.97
1991-09-24,0.107,3.22
1991-09-25,0.183,4.0
1991-09-26,0.227,7.02
1991-09-27,0.446,3.79
1991-09-28,0.194,4.31
1991-09-29,0.094,4.48
1991-09-30,0.102,3.7
1991-10-01,0.088,3.28
1991-10-02,0.182,5.91
1991-10-03,1.522,19.11
1991-10-04,0.542,12.38
1991-10-05,0.0,0.0
1991-10-06,0.007,3.58
1991-10-07,3.045,15.51
1991-10-08,1.397,14.6
1991-10-09,0.475,16.13
1991-10-10,0.01,2.56
1991-10-11,0.0,0.0
1991-10-12,0.0,0.0
1991-10-13,0.0,0.0
1991-10-14,0.0,0.0
1991-10-15,0.0,0.0
1991-10-16,0.0,0.0
1991-10-17,0.0,0.0
1991-10-18,0.0,0.0
1991-10-19,0.0,0.0
1991-10-20,0.0,0.0
1991-10-21,0.0,0.0
1991-10-22,0.0,0.0
1991-10-23,0.0,0.0
1991-10-24,0.0,0.0
1991-10-25,0.0,0.0
1991-10-26,0.0,0.0
1991-10-27,0.155,3.46
1991-10-28,0.235,4.17
1991-10-29,0.008,3.98
1991-10-30,0.0,0.0
1991-10-31,0.118,5.44
1991-11-01,0.135,4.27
1991-11-02,0.105,4.82
1991-11-03,0.0,0.0
1991-11-04,0.0,0.0
1991-11-05,0.769,4.66
1991-11-06,0.0,0.0
1991-11-07,0.0,0.0
1991-11-08,0.0,0.0
1991-11-09,0.07,6.14
1991-11-10,0.214,4.26
1991-11-11,0.494,8.72
1991-11-12,1.618,5.89
1991-11-13,0.0,0.0
1991-11-14,0.0,0.0
1991-11-15,0.305,8.08
1991-11-16,0.0,0.0
1991-11-17,0.18,4.88
1991-11-18,0.009,4.33
1991-11-19,0.015,3.98
1991-11-20,0.065,3.08
1991-11-21,0.772,19.16
1991-11-22,0.0,0.0
1991-11-23,0.072,3.82
1991-11-24,0.0,0.0
1991-11-25,0.0,0.0
1991-11-26,0.0,0.0
1991-11-27,1.654,9.76
1991-11-28,1.44,15.42
1991-11-29,0.0,0.0
1991-11-30,0.088,2.92
1991-12-01,0.0,0.0
1991-12-02,0.0,0.0
1991-12-03,0.229,6.98
1991-12-04,0.174,10.74
1991-12-05,2.018,36.69
1991-12-06,0.159,9.38
1991-12-07,1.721,26.65
1991-12-08,1.069,15.48
1991-12-09,0.192,9.78
1991-12-10,0.0,0.0
1991-12-11,0.54,8.66
1991-12-12,0.0,0.0
1991-12-13,1.996,11.26
1991-12-14,1.889,57.35
1991-12-15,0.054,6.16
1991-12-16,0.503,6.16
1991-12-17,1.844,8.04
1991-12-18,0.336,6.64
1991-12-19,0.045,7.41
1991-12-20,0.0,0.0
1991-12-21,0.454,8.79
1991-12-22,0.018,4.44
1991-12-23,0.0,0.0
1991-12-24,0.0,0.0
1991-12-25,1.673,15.36
1991-12-26,3.38,13.34
1991-12-27,1.002,6.58
1991-12-28,5.039,17.16
1991-12-29,0.83,53.92
1991-12-30,0.0,0.0
1991-12-31,2.134,14.96
1992-01-01,2.459,17.26
1992-01-02,0.056,6.07
1992-01-03,0.081,3.7
1992-01-04,0.324,12.38
1992-01-05,0.362,9.58
1992-01-06,1.443,20.28
1992-01-07,11.613,119.63
1992-01-08,1.352,104.38
1992-01-09,1.0,83.01
1992-01-10,0.0,0.0
1992-01-11,4.683,27.63
1992-01-12,6.013,20.7
1992-01-13,6.726,24.88
1992-01-14,11.005,43.36
1992-01-15,1.636,31.27
1992-01-16,0.851,15.39
1992-01-17,0.0,0.0
1992-01-18,0.0,0.0
1992-01-19,0.053,9.53
1992-01-20,2.549,15.69
1992-01-21,1.45,13.16
1992-01-22,19.822,185.42
1992-01-23,2.573,15.85
1992-01-24,0.869,14.81
1992-01-25,1.378,83.69
1992-01-26,3.347,17.31
1992-01-27,10.347,160.66
1992-01-28,5.806,70.05
1992-01-29,27.545,141.76
1992-01-30,2.857,113.62
1992-01-31,0.375,65.38
1992-02-01,7.889,36.78
1992-02-02,4.778,23.11
1992-02-03,13.063,38.34
1992-02-04,23.296,63.7
1992-02-05,15.104,49.03
1992-02-06,13.089,27.69
1992-02-07,11.195,25.65
1992-02-08,11.338,24.72
1992-02-09,10.258,23.2
1992-02-10,6.606,35.3
1992-02-11,85.32,176.02
1992-02-12,13.279,77.16
1992-02-13,4.796,91.45
1992-02-14,0.0,0.0
1992-02-15,0.0,0.0
1992-02-16,10.763,80.65
1992-02-17,0.851,54.42
1992-02-18,0.758,47.63
1992-02-19,0.0,0.0
1992-02-20,7.783,42.85
1992-02-21,20.292,58.14
1992-02-22,7.558,56.09
1992-02-23,6.106,43.61
1992-02-24,10.152,39.18
1992-02-25,0.139,14.88
1992-02-26,0.242,15.45
1992-02-27,13.036,53.95
1992-02-28,15.076,42.85
1992-02-29,24.859,49.02
1992-03-01,13.957,49.45
1992-03-02,0.585,15.16
1992-03-03,4.885,43.78
1992-03-04,7.023,31.31
1992-03-05,2.187,31.78
1992-03-06,2.32,29.67
1992-03-07,15.493,66.62
1992-03-08,34.591,86.5
1992-03-09,19.917,51.84
1992-03-10,0.029,13.96
1992-03-11,0.0,0.0
1992-03-12,0.505,44.23
1992-03-13,38.648,120.07
1992-03-14,5.799,45.49
1992-03-15,2.597,29.54
1992-03-16,7.395,24.83
1992-03-17,8.449,28.64
1992-03-18,7.822,27.85
1992-03-19,12.36,40.71
1992-03-20,48.564,147.9
1992-03-21,24.591,58.96
1992-03-22,40.67,92.57
1992-03-23,0.49,14.34
1992-03-24,6.611,44.97
1992-03-25,52.025,96.18
1992-03-26,5.437,28.74
1992-03-27,14.552,51.61
1992-03-28,13.275,35.49
1992-03-29,25.313,51.4
1992-03-30,7.557,25.84
1992-03-31,9.174,31.57
1992-04-01,6.889,25.8
1992-04-02,16.43,52.23
1992-04-03,10.088,35.66
1992-04-04,19.65,58.88
1992-04-05,9.817,35.36
1992-04-06,0.0,0.0
1992-04-07,13.428,64.08
1992-04-08,0.0,0.0
1992-04-09,2.618,32.88
1992-04-10,24.934,101.61
1992-04-11,4.745,43.09
1992-04-12,5.993,45.1
1992-04-13,28.356,68.29
1992-04-14,0.901,35.45
1992-04-15,11.45,99.65
1992-04-16,10.818,57.12
1992-04-17,29.984,91.78
1992-04-18,4.775,56.49
1992-04-19,10.568,56.67
1992-04-20,19.838,63.53
1992-04-21,20.036,88.27
1992-04-22,13.071,52.61
1992-04-23,8.26,37.78
1992-04-24,1.585,17.49
1992-04-25,9.48,56.69
1992-04-26,14.719,29.16
1992-04-27,9.368,60.54
1992-04-28,3.299,12.44
1992-04-29,13.605,29.62
1992-04-30,21.984,41.96
1992-05-01,21.943,38.36
1992-05-02,15.194,51.79
1992-05-03,6.247,35.65
1992-05-04,5.128,24.35
1992-05-05,4.646,22.05
1992-05-06,19.247,53.32
1992-05-07,10.692,37.63
1992-05-08,6.323,26.66
1992-05-09,2.032,19.07
1992-05-10,0.0,0.0
1992-05-11,1.111,31.81
1992-05-12,0.79,15.91
1992-05-13,5.896,31.12
1992-05-14,11.359,38.6
1992-05-15,3.025,15.8
1992-05-16,9.808,31.34
1992-05-17,5.165,18.79
1992-05-18,1.907,13.23
1992-05-19,3.7,43.69
1992-05-20,0.0,0.0
1992-05-21,6.722,47.24
1992-05-22,0.008,3.93
1992-05-23,1.918,26.35
1992-05-24,0.153,22.3
1992-05-25,0.472,9.87
1992-05-26,1.184,11.76
1992-05-27,7.445,29.09
1992-05-28,13.057,39.89
1992-05-29,1.487,14.63
1992-05-30,1.422,17.92
1992-05-31,7.311,41.4
1992-06-01,7.196,41.77
1992-06-02,6.33,33.37
1992-06-03,3.778,45.7
1992-06-04,8.21,36.59
1992-06-05,7.852,50.28
1992-06-06,7.783,40.17
1992-06-07,0.058,4.09
1992-06-08,0.083,5.12
1992-06-09,1.489,22.33
1992-06-10,0.4,11.52
1992-06-11,0.0,0.0
1992-06-12,0.0,0.0
1992-06-13,0.0,0.0
1992-06-14,0.0,0.0
1992-06-15,0.0,0.0
1992-06-16,0.0,0.0
1992-06-17,0.0,0.0
1992-06-18,0.0,0.0
1992-06-19,0.0,0.0
1992-06-20,0.0,0.0
1992-06-21,0.0,0.0
1992-06-22,0.0,0.0
1992-06-23,0.0,0.0
1992-06-24,0.0,0.0
1992-06-25,0.011,1.95
1992-06-26,0.0,0.0
1992-06-27,0.0,0.0
1992-06-28,1.728,18.22
1992-06-29,0.0,0.0
1992-06-30,0.0,0.0
1992-07-01,0.0,0.0
1992-07-02,0.0,0.0
1992-07-03,0.0,0.0
1992-07-04,0.0,0.0
1992-07-05,0.232,5.76
1992-07-06,0.0,0.0
1992-07-07,0.0,0.0
1992-07-08,0.0,0.0
1992-07-09,0.659,13.41
1992-07-10,0.015,7.47
1992-07-11,0.0,0.0
1992-07-12,0.181,4.76
1992-07-13,0.0,0.0
1992-07-14,0.464,8.46
1992-07-15,0.88,6.54
1992-07-16,0.341,4.41
1992-07-17,0.015,2.53
1992-07-18,0.0,0.0
1992-07-19,0.0,0.0
1992-07-20,0.0,0.0
1992-07-21,0.0,0.0
1992-07-22,0.0,0.0
1992-07-23,0.0,0.0
1992-07-24,0.0,0.0
1992-07-25,0.0,0.0
1992-07-26,0.22,5.85
1992-07-27,0.0,0.0
1992-07-28,0.0,0.0
1992-07-29,0.198,4.84
1992-07-30,0.275,5.67
1992-07-31,0.0,0.0
1992-08-01,0.0,0.0
1992-08-02,0.018,3.1
1992-08-03,0.139,6.06
1992-08-04,0.159,6.06
1992-08-05,0.0,0.0
1992-08-06,0.0,0.0
1992-08-07,0.048,3.54
1992-08-08,0.0,0.0
1992-08-09,0.126,6.58
1992-08-10,0.443,6.82
1992-08-11,0.087,4.45
1992-08-12,0.0,0.0
1992-08-13,0.0,0.0
1992-08-14,0.115,5.06
1992-08-15,0.932,9.18
1992-08-16,0.0,0.0
1992-08-17,0.662,6.19
1992-08-18,0.158,5.13
1992-08-19,0.061,5.94
1992-08-20,0.0,0.0
1992-08-21,0.0,0.0
1992-08-22,0.0,0.0
1992-08-23,0.04,4.35
1992-08-24,0.0,0.0
1992-08-25,0.0,0.0
1992-08-26,0.0,0.0
1992-08-27,0.172,3.89
1992-08-28,0.0,0.0
1992-08-29,0.0,0.0
1992-08-30,0.032,4.02
1992-08-31,0.387,7.71
1992-09-01,2.801,7.7
1992-09-02,0.266,7.01
1992-09-03,0.009,2.36
1992-09-04,0.0,0.0
1992-09-05,0.0,0.0
1992-09-06,0.073,3.9
1992-09-07,0.0,0.0
1992-09-08,0.0,0.0
1992-09-09,0.0,0.0
1992-09-10,0.634,7.2
1992-09-11,0.587,5.66
1992-09-12,0.099,4.76
1992-09-13,0.38,8.08
1992-09-14,0.085,5.27
1992-09-15,0.0,0.0
1992-09-16,0.357,6.29
1992-09-17,0.474,6.36
1992-09-18,0.0,0.0
1992-09-19,0.0,0.0
1992-09-20,0.053,3.01
1992-09-21,0.227,4.55
1992-09-22,0.319,15.03
1992-09-23,0.02,3.62
1992-09-24,0.0,0.0
1992-09-25,0.0,0.0
1992-09-26,0.1,2.43
1992-09-27,0.078,3.21
1992-09-28,0.256,14.69
1992-09-29,0.0,0.0
1992-09-30,0.397,5.88
1992-10-01,0.0,0.0
1992-10-02,0.076,7.12
1992-10-03,0.0,0.0
1992-10-04,0.011,2.78
1992-10-05,1.805,13.37
1992-10-06,1.074,18.96
1992-10-07,1.203,18.96
1992-10-08,1.203,9.47
1992-10-09,0.594,7.94
1992-10-10,0.0,0.0
1992-10-11,0.0,0.0
1992-10-12,0.0,0.0
1992-10-13,0.0,0.0
1992-10-14,0.0,0.0
1992-10-15,0.0,0.0
1992-10-16,0.0,0.0
1992-10-17,0.288,7.97
1992-10-18,0.0,0.0
1992-10-19,0.0,0.0
1992-10-20,0.005,2.44
1992-10-21,0.007,3.39
1992-10-22,0.0,0.0
1992-10-23,0.0,0.0
1992-10-24,0.0,0.0
1992-10-25,0.0,0.0
1992-10-26,0.005,2.47
1992-10-27,0.097,3.85
1992-10-28,0.0,0.0
1992-10-29,0.385,5.5
1992-10-30,0.0,0.0
1992-10-31,0.087,2.52
1992-11-01,0.0,0.0
1992-11-02,0.0,0.0
1992-11-03,0.0,0.0
1992-11-04,0.022,3.06
1992-11-05,0.012,5.93
1992-11-06,1.576,9.64
1992-11-07,0.0,0.0
1992-11-08,0.019,4.62
1992-11-09,0.0,0.0
1992-11-10,0.825,16.86
1992-11-11,0.0,0.0
1992-11-12,0.0,0.0
1992-11-13,0.051,4.47
1992-11-14,0.0,0.0
1992-11-15,0.0,0.0
1992-11-16,0.0,0.0
1992-11-17,0.006,2.88
1992-11-18,1.127,9.89
1992-11-19,0.322,8.4
1992-11-20,0.015,7.54
1992-11-21,1.883,10.46
1992-11-22,0.0,0.0
1992-11-23,0.0,0.0
1992-11-24,0.0,0.0
1992-11-25,0.0,0.0
1992-11-26,0.0,0.0
1992-11-27,0.0,0.0
1992-11-28,0.202,2.84
1992-11-29,1.804,6.81
1992-11-30,1.226,9.85
1992-12-01,0.378,8.03
1992-12-02,0.0,0.0
1992-12-03,0.688,16.37
1992-12-04,2.365,20.73
1992-12-05,0.0,0.0
1992-12-06,0.0,0.0
1992-12-07,0.0,0.0
1992-12-08,0.0,0.0
1992-12-09,0.0,0.0
1992-12-10,0.642,15.89
1992-12-11,0.0,0.0
1992-12-12,0.0,0.0
1992-12-13,0.0,0.0
1992-12-14,0.177,5.79
1992-12-15,0.0,0.0
1992-12-16,0.0,0.0
1992-12-17,0.489,11.75
1992-12-18,0.413,4.7
1992-12-19,2.082,25.71
1992-12-20,1.242,11.55
1992-12-21,3.196,16.55
1992-12-22,0.97,10.01
1992-12-23,0.288,20.61
1992-12-24,0.0,0.0
1992-12-25,0.0,0.0
1992-12-26,0.645,12.06
1992-12-27,0.38,8.42
1992-12-28,0.0,0.0
1992-12-29,1.37,32.79
1992-12-30,7.184,52.38
1992-12-31,0.873,10.83
1993-01-01,2.108,53.97
1993-01-02,1.708,69.32
1993-01-03,0.0,0.0
1993-01-04,9.87,73.3
1993-01-05,10.315,89.29
1993-01-06,4.153,92.58
1993-01-07,7.249,52.1
1993-01-08,1.931,41.86
1993-01-09,6.945,61.27
1993-01-10,0.939,35.92
1993-01-11,4.787,33.66
1993-01-12,8.173,79.33
1993-01-13,0.08,8.26
1993-01-14,0.0,0.0
1993-01-15,0.472,108.79
1993-01-16,10.787,136.28
1993-01-17,3.616,89.85
1993-01-18,0.068,6.69
1993-01-19,6.988,116.78
1993-01-20,24.081,115.62
1993-01-21,0.264,44.03
1993-01-22,7.047,121.21
1993-01-23,8.855,79.72
1993-01-24,0.376,16.76
1993-01-25,1.393,106.79
1993-01-26,1.557,35.17
1993-01-27,1.89,37.27
1993-01-28,5.771,49.13
1993-01-29,0.793,13.25
1993-01-30,1.027,62.3
1993-01-31,2.07,31.53
1993-02-01,0.966,91.36
1993-02-02,0.0,0.0
1993-02-03,12.172,101.31
1993-02-04,0.0,0.0
1993-02-05,5.664,101.71
1993-02-06,36.001,93.38
1993-02-07,45.88,179.67
1993-02-08,40.598,102.67
1993-02-09,0.0,0.0
1993-02-10,0.08,20.22
1993-02-11,38.616,136.39
1993-02-12,58.899,135.58
1993-02-13,34.112,104.67
1993-02-14,4.76,68.54
1993-02-15,4.159,48.84
1993-02-16,28.651,82.03
1993-02-17,4.338,53.11
1993-02-18,0.0,0.0
1993-02-19,6.562,84.53
1993-02-20,0.0,0.0
1993-02-21,0.0,0.0
1993-02-22,0.0,0.0
1993-02-23,0.0,0.0
1993-02-24,0.0,0.0
1993-02-25,8.201,99.26
1993-02-26,36.343,78.79
1993-02-27,25.092,110.51
1993-02-28,5.286,32.83
1993-03-01,0.052,13.0
1993-03-02,35.375,99.07
1993-03-03,2.919,34.45
1993-03-04,20.839,72.19
1993-03-05,3.633,27.17
1993-03-06,7.421,38.74
1993-03-07,4.476,16.11
1993-03-08,8.733,31.2
1993-03-09,23.484,69.42
1993-03-10,10.154,24.45
1993-03-11,47.735,89.8
1993-03-12,0.065,16.14
1993-03-13,0.0,0.0
1993-03-14,19.722,74.19
1993-03-15,8.84,44.29
1993-03-16,7.417,32.51
1993-03-17,8.696,28.95
1993-03-18,21.185,57.58
1993-03-19,1.333,19.79
1993-03-20,13.199,48.77
1993-03-21,22.971,44.61
1993-03-22,6.248,44.57
1993-03-23,16.774,75.35
1993-03-24,3.384,25.52
1993-03-25,14.261,51.0
1993-03-26,5.709,61.13
1993-03-27,15.526,42.82
1993-03-28,22.877,51.72
1993-03-29,6.977,60.58
1993-03-30,12.404,47.69
1993-03-31,19.311,60.51
1993-04-01,13.269,46.36
1993-04-02,40.014,90.35
1993-04-03,8.687,56.22
1993-04-04,0.198,13.76
1993-04-05,16.888,41.75
1993-04-06,5.996,27.43
1993-04-07,20.317,39.7
1993-04-08,5.051,33.87
1993-04-09,6.693,35.08
1993-04-10,5.957,38.71
1993-04-11,0.457,17.65
1993-04-12,16.517,40.04
1993-04-13,11.27,50.88
1993-04-14,17.253,61.63
1993-04-15,13.336,61.25
1993-04-16,13.305,86.36
1993-04-17,22.719,60.59
1993-04-18,14.458,51.6
1993-04-19,6.217,38.04
1993-04-20,1.671,11.13
1993-04-21,2.489,24.72
1993-04-22,2.471,18.57
1993-04-23,7.15,26.06
1993-04-24,4.993,49.13
1993-04-25,1.54,24.56
1993-04-26,3.009,54.33
1993-04-27,2.209,36.2
1993-04-28,6.878,54.98
1993-04-29,23.752,80.34
1993-04-30,0.0,0.0
1993-05-01,1.006,43.48
1993-05-02,8.059,38.89
1993-05-03,1.777,39.21
1993-05-04,5.557,57.04
1993-05-05,5.23,20.97
1993-05-06,0.0,0.0
1993-05-07,0.0,0.0
1993-05-08,0.0,0.0
1993-05-09,1.364,28.98
1993-05-10,10.0,32.84
1993-05-11,2.78,35.13
1993-05-12,0.195,16.51
1993-05-13,0.561,22.4
1993-05-14,0.265,15.6
1993-05-15,9.737,39.37
1993-05-16,13.348,44.62
1993-05-17,6.329,21.99
1993-05-18,0.747,10.84
1993-05-19,0.0,0.0
1993-05-20,0.0,0.0
1993-05-21,0.55,30.22
1993-05-22,0.0,0.0
1993-05-23,0.274,19.87
1993-05-24,0.0,0.0
1993-05-25,0.0,0.0
1993-05-26,0.0,0.0
1993-05-27,3.498,17.23
1993-05-28,2.319,13.0
1993-05-29,1.089,16.67
1993-05-30,2.899,21.51
1993-05-31,2.093,25.39
1993-06-01,1.967,17.63
1993-06-02,0.563,8.36
1993-06-03,0.163,3.57
1993-06-04,0.0,0.0
1993-06-05,0.0,0.0
1993-06-06,0.0,0.0
1993-06-07,1.695,7.18
1993-06-08,0.956,6.17
1993-06-09,0.0,0.0
1993-06-10,0.0,0.0
1993-06-11,0.0,0.0
1993-06-12,0.297,5.68
1993-06-13,0.731,7.01
1993-06-14,0.0,0.0
1993-06-15,0.291,6.79
1993-06-16,0.073,3.87
1993-06-17,0.0,0.0
1993-06-18,0.294,7.22
1993-06-19,0.042,20.31
1993-06-20,1.448,12.22
1993-06-21,1.631,14.13
1993-06-22,0.0,0.0
1993-06-23,0.0,0.0
1993-06-24,0.411,16.16
1993-06-25,0.868,10.43
1993-06-26,1.145,17.87
1993-06-27,0.0,0.0
1993-06-28,0.0,0.0
1993-06-29,0.0,0.0
1993-06-30,0.17,26.92
1993-07-01,0.028,4.36
1993-07-02,0.0,0.0
1993-07-03,0.0,0.0
1993-07-04,0.0,0.0
1993-07-05,0.03,7.67
1993-07-06,0.0,0.0
1993-07-07,0.094,5.6
1993-07-08,1.093,6.99
1993-07-09,0.0,0.0
1993-07-10,0.0,0.0
1993-07-11,0.065,4.56
1993-07-12,0.096,5.77
1993-07-13,0.495,5.7
1993-07-14,0.009,1.2
1993-07-15,0.15,5.75
1993-07-16,0.008,3.93
1993-07-17,0.034,4.78
1993-07-18,0.0,0.0
1993-07-19,0.0,0.0
1993-07-20,1.063,5.98
1993-07-21,0.094,1.45
1993-07-22,0.055,0.79
1993-07-23,0.056,0.69
1993-07-24,0.276,2.3
1993-07-25,0.148,1.36
1993-07-26,0.02,0.61
1993-07-27,0.161,1.39
1993-07-28,0.235,3.93
1993-07-29,0.054,1.11
1993-07-30,0.103,1.02
1993-07-31,0.045,0.64
1993-08-01,0.001,0.26
1993-08-02,0.0,0.07
1993-08-03,0.011,0.36
1993-08-04,0.137,1.23
1993-08-05,0.153,1.37
1993-08-06,0.02,0.88
1993-08-07,0.904,4.85
1993-08-08,0.0,0.0
1993-08-09,0.0,0.0
1993-08-10,0.0,0.0
1993-08-11,0.203,2.74
1993-08-12,1.42,10.42
1993-08-13,0.0,0.0
1993-08-14,0.0,0.0
1993-08-15,0.0,0.0
1993-08-16,0.0,0.0
1993-08-17,0.0,0.0
1993-08-18,0.693,10.51
1993-08-19,0.0,0.02
1993-08-20,0.0,0.0
1993-08-21,0.252,2.42
1993-08-22,0.553,4.71
1993-08-23,0.182,2.04
1993-08-24,0.08,2.03
1993-08-25,1.339,9.93
1993-08-26,0.0,0.0
1993-08-27,0.0,0.0
1993-08-28,0.949,5.7
1993-08-29,0.0,0.0
1993-08-30,0.0,0.0
1993-08-31,0.0,0.0
1993-09-01,0.013,3.8
1993-09-02,0.0,0.0
1993-09-03,0.01,5.05
1993-09-04,0.0,0.0
1993-09-05,0.006,3.04
1993-09-06,0.0,0.0
1993-09-07,0.0,0.0
1993-09-08,0.0,0.0
1993-09-09,0.072,4.43
1993-09-10,0.124,3.47
1993-09-11,0.0,0.0
1993-09-12,0.525,4.55
1993-09-13,1.06,4.41
1993-09-14,0.695,4.64
1993-09-15,0.227,1.85
1993-09-16,0.158,1.58
1993-09-17,0.143,1.84
1993-09-18,0.169,1.39
1993-09-19,0.149,1.42
1993-09-20,0.229,1.33
1993-09-21,1.433,10.14
1993-09-22,0.173,5.11
1993-09-23,0.081,5.11
1993-09-24,0.0,0.0
1993-09-25,0.196,4.34
1993-09-26,0.0,0.0
1993-09-27,0.151,5.35
1993-09-28,0.571,3.98
1993-09-29,0.0,0.0
1993-09-30,0.0,0.0
1993-10-01,0.0,0.0
1993-10-02,0.119,1.52
1993-10-03,0.0,0.0
1993-10-04,0.0,0.0
1993-10-05,1.495,6.53
1993-10-06,0.015,0.13
1993-10-07,0.018,0.23
1993-10-08,0.017,0.26
1993-10-09,0.03,0.39
1993-10-10,0.019,0.2
1993-10-11,0.064,0.8
1993-10-12,0.118,0.92
1993-10-13,0.09,0.72
1993-10-14,0.117,0.85
1993-10-15,0.109,0.93
1993-10-16,0.166,1.52
1993-10-17,0.0,0.0
1993-10-18,0.148,1.22
1993-10-19,0.466,2.65
1993-10-20,0.412,2.95
1993-10-21,0.121,0.9
1993-10-22,0.123,0.99
1993-10-23,0.121,0.91
1993-10-24,0.124,1.05
1993-10-25,0.105,0.99
1993-10-26,0.784,4.08
1993-10-27,0.876,3.84
1993-10-28,0.279,1.92
1993-10-29,0.018,1.36
1993-10-30,0.061,1.36
1993-10-31,0.007,1.86
1993-11-01,0.0,0.0
1993-11-02,0.061,3.72
1993-11-03,0.133,4.71
1993-11-04,0.088,3.13
1993-11-05,0.0,0.0
1993-11-06,0.008,3.88
1993-11-07,0.009,2.27
1993-11-08,0.0,0.0
1993-11-09,0.009,4.61
1993-11-10,1.714,5.75
1993-11-11,0.029,3.04
1993-11-12,0.0,0.0
1993-11-13,0.0,0.0
1993-11-14,0.0,0.0
1993-11-15,0.0,0.0
1993-11-16,0.102,4.35
1993-11-17,0.0,0.0
1993-11-18,0.047,3.85
1993-11-19,0.0,0.0
1993-11-20,1.554,6.48
1993-11-21,0.813,4.78
1993-11-22,0.989,5.13
1993-11-23,0.03,4.86
1993-11-24,0.047,2.54
1993-11-25,0.005,2.39
1993-11-26,0.046,4.09
1993-11-27,1.744,15.87
1993-11-28,0.35,8.69
1993-11-29,0.0,0.0
1993-11-30,0.0,0.0
1993-12-01,0.0,0.0
1993-12-02,0.0,0.0
1993-12-03,0.0,0.0
1993-12-04,0.0,0.0
1993-12-05,0.765,11.84
1993-12-06,0.394,9.26
1993-12-07,0.191,10.15
1993-12-08,0.008,4.1
1993-12-09,0.0,0.0
1993-12-10,0.0,0.0
1993-12-11,0.119,9.5
1993-12-12,0.007,3.19
1993-12-13,0.205,13.81
1993-12-14,0.0,0.0
1993-12-15,0.0,0.0
1993-12-16,0.035,5.46
1993-12-17,1.161,9.43
1993-12-18,10.899,68.58
1993-12-19,5.121,105.11
1993-12-20,0.138,6.11
1993-12-21,0.592,10.61
1993-12-22,0.057,7.31
1993-12-23,0.71,18.24
1993-12-24,0.911,8.06
1993-12-25,0.506,53.63
1993-12-26,0.0,0.0
1993-12-27,9.322,59.21
1993-12-28,0.0,0.0
1993-12-29,0.638,12.36
1993-12-30,2.511,13.37
1993-12-31,2.477,12.2
1994-01-01,0.371,43.77
1994-01-02,0.058,7.24
1994-01-03,0.011,5.61
1994-01-04,0.236,10.2
1994-01-05,1.349,22.96
1994-01-06,11.209,175.12
1994-01-07,6.616,160.96
1994-01-08,0.192,11.65
1994-01-09,0.121,10.92
1994-01-10,0.495,68.57
1994-01-11,6.812,94.41
1994-01-12,0.04,6.81
1994-01-13,0.0,0.0
1994-01-14,0.371,22.49
1994-01-15,6.947,241.82
1994-01-16,21.132,164.3
1994-01-17,12.405,226.5
1994-01-18,3.907,129.78
1994-01-19,0.006,1.56
1994-01-20,0.33,11.92
1994-01-21,0.207,10.74
1994-01-22,0.485,15.8
1994-01-23,0.0,0.0
1994-01-24,2.763,94.98
1994-01-25,0.0,0.0
1994-01-26,0.0,0.0
1994-01-27,0.119,11.59
1994-01-28,18.25,147.26
1994-01-29,18.224,223.6
1994-01-30,25.138,138.06
1994-01-31,69.309,234.41
1994-02-01,30.442,120.95
1994-02-02,0.476,53.92
1994-02-03,29.02,109.27
1994-02-04,0.306,12.71
1994-02-05,2.71,57.12
1994-02-06,6.532,42.23
1994-02-07,8.634,34.77
1994-02-08,10.472,47.16
1994-02-09,9.328,69.87
1994-02-10,14.022,48.54
1994-02-11,2.042,53.66
1994-02-12,2.866,54.28
1994-02-13,30.443,148.12
1994-02-14,6.744,92.3
1994-02-15,2.369,75.58
1994-02-16,1.583,46.24
1994-02-17,2.585,71.14
1994-02-18,0.17,22.54
1994-02-19,0.587,24.39
1994-02-20,0.409,41.77
1994-02-21,3.881,40.58
1994-02-22,3.044,51.4
1994-02-23,0.987,55.57
1994-02-24,2.79,50.81
1994-02-25,31.919,118.07
1994-02-26,14.316,49.38
1994-02-27,1.476,25.56
1994-02-28,0.167,19.11
1994-03-01,1.858,74.06
1994-03-02,13.116,148.84
1994-03-03,12.803,96.75
1994-03-04,21.326,66.81
1994-03-05,0.696,28.88
1994-03-06,0.0,0.0
1994-03-07,0.0,0.0
1994-03-08,2.698,74.38
1994-03-09,0.0,0.0
1994-03-10,0.0,0.0
1994-03-11,0.316,56.45
1994-03-12,0.317,53.43
1994-03-13,2.37,58.14
1994-03-14,0.923,70.01
1994-03-15,0.972,67.5
1994-03-16,0.957,35.2
1994-03-17,6.279,87.68
1994-03-18,15.535,75.84
1994-03-19,0.0,0.0
1994-03-20,1.463,48.98
1994-03-21,1.972,27.95
1994-03-22,4.307,31.73
1994-03-23,2.004,24.22
1994-03-24,0.0,0.0
1994-03-25,0.333,13.53
1994-03-26,0.0,0.0
1994-03-27,0.0,0.0
1994-03-28,57.732,176.91
1994-03-29,21.031,99.09
1994-03-30,7.053,48.21
1994-03-31,18.419,65.12
1994-04-01,10.089,96.06
1994-04-02,9.386,42.87
1994-04-03,0.0,0.0
1994-04-04,0.0,0.0
1994-04-05,0.0,0.0
1994-04-06,0.011,5.58
1994-04-07,9.671,80.14
1994-04-08,4.436,45.65
1994-04-09,0.337,45.68
1994-04-10,1.914,22.73
1994-04-11,0.355,22.76
1994-04-12,5.865,48.75
1994-04-13,3.619,50.03
1994-04-14,3.728,43.05
1994-04-15,0.0,0.0
1994-04-16,0.0,0.0
1994-04-17,0.09,22.19
1994-04-18,0.796,25.91
1994-04-19,22.161,108.6
1994-04-20,12.697,103.6
1994-04-21,4.785,49.69
1994-04-22,0.0,0.0
1994-04-23,0.0,0.0
1994-04-24,0.0,0.0
1994-04-25,1.894,39.9
1994-04-26,0.151,26.47
1994-04-27,1.467,21.24
1994-04-28,6.163,53.24
1994-04-29,2.783,30.62
1994-04-30,8.191,31.49
1994-05-01,9.065,41.26
1994-05-02,0.054,26.15
1994-05-03,0.0,0.0
1994-05-04,0.0,0.0
1994-05-05,3.315,64.35
1994-05-06,0.0,0.0
1994-05-07,0.895,39.66
1994-05-08,0.228,6.81
1994-05-09,1.441,37.85
1994-05-10,0.0,0.0
1994-05-11,0.04,19.75
1994-05-12,3.547,43.0
1994-05-13,0.0,0.0
1994-05-14,0.0,0.0
1994-05-15,0.0,0.0
1994-05-16,0.1,27.15
1994-05-17,0.0,0.0
1994-05-18,16.793,65.63
1994-05-19,0.023,5.81
1994-05-20,0.323,14.68
1994-05-21,0.104,15.35
1994-05-22,0.871,23.58
1994-05-23,0.0,0.0
1994-05-24,0.312,10.14
1994-05-25,0.715,20.55
1994-05-26,5.463,64.94
1994-05-27,1.77,40.04
1994-05-28,0.248,32.47
1994-05-29,0.0,0.0
1994-05-30,0.0,0.0
1994-05-31,0.0,0.0
1994-06-01,0.0,0.0
1994-06-02,1.647,11.0
1994-06-03,1.715,9.23
1994-06-04,0.035,17.03
1994-06-05,0.236,6.22
1994-06-06,1.623,7.5
1994-06-07,0.231,5.85
1994-06-08,0.0,0.0
1994-06-09,0.051,2.71
1994-06-10,0.351,6.27
1994-06-11,0.624,7.09
1994-06-12,0.046,22.68
1994-06-13,0.0,0.0
1994-06-14,0.0,0.0
1994-06-15,0.0,0.0
1994-06-16,0.0,0.0
1994-06-17,0.0,0.0
1994-06-18,0.416,6.25
1994-06-19,0.0,0.0
1994-06-20,0.215,7.18
1994-06-21,0.609,8.4
1994-06-22,2.828,6.9
1994-06-23,0.0,0.0
1994-06-24,0.0,0.0
1994-06-25,0.0,0.0
1994-06-26,2.533,13.91
1994-06-27,0.693,9.31
1994-06-28,0.0,0.0
1994-06-29,0.0,0.0
1994-06-30,0.292,7.53
1994-07-01,0.032,3.29
1994-07-02,0.113,3.3
1994-07-03,0.0,0.0
1994-07-04,0.0,0.0
1994-07-05,0.652,4.69
1994-07-06,0.0,0.0
1994-07-07,0.0,0.0
1994-07-08,0.0,0.0
1994-07-09,1.58,10.67
1994-07-10,0.0,0.0
1994-07-11,0.074,3.74
1994-07-12,0.0,0.0
1994-07-13,0.0,0.0
1994-07-14,0.0,0.0
1994-07-15,0.0,0.0
1994-07-16,0.0,0.0
1994-07-17,0.0,0.0
1994-07-18,0.0,0.0
1994-07-19,0.0,0.0
1994-07-20,0.0,0.0
1994-07-21,0.0,0.0
1994-07-22,0.0,0.0
1994-07-23,0.0,0.0
1994-07-24,0.0,0.0
1994-07-25,0.0,0.0
1994-07-26,0.0,0.0
1994-07-27,0.0,0.0
1994-07-28,0.0,0.0
1994-07-29,0.439,4.74
1994-07-30,0.003,1.31
1994-07-31,0.055,1.68
1994-08-01,0.0,0.0
1994-08-02,0.0,0.0
1994-08-03,0.32,6.62
1994-08-04,0.0,0.0
1994-08-05,0.009,2.34
1994-08-06,0.038,3.22
1994-08-07,0.083,4.13
1994-08-08,0.808,10.34
1994-08-09,1.046,10.44
1994-08-10,0.328,6.29
1994-08-11,0.066,3.21
1994-08-12,0.068,5.84
1994-08-13,0.0,0.0
1994-08-14,0.0,0.0
1994-08-15,0.012,2.04
1994-08-16,0.0,0.0
1994-08-17,0.0,0.0
1994-08-18,0.287,4.63
1994-08-19,0.199,4.98
1994-08-20,0.0,0.0
1994-08-21,0.0,0.0
1994-08-22,0.0,0.0
1994-08-23,0.059,3.78
1994-08-24,0.335,7.94
1994-08-25,0.455,5.11
1994-08-26,0.0,0.0
1994-08-27,0.341,4.51
1994-08-28,0.0,0.0
1994-08-29,0.124,3.87
1994-08-30,0.0,0.0
1994-08-31,0.0,0.0
1994-09-01,0.0,0.0
1994-09-02,0.0,0.0
1994-09-03,0.0,0.0
1994-09-04,0.0,0.0
1994-09-05,0.0,0.0
1994-09-06,0.132,3.93
1994-09-07,0.0,0.0
1994-09-08,0.0,0.0
1994-09-09,0.061,4.56
1994-09-10,0.0,0.0
1994-09-11,0.0,0.0
1994-09-12,0.0,0.0
1994-09-13,1.668,6.13
1994-09-14,0.0,0.0
1994-09-15,0.0,0.0
1994-09-16,0.573,3.36
1994-09-17,0.0,0.0
1994-09-18,0.0,0.0
1994-09-19,0.0,0.0
1994-09-20,0.113,4.52
1994-09-21,0.0,0.0
1994-09-22,0.0,0.0
1994-09-23,0.086,4.13
1994-09-24,0.314,5.88
1994-09-25,2.388,6.14
1994-09-26,0.563,6.35
1994-09-27,1.185,17.09
1994-09-28,0.0,0.0
1994-09-29,0.0,0.0
1994-09-30,0.0,0.0
1994-10-01,0.0,0.0
1994-10-02,0.0,0.0
1994-10-03,0.022,3.29
1994-10-04,0.0,0.0
1994-10-05,0.0,0.0
1994-10-06,0.0,0.0
1994-10-07,0.032,3.16
1994-10-08,1.542,11.96
1994-10-09,0.0,0.0
1994-10-10,0.03,6.18
1994-10-11,0.0,0.0
1994-10-12,0.0,0.0
1994-10-13,0.0,0.0
1994-10-14,0.057,3.44
1994-10-15,3.882,15.61
1994-10-16,0.084,4.27
1994-10-17,0.0,0.0
1994-10-18,0.798,5.72
1994-10-19,0.344,8.93
1994-10-20,0.058,4.59
1994-10-21,0.0,0.0
1994-10-22,0.0,0.0
1994-10-23,0.007,2.04
1994-10-24,0.379,7.02
1994-10-25,0.218,4.95
1994-10-26,0.094,4.08
1994-10-27,0.732,10.26
1994-10-28,0.0,0.0
1994-10-29,0.0,0.0
1994-10-30,0.0,0.0
1994-10-31,0.0,0.0
1994-11-01,0.035,3.7
1994-11-02,0.137,4.34
1994-11-03,0.0,0.0
1994-11-04,0.22,9.48
1994-11-05,0.394,7.99
1994-11-06,0.274,7.63
1994-11-07,0.308,13.98
1994-11-08,0.0,0.0
1994-11-09,0.0,0.0
1994-11-10,0.884,7.43
1994-11-11,0.0,0.0
1994-11-12,0.0,0.0
1994-11-13,0.0,0.0
1994-11-14,0.0,0.0
1994-11-15,0.0,0.0
1994-11-16,0.092,4.78
1994-11-17,0.569,4.79
1994-11-18,0.0,0.0
1994-11-19,0.105,4.46
1994-11-20,0.0,0.0
1994-11-21,0.031,5.88
1994-11-22,0.484,11.27
1994-11-23,1.155,7.42
1994-11-24,0.812,10.29
1994-11-25,1.692,7.43
1994-11-26,0.479,5.71
1994-11-27,0.017,8.28
1994-11-28,0.0,0.0
1994-11-29,0.0,0.0
1994-11-30,0.515,7.35
1994-12-01,0.0,0.0
1994-12-02,0.0,0.0
1994-12-03,0.015,7.32
1994-12-04,0.0,0.0
1994-12-05,0.0,0.0
1994-12-06,0.173,7.45
1994-12-07,0.0,0.0
1994-12-08,0.0,0.0
1994-12-09,0.0,0.0
1994-12-10,0.092,8.56
1994-12-11,0.0,0.0
1994-12-12,0.0,0.0
1994-12-13,0.092,7.0
1994-12-14,0.0,0.0
1994-12-15,1.536,13.64
1994-12-16,0.337,6.36
1994-12-17,0.121,6.3
1994-12-18,0.0,0.0
1994-12-19,0.0,0.0
1994-12-20,0.28,26.16
1994-12-21,0.575,15.82
1994-12-22,0.433,9.76
1994-12-23,1.577,96.94
1994-12-24,6.388,65.67
1994-12-25,1.264,54.26
1994-12-26,6.821,73.28
1994-12-27,4.148,95.41
1994-12-28,1.017,40.81
1994-12-29,6.276,93.95
1994-12-30,1.366,15.26
1994-12-31,0.018,8.72
1995-01-01,0.663,9.05
1995-01-02,1.562,12.34
1995-01-03,3.476,37.16
1995-01-04,18.639,83.93
1995-01-05,19.916,101.65
1995-01-06,4.068,38.16
1995-01-07,9.206,30.19
1995-01-08,17.414,63.76
1995-01-09,8.678,91.11
1995-01-10,5.107,28.02
1995-01-11,0.236,10.14
1995-01-12,0.0,0.0
1995-01-13,0.0,0.0
1995-01-14,0.081,13.71
1995-01-15,0.797,48.82
1995-01-16,0.818,83.46
1995-01-17,1.675,75.66
1995-01-18,0.0,0.0
1995-01-19,0.508,53.33
1995-01-20,5.057,85.15
1995-01-21,1.079,57.29
1995-01-22,0.621,85.59
1995-01-23,0.182,7.55
1995-01-24,2.937,76.16
1995-01-25,0.585,15.29
1995-01-26,0.761,9.38
1995-01-27,2.763,91.64
1995-01-28,0.0,0.0
1995-01-29,3.464,134.31
1995-01-30,1.142,14.37
1995-01-31,5.551,110.28
1995-02-01,10.54,45.32
1995-02-02,5.742,18.89
1995-02-03,13.349,47.44
1995-02-04,4.862,23.48
1995-02-05,9.935,25.23
1995-02-06,133.996,238.0
1995-02-07,0.578,35.54
1995-02-08,0.937,44.43
1995-02-09,14.504,73.55
1995-02-10,0.986,43.23
1995-02-11,15.272,96.75
1995-02-12,0.0,0.0
1995-02-13,6.766,91.36
1995-02-14,0.0,0.0
1995-02-15,1.245,63.6
1995-02-16,10.736,33.58
1995-02-17,9.353,21.7
1995-02-18,19.78,50.97
1995-02-19,9.414,22.73
1995-02-20,4.977,18.73
1995-02-21,0.0,0.0
1995-02-22,0.0,0.0
1995-02-23,0.0,0.0
1995-02-24,0.0,0.0
1995-02-25,0.0,0.0
1995-02-26,0.0,0.0
1995-02-27,0.088,7.83
1995-02-28,2.878,16.42
1995-03-01,0.183,8.03
1995-03-02,0.0,0.0
1995-03-03,0.0,0.0
1995-03-04,0.247,5.09
1995-03-05,0.435,7.31
1995-03-06,4.973,23.15
1995-03-07,4.515,36.71
1995-03-08,0.185,9.28
1995-03-09,2.089,10.36
1995-03-10,2.799,19.42
1995-03-11,15.424,35.76
1995-03-12,0.299,6.98
1995-03-13,0.264,5.16
1995-03-14,0.264,5.16
1995-03-15,0.264,5.16
1995-03-16,0.076,19.03
1995-03-17,0.0,0.0
1995-03-18,0.0,0.0
1995-03-19,9.796,48.18
1995-03-20,40.614,71.24
1995-03-21,38.783,82.83
1995-03-22,8.464,53.77
1995-03-23,18.425,59.63
1995-03-24,0.451,28.11
1995-03-25,10.448,56.22
1995-03-26,0.668,25.43
1995-03-27,0.471,26.37
1995-03-28,0.954,25.25
1995-03-29,4.906,65.45
1995-03-30,3.117,38.56
1995-03-31,0.0,0.0
1995-04-01,0.887,32.0
1995-04-02,0.0,0.0
1995-04-03,0.019,9.24
1995-04-04,0.084,7.57
1995-04-05,0.0,0.0
1995-04-06,0.578,19.42
1995-04-07,3.911,42.56
1995-04-08,10.264,48.81
1995-04-09,2.419,21.28
1995-04-10,0.667,32.96
1995-04-11,3.199,20.04
1995-04-12,10.413,51.48
1995-04-13,7.773,39.11
1995-04-14,9.402,36.34
1995-04-15,0.179,10.14
1995-04-16,3.573,42.22
1995-04-17,3.452,59.27
1995-04-18,0.943,15.81
1995-04-19,0.0,0.0
1995-04-20,0.0,0.0
1995-04-21,0.0,0.0
1995-04-22,0.0,0.0
1995-04-23,0.15,8.19
1995-04-24,0.0,0.0
1995-04-25,2.33,11.43
1995-04-26,4.855,18.96
1995-04-27,2.399,14.28
1995-04-28,1.681,7.2
1995-04-29,0.009,4.47
1995-04-30,2.079,20.19
1995-05-01,0.0,0.0
1995-05-02,0.0,0.0
1995-05-03,0.0,0.0
1995-05-04,0.0,0.0
1995-05-05,6.222,30.84
1995-05-06,3.458,16.62
1995-05-07,0.798,10.38
1995-05-08,0.0,0.0
1995-05-09,0.0,0.0
1995-05-10,0.0,0.0
1995-05-11,0.0,0.0
1995-05-12,0.045,4.23
1995-05-13,0.0,0.0
1995-05-14,0.0,0.0
1995-05-15,0.0,0.0
1995-05-16,0.0,0.0
1995-05-17,0.0,0.0
1995-05-18,1.152,10.78
1995-05-19,0.083,5.05
1995-05-20,6.019,32.11
1995-05-21,2.303,24.83
1995-05-22,4.689,70.68
1995-05-23,0.328,47.85
1995-05-24,0.147,6.8
1995-05-25,0.662,30.92
1995-05-26,2.679,47.68
1995-05-27,1.36,38.92
1995-05-28,0.0,0.0
1995-05-29,0.0,0.0
1995-05-30,0.079,6.06
1995-05-31,0.0,0.0
1995-06-01,0.255,5.98
1995-06-02,0.091,4.92
1995-06-03,0.01,4.96
1995-06-04,3.103,14.19
1995-06-05,4.978,54.2
1995-06-06,0.928,7.8
1995-06-07,0.0,0.0
1995-06-08,0.0,0.0
1995-06-09,0.0,0.0
1995-06-10,0.023,5.19
1995-06-11,0.477,7.04
1995-06-12,0.0,0.0
1995-06-13,0.321,7.22
1995-06-14,0.0,0.0
1995-06-15,0.0,0.0
1995-06-16,0.075,5.81
1995-06-17,0.126,6.08
1995-06-18,0.237,5.81
1995-06-19,0.0,0.0
1995-06-20,0.741,9.6
1995-06-21,0.0,0.0
1995-06-22,0.0,0.0
1995-06-23,0.269,6.14
1995-06-24,0.0,0.0
1995-06-25,0.032,2.32
1995-06-26,0.826,6.13
1995-06-27,2.245,9.05
1995-06-28,0.66,10.13
1995-06-29,0.0,0.0
1995-06-30,0.0,0.0
1995-07-01,0.0,0.0
1995-07-02,0.022,3.09
1995-07-03,0.184,5.36
1995-07-04,0.254,12.0
1995-07-05,0.0,0.0
1995-07-06,0.0,0.0
1995-07-07,0.18,4.57
1995-07-08,0.19,15.64
1995-07-09,0.0,0.0
1995-07-10,0.017,4.17
1995-07-11,0.0,0.0
1995-07-12,0.0,0.0
1995-07-13,0.0,0.0
1995-07-14,0.0,0.0
1995-07-15,0.0,0.0
1995-07-16,0.0,0.0
1995-07-17,0.073,6.0
1995-07-18,0.0,0.0
1995-07-19,0.0,0.0
1995-07-20,0.161,5.28
1995-07-21,0.347,9.93
1995-07-22,2.244,20.65
1995-07-23,0.208,6.39
1995-07-24,0.0,0.0
1995-07-25,0.073,5.94
1995-07-26,0.246,6.28
1995-07-27,0.0,0.0
1995-07-28,0.0,0.0
1995-07-29,0.202,8.83
1995-07-30,0.0,0.0
1995-07-31,0.0,0.0
1995-08-01,0.093,6.15
1995-08-02,0.0,0.0
1995-08-03,0.166,7.94
1995-08-04,0.012,3.04
1995-08-05,0.012,5.82
1995-08-06,0.0,0.0
1995-08-07,0.0,0.0
1995-08-08,0.0,0.0
1995-08-09,0.0,0.0
1995-08-10,0.079,5.82
1995-08-11,0.0,0.0
1995-08-12,0.0,0.0
1995-08-13,0.275,8.62
1995-08-14,0.0,0.0
1995-08-15,0.0,0.0
1995-08-16,0.182,9.01
1995-08-17,0.979,28.49
1995-08-18,0.304,6.95
1995-08-19,0.0,0.0
1995-08-20,0.0,0.0
1995-08-21,0.313,5.51
1995-08-22,0.257,8.43
1995-08-23,0.0,0.0
1995-08-24,0.0,0.0
1995-08-25,0.084,4.29
1995-08-26,0.552,5.23
1995-08-27,0.542,19.88
1995-08-28,0.0,0.0
1995-08-29,0.179,4.68
1995-08-30,0.0,0.0
1995-08-31,0.0,0.0
1995-09-01,0.317,4.86
1995-09-02,0.0,0.0
1995-09-03,0.0,0.0
1995-09-04,0.122,4.48
1995-09-05,0.0,0.0
1995-09-06,0.0,0.0
1995-09-07,0.0,0.0
1995-09-08,0.019,3.24
1995-09-09,0.118,5.32
1995-09-10,1.071,5.34
1995-09-11,0.055,5.06
1995-09-12,0.331,7.92
1995-09-13,0.033,8.66
1995-09-14,1.263,18.0
1995-09-15,0.095,6.19
1995-09-16,0.023,4.55
1995-09-17,0.599,4.28
1995-09-18,0.0,0.0
1995-09-19,0.0,0.0
1995-09-20,0.0,0.0
1995-09-21,0.0,0.0
1995-09-22,0.0,0.0
1995-09-23,0.474,8.95
1995-09-24,0.0,0.0
1995-09-25,0.908,13.72
1995-09-26,0.0,0.0
1995-09-27,0.0,0.0
1995-09-28,0.072,4.31
1995-09-29,0.0,0.0
1995-09-30,0.016,4.06
1995-10-01,0.009,2.42
1995-10-02,0.0,0.0
1995-10-03,0.0,0.0
1995-10-04,0.0,0.0
1995-10-05,0.0,0.0
1995-10-06,0.566,4.72
1995-10-07,0.178,6.46
1995-10-08,0.0,0.0
1995-10-09,0.536,7.59
1995-10-10,5.058,35.46
1995-10-11,0.0,0.0
1995-10-12,0.0,0.0
1995-10-13,0.075,12.94
1995-10-14,0.0,0.0
1995-10-15,1.758,8.28
1995-10-16,0.325,5.73
1995-10-17,0.0,0.0
1995-10-18,0.0,0.0
1995-10-19,0.0,0.0
1995-10-20,0.0,0.0
1995-10-21,0.0,0.0
1995-10-22,0.045,6.85
1995-10-23,0.038,2.57
1995-10-24,0.0,0.0
1995-10-25,0.0,0.0
1995-10-26,0.0,0.0
1995-10-27,0.0,0.0
1995-10-28,0.0,0.0
1995-10-29,0.0,0.0
1995-10-30,0.015,3.88
1995-10-31,0.331,6.89
1995-11-01,0.31,7.65
1995-11-02,0.024,6.02
1995-11-03,0.0,0.0
1995-11-04,0.057,4.28
1995-11-05,0.854,6.71
1995-11-06,0.008,3.96
1995-11-07,0.118,5.19
1995-11-08,0.962,7.79
1995-11-09,0.0,0.0
1995-11-10,0.0,0.0
1995-11-11,1.211,19.75
1995-11-12,0.265,7.32
1995-11-13,0.248,5.72
1995-11-14,0.011,5.47
1995-11-15,0.679,17.85
1995-11-16,0.819,13.66
1995-11-17,0.919,8.24
1995-11-18,0.458,12.52
1995-11-19,0.0,0.0
1995-11-20,1.426,29.53
1995-11-21,0.068,9.01
1995-11-22,0.328,7.99
1995-11-23,0.237,6.54
1995-11-24,0.005,2.62
1995-11-25,1.054,6.17
1995-11-26,0.0,0.0
1995-11-27,0.0,0.0
1995-11-28,0.0,0.0
1995-11-29,1.421,8.53
1995-11-30,0.401,7.29
1995-12-01,0.0,0.0
1995-12-02,0.079,6.54
1995-12-03,3.198,48.75
1995-12-04,0.0,0.0
1995-12-05,0.788,36.87
1995-12-06,0.0,0.0
1995-12-07,0.0,0.0
1995-12-08,0.0,0.0
1995-12-09,0.0,0.0
1995-12-10,0.523,8.51
1995-12-11,0.0,0.0
1995-12-12,0.052,4.65
1995-12-13,0.0,0.0
1995-12-14,0.0,0.0
1995-12-15,0.214,13.33
1995-12-16,0.0,0.0
1995-12-17,0.0,0.0
1995-12-18,0.0,0.0
1995-12-19,0.008,4.12
1995-12-20,1.039,8.24
1995-12-21,0.0,0.0
1995-12-22,0.48,41.38
1995-12-23,0.863,10.44
1995-12-24,0.0,0.0
1995-12-25,1.644,7.66
1995-12-26,1.872,11.63
1995-12-27,0.05,5.7
1995-12-28,3.554,14.51
1995-12-29,7.062,32.25
1995-12-30,0.386,9.35
1995-12-31,0.0,0.0
1996-01-01,0.042,7.72
1996-01-02,0.0,0.0
1996-01-03,0.0,0.0
1996-01-04,0.0,0.0
1996-01-05,0.0,0.0
1996-01-06,1.02,63.61
1996-01-07,36.169,166.93
1996-01-08,0.0,0.0
1996-01-09,12.811,103.44
1996-01-10,11.851,108.72
1996-01-11,0.0,0.0
1996-01-12,0.515,29.59
1996-01-13,20.481,121.75
1996-01-14,5.765,73.97
1996-01-15,3.024,47.76
1996-01-16,6.26,37.08
1996-01-17,0.766,20.41
1996-01-18,0.041,19.97
1996-01-19,5.27,65.05
1996-01-20,11.235,57.87
1996-01-21,11.443,63.08
1996-01-22,14.168,68.7
1996-01-23,0.051,9.38
1996-01-24,0.931,24.2
1996-01-25,0.0,0.0
1996-01-26,1.349,12.96
1996-01-27,5.809,28.74
1996-01-28,0.458,6.01
1996-01-29,0.512,9.57
1996-01-30,10.284,62.22
1996-01-31,3.789,33.02
1996-02-01,0.787,34.1
1996-02-02,4.4,104.8
1996-02-03,0.106,17.64
1996-02-04,1.962,51.86
1996-02-05,21.935,99.96
1996-02-06,0.0,0.0
1996-02-07,0.0,0.0
1996-02-08,0.0,0.0
1996-02-09,3.691,64.27
1996-02-10,1.46,79.96
1996-02-11,0.0,0.0
1996-02-12,16.741,98.84
1996-02-13,6.124,120.02
1996-02-14,8.01,95.72
1996-02-15,42.873,124.89
1996-02-16,5.812,39.25
1996-02-17,20.032,78.26
1996-02-18,43.696,157.06
1996-02-19,28.873,130.87
1996-02-20,3.795,59.66
1996-02-21,14.072,93.11
1996-02-22,3.818,63.65
1996-02-23,1.58,42.41
1996-02-24,7.692,42.41
1996-02-25,12.705,56.06
1996-02-26,0.0,0.0
1996-02-27,0.126,61.43
1996-02-28,30.791,88.25
1996-02-29,3.613,85.97
1996-03-01,26.897,127.36
1996-03-02,0.393,38.12
1996-03-03,8.031,78.82
1996-03-04,15.605,85.7
1996-03-05,19.41,113.1
1996-03-06,0.318,13.8
1996-03-07,7.959,69.89
1996-03-08,4.885,59.77
1996-03-09,7.687,62.82
1996-03-10,26.533,86.42
1996-03-11,9.491,50.21
1996-03-12,15.96,49.09
1996-03-13,1.601,42.63
1996-03-14,0.0,0.0
1996-03-15,2.952,44.32
1996-03-16,1.155,16.96
1996-03-17,0.118,18.45
1996-03-18,1.585,34.75
1996-03-19,15.33,76.56
1996-03-20,2.691,28.19
1996-03-21,1.594,30.99
1996-03-22,0.151,7.6
1996-03-23,0.0,0.0
1996-03-24,4.073,29.64
1996-03-25,5.147,25.67
1996-03-26,0.0,0.0
1996-03-27,0.455,8.99
1996-03-28,0.89,8.86
1996-03-29,6.855,26.77
1996-03-30,6.979,33.46
1996-03-31,0.098,5.1
1996-04-01,0.424,20.03
1996-04-02,0.0,0.0
1996-04-03,1.378,39.92
1996-04-04,5.827,45.86
1996-04-05,0.133,32.29
1996-04-06,0.065,31.78
1996-04-07,2.641,49.79
1996-04-08,0.261,9.31
1996-04-09,0.252,42.97
1996-04-10,1.849,47.94
1996-04-11,19.245,71.75
1996-04-12,0.118,6.76
1996-04-13,0.159,21.22
1996-04-14,2.064,30.76
1996-04-15,2.435,57.81
1996-04-16,5.136,63.32
1996-04-17,2.053,56.16
1996-04-18,9.976,72.94
1996-04-19,0.0,0.0
1996-04-20,0.005,2.24
1996-04-21,0.0,0.0
1996-04-22,0.0,0.0
1996-04-23,0.0,0.0
1996-04-24,1.46,35.5
1996-04-25,0.3,10.85
1996-04-26,0.126,9.07
1996-04-27,2.732,28.12
1996-04-28,0.009,2.24
1996-04-29,0.0,0.0
1996-04-30,1.982,29.47
1996-05-01,0.0,0.0
1996-05-02,0.0,0.0
1996-05-03,0.593,9.79
1996-05-04,0.0,0.0
1996-05-05,0.0,0.0
1996-05-06,0.0,0.0
1996-05-07,0.0,0.0
1996-05-08,0.0,0.0
1996-05-09,0.261,7.72
1996-05-10,0.255,7.13
1996-05-11,0.491,7.18
1996-05-12,0.195,5.76
1996-05-13,0.0,0.0
1996-05-14,1.261,35.83
1996-05-15,0.05,5.1
1996-05-16,0.441,8.69
1996-05-17,0.0,0.0
1996-05-18,0.81,7.38
1996-05-19,8.056,37.59
1996-05-20,0.154,38.38
1996-05-21,0.336,23.75
1996-05-22,0.0,0.0
1996-05-23,0.699,25.67
1996-05-24,0.0,0.0
1996-05-25,0.0,0.0
1996-05-26,0.0,0.0
1996-05-27,0.343,5.97
1996-05-28,3.311,37.07
1996-05-29,1.473,9.92
1996-05-30,0.0,0.0
1996-05-31,0.118,7.81
1996-06-01,0.0,0.0
1996-06-02,0.368,7.13
1996-06-03,0.153,6.22
1996-06-04,0.827,8.53
1996-06-05,0.422,5.85
1996-06-06,0.0,0.0
1996-06-07,0.0,0.0
1996-06-08,0.0,0.0
1996-06-09,0.0,0.0
1996-06-10,0.0,0.0
1996-06-11,0.0,0.0
1996-06-12,0.0,0.0
1996-06-13,0.698,8.75
1996-06-14,0.0,0.0
1996-06-15,0.795,6.49
1996-06-16,1.126,9.03
1996-06-17,0.0,0.0
1996-06-18,0.234,5.5
1996-06-19,1.24,6.44
1996-06-20,0.062,8.62
1996-06-21,0.141,20.9
1996-06-22,0.152,21.96
1996-06-23,0.0,0.0
1996-06-24,0.0,0.0
1996-06-25,0.688,14.04
1996-06-26,0.0,0.0
1996-06-27,0.0,0.0
1996-06-28,0.347,7.08
1996-06-29,4.875,10.69
1996-06-30,2.424,8.63
1996-07-01,0.443,7.1
1996-07-02,0.039,2.6
1996-07-03,0.173,5.61
1996-07-04,0.288,5.88
1996-07-05,0.08,1.49
1996-07-06,0.0,0.0
1996-07-07,0.0,0.0
1996-07-08,0.115,5.37
1996-07-09,0.084,4.79
1996-07-10,0.088,4.36
1996-07-11,0.0,0.0
1996-07-12,0.0,0.0
1996-07-13,0.316,9.18
1996-07-14,0.0,0.0
1996-07-15,0.0,0.0
1996-07-16,0.136,5.0
1996-07-17,0.0,0.0
1996-07-18,0.0,0.0
1996-07-19,0.018,5.53
1996-07-20,0.021,6.02
1996-07-21,0.0,0.0
1996-07-22,0.023,6.21
1996-07-23,0.0,0.0
1996-07-24,0.0,0.0
1996-07-25,0.787,7.7
1996-07-26,0.944,10.49
1996-07-27,0.087,4.93
1996-07-28,0.0,0.0
1996-07-29,0.0,0.0
1996-07-30,0.006,2.71
1996-07-31,0.116,3.3
1996-08-01,0.0,0.0
1996-08-02,0.188,4.57
1996-08-03,0.0,0.0
1996-08-04,0.0,0.0
1996-08-05,0.0,0.0
1996-08-06,0.0,0.0
1996-08-07,0.184,8.22
1996-08-08,0.121,4.88
1996-08-09,0.0,0.0
1996-08-10,0.735,10.42
1996-08-11,0.341,6.77
1996-08-12,0.183,5.63
1996-08-13,0.0,0.0
1996-08-14,0.0,0.0
1996-08-15,0.0,0.0
1996-08-16,0.636,20.17
1996-08-17,0.07,8.54
1996-08-18,0.0,0.0
1996-08-19,0.0,0.0
1996-08-20,0.649,11.61
1996-08-21,0.0,0.0
1996-08-22,0.035,2.87
1996-08-23,0.0,0.0
1996-08-24,0.0,0.0
1996-08-25,0.0,0.0
1996-08-26,0.033,9.17
1996-08-27,0.021,4.39
1996-08-28,0.0,0.0
1996-08-29,0.566,25.53
1996-08-30,0.067,3.72
1996-08-31,0.311,8.77
1996-09-01,0.206,4.7
1996-09-02,1.614,6.98
1996-09-03,0.169,7.56
1996-09-04,0.181,7.56
1996-09-05,0.181,7.56
1996-09-06,0.0,0.0
1996-09-07,0.0,0.0
1996-09-08,0.016,2.36
1996-09-09,0.053,7.55
1996-09-10,0.0,0.0
1996-09-11,0.0,0.0
1996-09-12,0.0,0.0
1996-09-13,0.0,0.0
1996-09-14,0.067,4.4
1996-09-15,0.067,4.4
1996-09-16,0.249,3.38
1996-09-17,1.931,14.5
1996-09-18,0.481,4.14
1996-09-19,0.008,4.02
1996-09-20,0.0,0.0
1996-09-21,0.0,0.0
1996-09-22,0.0,0.0
1996-09-23,0.019,3.22
1996-09-24,0.0,0.0
1996-09-25,0.0,0.0
1996-09-26,0.0,0.0
1996-09-27,0.0,0.0
1996-09-28,0.553,4.02
1996-09-29,0.004,2.08
1996-09-30,0.047,3.16
1996-10-01,0.0,0.0
1996-10-02,0.07,9.63
1996-10-03,0.238,4.76
1996-10-04,0.0,0.0
1996-10-05,0.0,0.0
1996-10-06,0.0,0.0
1996-10-07,0.0,0.0
1996-10-08,0.007,3.38
1996-10-09,0.204,4.43
1996-10-10,0.0,0.0
1996-10-11,3.221,15.77
1996-10-12,0.0,0.0
1996-10-13,0.02,3.59
1996-10-14,0.0,0.0
1996-10-15,0.176,17.88
1996-10-16,1.192,11.4
1996-10-17,0.0,0.0
1996-10-18,0.0,0.0
1996-10-19,0.0,0.0
1996-10-20,0.0,0.0
1996-10-21,0.007,3.6
1996-10-22,0.008,3.85
1996-10-23,0.0,0.0
1996-10-24,0.156,5.26
1996-10-25,0.0,0.0
1996-10-26,0.569,11.43
1996-10-27,0.0,0.0
1996-10-28,0.0,0.0
1996-10-29,3.556,23.34
1996-10-30,0.0,0.0
1996-10-31,0.0,0.0
1996-11-01,0.0,0.0
1996-11-02,0.252,4.26
1996-11-03,0.0,0.0
1996-11-04,0.0,0.0
1996-11-05,0.0,0.0
1996-11-06,0.0,0.0
1996-11-07,0.0,0.0
1996-11-08,0.0,0.0
1996-11-09,0.0,0.0
1996-11-10,0.009,4.22
1996-11-11,0.0,0.0
1996-11-12,0.425,5.84
1996-11-13,0.038,4.09
1996-11-14,0.0,0.0
1996-11-15,0.03,2.64
1996-11-16,0.226,4.0
1996-11-17,0.0,0.0
1996-11-18,0.234,6.88
1996-11-19,0.055,3.11
1996-11-20,0.082,9.96
1996-11-21,5.844,24.53
1996-11-22,0.102,5.27
1996-11-23,0.075,6.14
1996-11-24,0.0,0.0
1996-11-25,0.623,6.64
1996-11-26,0.052,7.04
1996-11-27,0.0,0.0
1996-11-28,0.086,4.3
1996-11-29,0.775,11.4
1996-11-30,0.065,3.51
1996-12-01,0.434,9.88
1996-12-02,0.112,5.87
1996-12-03,0.465,8.97
1996-12-04,3.452,14.12
1996-12-05,0.084,5.27
1996-12-06,1.943,14.32
1996-12-07,0.533,4.45
1996-12-08,1.078,18.42
1996-12-09,0.0,0.0
1996-12-10,0.0,0.0
1996-12-11,0.043,13.6
1996-12-12,0.0,0.0
1996-12-13,0.1,5.17
1996-12-14,0.143,6.84
1996-12-15,0.397,6.89
1996-12-16,0.451,9.18
1996-12-17,0.015,3.76
1996-12-18,0.0,0.0
1996-12-19,0.0,0.0
1996-12-20,0.0,0.0
1996-12-21,0.0,0.0
1996-12-22,0.0,0.0
1996-12-23,0.138,5.5
1996-12-24,1.046,6.2
1996-12-25,0.199,5.74
1996-12-26,0.036,4.65
1996-12-27,0.0,0.0
1996-12-28,0.074,4.79
1996-12-29,0.123,4.04
1996-12-30,0.908,6.54
1996-12-31,7.319,18.69
1997-01-01,0.268,10.45
1997-01-02,0.0,0.0
1997-01-03,0.0,0.0
1997-01-04,1.626,50.94
1997-01-05,1.197,11.6
1997-01-06,1.028,13.98
1997-01-07,0.724,61.31
1997-01-08,0.07,15.34
1997-01-09,22.405,141.96
1997-01-10,12.513,96.0
1997-01-11,0.0,0.0
1997-01-12,0.0,0.0
1997-01-13,0.02,3.47
1997-01-14,0.487,15.55
1997-01-15,0.0,0.0
1997-01-16,0.885,66.92
1997-01-17,2.776,49.69
1997-01-18,1.209,53.16
1997-01-19,0.617,66.92
1997-01-20,0.0,0.0
1997-01-21,0.079,11.38
1997-01-22,0.0,0.0
1997-01-23,2.896,91.18
1997-01-24,0.033,8.49
1997-01-25,1.198,11.5
1997-01-26,2.886,76.11
1997-01-27,0.226,66.65
1997-01-28,3.513,149.23
1997-01-29,0.3,12.66
1997-01-30,1.231,63.0
1997-01-31,31.91,142.0
1997-02-01,0.814,40.34
1997-02-02,0.035,16.91
1997-02-03,0.175,33.34
1997-02-04,0.067,11.81
1997-02-05,5.914,65.34
1997-02-06,11.709,130.76
1997-02-07,10.11,56.92
1997-02-08,35.017,158.22
1997-02-09,28.846,99.34
1997-02-10,7.954,51.83
1997-02-11,2.116,46.91
1997-02-12,0.646,22.99
1997-02-13,0.043,7.01
1997-02-14,0.0,0.0
1997-02-15,0.0,0.0
1997-02-16,0.0,0.0
1997-02-17,5.987,87.88
1997-02-18,3.059,73.51
1997-02-19,0.0,0.0
1997-02-20,0.054,14.23
1997-02-21,0.145,20.33
1997-02-22,0.036,6.48
1997-02-23,3.762,46.36
1997-02-24,0.119,29.87
1997-02-25,43.701,134.8
1997-02-26,10.512,37.79
1997-02-27,3.718,22.21
1997-02-28,9.594,28.3
1997-03-01,9.558,35.06
1997-03-02,6.534,24.83
1997-03-03,1.215,15.66
1997-03-04,1.975,17.98
1997-03-05,18.062,68.73
1997-03-06,2.247,10.8
1997-03-07,2.389,8.56
1997-03-08,5.041,9.73
1997-03-09,7.223,14.05
1997-03-10,8.559,18.0
1997-03-11,10.389,35.21
1997-03-12,9.666,30.42
1997-03-13,11.85,39.68
1997-03-14,24.762,60.53
1997-03-15,12.523,41.95
1997-03-16,53.339,161.18
1997-03-17,20.518,105.78
1997-03-18,16.556,112.6
1997-03-19,11.744,95.48
1997-03-20,36.001,105.78
1997-03-21,8.415,40.39
1997-03-22,0.0,0.0
1997-03-23,0.431,17.08
1997-03-24,0.098,13.56
1997-03-25,18.012,54.77
1997-03-26,0.334,9.6
1997-03-27,7.1,26.3
1997-03-28,14.23,33.05
1997-03-29,9.805,32.68
1997-03-30,0.0,0.0
1997-03-31,0.0,0.0
1997-04-01,1.574,38.39
1997-04-02,1.346,35.86
1997-04-03,1.622,38.87
1997-04-04,0.0,0.0
1997-04-05,0.0,0.0
1997-04-06,0.0,0.0
1997-04-07,0.143,17.99
1997-04-08,0.0,0.0
1997-04-09,0.0,0.0
1997-04-10,0.0,0.0
1997-04-11,7.768,33.87
1997-04-12,9.723,32.75
1997-04-13,10.926,39.69
1997-04-14,3.346,20.25
1997-04-15,6.458,49.6
1997-04-16,12.051,63.1
1997-04-17,2.049,38.61
1997-04-18,7.349,39.81
1997-04-19,12.471,65.26
1997-04-20,2.083,40.97
1997-04-21,15.299,58.37
1997-04-22,10.849,80.84
1997-04-23,9.667,41.19
1997-04-24,9.598,75.35
1997-04-25,2.705,14.89
1997-04-26,3.176,27.64
1997-04-27,12.391,39.56
1997-04-28,8.691,42.98
1997-04-29,8.389,41.6
1997-04-30,5.828,47.3
1997-05-01,0.0,0.0
1997-05-02,0.307,11.27
1997-05-03,0.479,14.48
1997-05-04,0.388,11.83
1997-05-05,0.0,0.0
1997-05-06,0.851,23.37
1997-05-07,1.411,11.99
1997-05-08,0.073,9.73
1997-05-09,1.242,15.17
1997-05-10,18.386,59.63
1997-05-11,15.965,35.47
1997-05-12,9.37,29.99
1997-05-13,5.782,43.2
1997-05-14,3.547,33.13
1997-05-15,3.552,29.99
1997-05-16,0.929,18.43
1997-05-17,0.0,0.0
1997-05-18,0.256,15.45
1997-05-19,1.784,31.72
1997-05-20,1.308,17.69
1997-05-21,0.064,11.67
1997-05-22,0.321,10.61
1997-05-23,0.461,14.65
1997-05-24,0.0,0.0
1997-05-25,0.0,0.0
1997-05-26,18.311,49.23
1997-05-27,2.747,36.78
1997-05-28,0.788,15.38
1997-05-29,0.095,25.3
1997-05-30,3.987,32.86
1997-05-31,3.903,34.77
1997-06-01,3.041,49.47
1997-06-02,0.277,16.82
1997-06-03,0.036,4.75
1997-06-04,0.577,33.63
1997-06-05,4.203,35.37
1997-06-06,0.0,0.0
1997-06-07,0.757,22.91
1997-06-08,0.0,0.0
1997-06-09,0.0,0.0
1997-06-10,0.0,0.0
1997-06-11,0.0,0.0
1997-06-12,0.0,0.0
1997-06-13,0.113,14.49
1997-06-14,0.0,0.0
1997-06-15,0.435,34.07
1997-06-16,0.0,0.0
1997-06-17,0.738,29.76
1997-06-18,0.0,0.0
1997-06-19,2.197,28.4
1997-06-20,5.969,55.29
1997-06-21,3.371,42.1
1997-06-22,0.0,0.0
1997-06-23,0.0,0.0
1997-06-24,0.0,0.0
1997-06-25,24.356,66.59
1997-06-26,0.273,18.74
1997-06-27,2.968,37.01
1997-06-28,2.226,43.97
1997-06-29,0.0,0.0
1997-06-30,2.537,23.4
1997-07-01,2.498,14.55
1997-07-02,0.047,8.59
1997-07-03,0.0,0.0
1997-07-04,0.034,3.95
1997-07-05,0.131,4.69
1997-07-06,0.0,0.0
1997-07-07,0.0,0.0
1997-07-08,0.0,0.0
1997-07-09,0.0,0.0
1997-07-10,0.0,0.0
1997-07-11,0.455,11.28
1997-07-12,0.0,0.0
1997-07-13,0.054,6.55
1997-07-14,0.0,0.0
1997-07-15,0.0,0.0
1997-07-16,0.0,0.0
1997-07-17,0.0,0.0
1997-07-18,0.0,0.0
1997-07-19,0.0,0.0
1997-07-20,0.0,0.0
1997-07-21,0.021,3.95
1997-07-22,0.0,0.0
1997-07-23,0.0,0.0
1997-07-24,0.0,0.0
1997-07-25,0.0,0.0
1997-07-26,0.0,0.0
1997-07-27,0.056,7.08
1997-07-28,2.22,20.83
1997-07-29,0.048,5.7
1997-07-30,1.856,17.32
1997-07-31,0.229,7.82
1997-08-01,0.143,4.36
1997-08-02,0.0,0.0
1997-08-03,0.0,0.0
1997-08-04,0.0,0.0
1997-08-05,0.057,4.21
1997-08-06,0.0,0.0
1997-08-07,0.012,5.87
1997-08-08,1.033,13.19
1997-08-09,0.088,6.12
1997-08-10,0.106,5.06
1997-08-11,0.437,10.97
1997-08-12,0.0,0.0
1997-08-13,0.211,9.95
1997-08-14,0.463,11.45
1997-08-15,0.026,3.46
1997-08-16,0.817,13.02
1997-08-17,0.128,6.99
1997-08-18,0.051,11.08
1997-08-19,0.04,3.08
1997-08-20,1.395,10.96
1997-08-21,1.45,11.59
1997-08-22,0.0,0.0
1997-08-23,0.0,0.0
1997-08-24,0.0,0.0
1997-08-25,0.0,0.0
1997-08-26,0.005,2.58
1997-08-27,0.0,0.0
1997-08-28,0.0,0.0
1997-08-29,0.0,0.0
1997-08-30,0.0,0.0
1997-08-31,0.006,2.94
1997-09-01,0.0,0.0
1997-09-02,0.0,0.0
1997-09-03,0.032,4.15
1997-09-04,0.403,3.51
1997-09-05,0.423,8.83
1997-09-06,4.203,15.86
1997-09-07,0.0,0.0
1997-09-08,0.014,2.73
1997-09-09,1.324,7.19
1997-09-10,0.0,0.0
1997-09-11,0.0,0.0
1997-09-12,0.008,3.9
1997-09-13,1.945,12.99
1997-09-14,0.557,6.56
1997-09-15,1.734,10.97
1997-09-16,0.318,9.49
1997-09-17,0.641,13.36
1997-09-18,0.0,0.0
1997-09-19,0.0,0.0
1997-09-20,0.0,0.0
1997-09-21,0.187,11.65
1997-09-22,0.0,0.0
1997-09-23,1.121,9.13
1997-09-24,1.638,12.75
1997-09-25,0.0,0.0
1997-09-26,0.282,7.95
1997-09-27,0.0,0.0
1997-09-28,0.213,7.19
1997-09-29,0.0,0.0
1997-09-30,1.325,17.81
1997-10-01,0.834,8.21
1997-10-02,0.321,10.31
1997-10-03,0.291,9.26
1997-10-04,0.459,14.18
1997-10-05,0.0,0.0
1997-10-06,0.0,0.0
1997-10-07,0.0,0.0
1997-10-08,0.075,5.79
1997-10-09,0.743,8.02
1997-10-10,0.0,0.0
1997-10-11,0.0,0.0
1997-10-12,0.0,0.0
1997-10-13,0.963,12.41
1997-10-14,0.0,0.0
1997-10-15,0.026,7.72
1997-10-16,0.104,3.11
1997-10-17,0.269,4.88
1997-10-18,1.261,18.25
1997-10-19,0.635,19.53
1997-10-20,2.736,47.38
1997-10-21,0.717,14.39
1997-10-22,2.459,14.8
1997-10-23,0.835,9.91
1997-10-24,0.267,16.99
1997-10-25,0.046,3.33
1997-10-26,1.507,11.65
1997-10-27,0.0,0.0
1997-10-28,2.53,17.87
1997-10-29,0.957,25.2
1997-10-30,2.153,26.9
1997-10-31,0.676,7.73
1997-11-01,0.068,1.66
1997-11-02,0.087,3.5
1997-11-03,0.16,4.56
1997-11-04,1.408,11.76
1997-11-05,1.762,5.37
1997-11-06,0.118,3.93
1997-11-07,0.29,2.77
1997-11-08,1.984,8.2
1997-11-09,0.256,4.81
1997-11-10,0.17,3.86
1997-11-11,1.984,12.28
1997-11-12,1.68,9.83
1997-11-13,0.386,5.89
1997-11-14,1.008,4.35
1997-11-15,2.731,14.88
1997-11-16,1.255,13.72
1997-11-17,1.749,9.57
1997-11-18,2.259,15.67
1997-11-19,0.438,5.59
1997-11-20,1.055,15.67
1997-11-21,1.45,13.4
1997-11-22,0.82,8.83
1997-11-23,0.402,6.37
1997-11-24,2.624,7.72
1997-11-25,0.238,8.55
1997-11-26,0.767,6.34
1997-11-27,1.423,10.21
1997-11-28,2.194,9.13
1997-11-29,1.121,5.37
1997-11-30,1.736,7.0
1997-12-01,0.76,13.48
1997-12-02,4.847,31.17
1997-12-03,0.005,0.49
1997-12-04,2.577,35.02
1997-12-05,1.19,8.72
1997-12-06,0.11,13.12
1997-12-07,2.988,31.23
1997-12-08,4.208,25.13
1997-12-09,0.075,3.83
1997-12-10,1.044,7.3
1997-12-11,3.588,14.7
1997-12-12,3.931,23.07
1997-12-13,2.112,11.54
1997-12-14,4.555,18.36
1997-12-15,0.825,23.07
1997-12-16,7.911,28.28
1997-12-17,2.243,39.46
1997-12-18,5.006,19.81
1997-12-19,4.335,21.96
1997-12-20,1.418,14.42
1997-12-21,2.069,25.63
1997-12-22,7.009,30.13
1997-12-23,2.571,27.82
1997-12-24,1.362,13.76
1997-12-25,5.618,34.95
1997-12-26,1.272,13.05
1997-12-27,3.049,18.56
1997-12-28,17.167,46.39
1997-12-29,15.314,57.93
1997-12-30,0.369,8.81
1997-12-31,11.562,40.48
1998-01-01,14.651,29.12
1998-01-02,0.111,10.09
1998-01-03,0.211,5.18
1998-01-04,7.201,48.0
1998-01-05,27.268,69.53
1998-01-06,12.754,43.31
1998-01-07,6.181,19.18
1998-01-08,15.301,44.06
1998-01-09,8.487,59.81
1998-01-10,31.744,79.69
1998-01-11,6.077,80.37
1998-01-12,34.612,73.72
1998-01-13,30.13,68.41
1998-01-14,0.23,9.31
1998-01-15,20.926,65.21
1998-01-16,43.239,109.53
1998-01-17,14.033,50.73
1998-01-18,5.11,35.33
1998-01-19,4.609,36.96
1998-01-20,2.824,44.32
1998-01-21,32.661,81.7
1998-01-22,11.851,41.19
1998-01-23,12.276,67.0
1998-01-24,27.845,84.31
1998-01-25,14.794,64.73
1998-01-26,1.683,69.53
1998-01-27,0.672,18.95
1998-01-28,15.475,58.97
1998-01-29,34.842,107.97
1998-01-30,49.496,126.08
1998-01-31,3.549,53.32
1998-02-01,17.418,101.83
1998-02-02,79.646,185.21
1998-02-03,10.448,48.01
1998-02-04,52.519,105.07
1998-02-05,26.487,99.34
1998-02-06,65.078,137.93
1998-02-07,74.247,140.41
1998-02-08,55.951,201.38
1998-02-09,99.195,221.65
1998-02-10,7.228,59.11
1998-02-11,53.784,113.16
1998-02-12,65.162,128.87
1998-02-13,7.192,33.95
1998-02-14,50.954,103.68
1998-02-15,2.426,38.49
1998-02-16,0.456,21.42
1998-02-17,3.83,22.39
1998-02-18,77.663,168.1
1998-02-19,3.358,44.4
1998-02-20,8.542,43.21
1998-02-21,26.673,64.07
1998-02-22,41.083,141.17
1998-02-23,30.477,131.77
1998-02-24,70.954,156.8
1998-02-25,97.848,223.52
1998-02-26,37.479,82.53
1998-02-27,19.933,38.64
1998-02-28,23.133,57.53
1998-03-01,20.686,46.42
1998-03-02,19.829,50.09
1998-03-03,22.175,45.83
1998-03-04,47.34,91.83
1998-03-05,48.115,99.08
1998-03-06,57.519,92.81
1998-03-07,3.623,60.8
1998-03-08,1.772,18.11
1998-03-09,4.931,21.76
1998-03-10,19.014,60.29
1998-03-11,28.516,68.95
1998-03-12,6.297,24.1
1998-03-13,15.214,33.96
1998-03-14,52.379,185.16
1998-03-15,9.115,28.13
1998-03-16,10.746,75.43
1998-03-17,52.772,109.87
1998-03-18,8.37,92.24
1998-03-19,12.413,66.06
1998-03-20,73.757,157.27
1998-03-21,3.905,40.51
1998-03-22,19.107,61.87
1998-03-23,42.654,104.48
1998-03-24,1.978,19.88
1998-03-25,9.661,44.13
1998-03-26,28.28,107.02
1998-03-27,17.692,54.31
1998-03-28,31.046,86.02
1998-03-29,37.452,81.14
1998-03-30,18.129,54.98
1998-03-31,37.607,92.46
1998-04-01,34.08,88.88
1998-04-02,23.59,97.95
1998-04-03,25.472,73.21
1998-04-04,24.063,63.55
1998-04-05,31.199,76.28
1998-04-06,64.881,154.82
1998-04-07,15.554,62.2
1998-04-08,17.763,55.0
1998-04-09,1.604,34.97
1998-04-10,27.211,82.11
1998-04-11,8.005,25.43
1998-04-12,15.161,36.34
1998-04-13,20.212,75.7
1998-04-14,10.554,39.58
1998-04-15,38.89,106.87
1998-04-16,4.566,29.82
1998-04-17,28.972,98.53
1998-04-18,19.904,88.18
1998-04-19,17.795,46.46
1998-04-20,9.052,28.29
1998-04-21,23.715,60.49
1998-04-22,1.618,19.36
1998-04-23,22.6,73.21
1998-04-24,3.034,29.05
1998-04-25,19.356,60.28
1998-04-26,4.597,29.01
1998-04-27,8.326,69.82
1998-04-28,22.89,98.94
1998-04-29,1.751,31.83
1998-04-30,38.843,94.85
1998-05-01,9.359,42.39
1998-05-02,35.679,126.81
1998-05-03,8.202,41.53
1998-05-04,15.587,60.9
1998-05-05,10.095,65.86
1998-05-06,3.706,18.02
1998-05-07,1.253,7.98
1998-05-08,0.238,5.26
1998-05-09,11.509,30.88
1998-05-10,13.626,50.63
1998-05-11,16.819,35.11
1998-05-12,11.493,46.87
1998-05-13,7.712,30.25
1998-05-14,0.982,12.65
1998-05-15,2.061,21.97
1998-05-16,2.876,24.79
1998-05-17,1.092,17.72
1998-05-18,10.605,70.47
1998-05-19,0.237,12.34
1998-05-20,0.0,0.0
1998-05-21,0.0,0.0
1998-05-22,0.0,0.0
1998-05-23,0.0,0.0
1998-05-24,0.0,0.0
1998-05-25,1.119,20.16
1998-05-26,3.6,56.52
1998-05-27,13.243,98.85
1998-05-28,8.6,51.33
1998-05-29,2.332,50.11
1998-05-30,21.68,72.9
1998-05-31,21.295,72.29
1998-06-01,9.884,45.78
1998-06-02,7.766,33.98
1998-06-03,0.788,16.05
1998-06-04,3.903,39.69
1998-06-05,1.776,29.12
1998-06-06,0.738,9.76
1998-06-07,0.076,8.15
1998-06-08,1.345,18.02
1998-06-09,3.982,21.14
1998-06-10,1.066,33.02
1998-06-11,1.072,33.6
1998-06-12,0.233,9.17
1998-06-13,0.0,0.0
1998-06-14,0.0,0.0
1998-06-15,0.076,10.7
1998-06-16,0.0,0.0
1998-06-17,3.235,19.34
1998-06-18,0.812,18.2
1998-06-19,0.0,0.0
1998-06-20,0.847,18.05
1998-06-21,0.0,0.0
1998-06-22,0.821,11.35
1998-06-23,0.184,10.11
1998-06-24,0.028,7.01
1998-06-25,0.035,5.4
1998-06-26,0.0,0.0
1998-06-27,0.178,9.84
1998-06-28,0.0,0.0
1998-06-29,0.0,0.0
1998-06-30,0.0,0.0
1998-07-01,0.0,0.0
1998-07-02,0.071,3.64
1998-07-03,0.83,6.97
1998-07-04,0.224,4.97
1998-07-05,0.0,0.0
1998-07-06,0.499,6.46
1998-07-07,0.036,9.2
1998-07-08,1.182,12.1
1998-07-09,2.526,21.85
1998-07-10,0.057,9.16
1998-07-11,0.032,5.47
1998-07-12,0.0,0.0
1998-07-13,0.0,0.0
1998-07-14,0.055,5.31
1998-07-15,0.0,0.0
1998-07-16,0.0,0.0
1998-07-17,0.0,0.0
1998-07-18,0.138,4.52
1998-07-19,1.1,12.17
1998-07-20,0.0,0.0
1998-07-21,0.0,0.0
1998-07-22,0.0,0.0
1998-07-23,0.005,2.42
1998-07-24,0.453,6.9
1998-07-25,0.0,0.0
1998-07-26,0.27,4.64
1998-07-27,0.0,0.0
1998-07-28,0.0,0.0
1998-07-29,0.0,0.0
1998-07-30,0.0,0.0
1998-07-31,0.0,0.0
1998-08-01,0.0,0.0
1998-08-02,0.035,2.99
1998-08-03,0.0,0.0
1998-08-04,0.119,4.48
1998-08-05,0.124,17.83
1998-08-06,0.0,0.0
1998-08-07,0.785,6.76
1998-08-08,1.307,29.3
1998-08-09,0.402,14.41
1998-08-10,0.132,11.28
1998-08-11,0.0,0.0
1998-08-12,0.0,0.0
1998-08-13,0.042,6.09
1998-08-14,0.013,4.52
1998-08-15,0.0,0.0
1998-08-16,0.0,0.0
1998-08-17,0.0,0.0
1998-08-18,0.0,0.0
1998-08-19,0.076,5.32
1998-08-20,0.058,4.16
1998-08-21,0.019,3.45
1998-08-22,0.462,9.66
1998-08-23,0.0,0.0
1998-08-24,0.0,0.0
1998-08-25,0.0,0.0
1998-08-26,0.057,8.21
1998-08-27,1.87,14.32
1998-08-28,0.0,0.0
1998-08-29,0.0,0.0
1998-08-30,0.311,4.65
1998-08-31,0.044,17.88
1998-09-01,0.0,0.0
1998-09-02,0.0,0.0
1998-09-03,0.006,3.13
1998-09-04,0.31,5.88
1998-09-05,0.534,14.62
1998-09-06,0.123,5.15
1998-09-07,0.0,0.0
1998-09-08,0.0,0.0
1998-09-09,0.422,5.29
1998-09-10,1.068,8.29
1998-09-11,0.202,12.8
1998-09-12,0.091,3.61
1998-09-13,0.117,7.45
1998-09-14,0.028,7.11
1998-09-15,0.053,5.1
1998-09-16,0.245,10.19
1998-09-17,0.098,8.05
1998-09-18,0.0,0.0
1998-09-19,0.0,0.0
1998-09-20,1.146,5.66
1998-09-21,0.0,0.0
1998-09-22,0.359,5.7
1998-09-23,0.153,4.89
1998-09-24,0.0,0.0
1998-09-25,0.0,0.0
1998-09-26,0.023,5.73
1998-09-27,0.082,4.82
1998-09-28,0.0,0.0
1998-09-29,0.0,0.0
1998-09-30,0.833,22.54
1998-10-01,0.0,0.0
1998-10-02,0.0,0.0
1998-10-03,0.0,0.0
1998-10-04,0.0,0.0
1998-10-05,0.104,4.48
1998-10-06,0.01,2.49
1998-10-07,0.256,7.18
1998-10-08,2.643,15.36
1998-10-09,0.0,0.0
1998-10-10,0.06,5.17
1998-10-11,0.042,4.38
1998-10-12,0.019,3.4
1998-10-13,0.0,0.0
1998-10-14,0.01,5.06
1998-10-15,1.9,16.76
1998-10-16,0.005,2.61
1998-10-17,0.0,0.0
1998-10-18,0.126,3.29
1998-10-19,1.52,10.41
1998-10-20,0.0,0.0
1998-10-21,0.0,0.0
1998-10-22,0.128,6.34
1998-10-23,0.066,6.01
1998-10-24,0.323,5.57
1998-10-25,1.906,14.17
1998-10-26,0.0,0.0
1998-10-27,0.006,2.92
1998-10-28,0.146,7.1
1998-10-29,0.043,4.86
1998-10-30,0.177,9.37
1998-10-31,0.0,0.0
1998-11-01,0.0,0.0
1998-11-02,0.0,0.0
1998-11-03,0.936,6.97
1998-11-04,0.0,0.0
1998-11-05,2.002,21.21
1998-11-06,1.998,23.25
1998-11-07,0.031,4.1
1998-11-08,0.005,2.23
1998-11-09,0.933,6.03
1998-11-10,0.0,0.0
1998-11-11,0.0,0.0
1998-11-12,0.14,5.79
1998-11-13,0.0,0.0
1998-11-14,0.077,5.09
1998-11-15,0.0,0.0
1998-11-16,0.0,0.0
1998-11-17,0.0,0.0
1998-11-18,0.0,0.0
1998-11-19,0.0,0.0
1998-11-20,0.0,0.0
1998-11-21,0.0,0.0
1998-11-22,0.288,5.53
1998-11-23,0.025,12.05
1998-11-24,0.636,4.81
1998-11-25,0.0,0.0
1998-11-26,0.0,0.0
1998-11-27,0.368,5.77
1998-11-28,0.0,0.0
1998-11-29,0.0,0.0
1998-11-30,0.0,0.0
1998-12-01,0.0,0.0
1998-12-02,0.819,7.68
1998-12-03,0.0,0.0
1998-12-04,0.209,20.42
1998-12-05,0.097,6.24
1998-12-06,0.243,6.84
1998-12-07,0.0,0.0
1998-12-08,0.0,0.0
1998-12-09,0.039,3.99
1998-12-10,0.365,10.32
1998-12-11,0.255,7.32
1998-12-12,0.0,0.0
1998-12-13,0.0,0.0
1998-12-14,0.0,0.0
1998-12-15,0.005,2.64
1998-12-16,0.012,5.65
1998-12-17,1.824,21.89
1998-12-18,0.0,0.0
1998-12-19,0.39,33.15
1998-12-20,0.0,0.0
1998-12-21,0.484,11.64
1998-12-22,0.0,0.0
1998-12-23,0.181,6.67
1998-12-24,0.0,0.0
1998-12-25,0.0,0.0
1998-12-26,0.0,0.0
1998-12-27,1.766,10.57
1998-12-28,2.81,9.18
1998-12-29,2.516,32.33
1998-12-30,1.712,12.88
1998-12-31,2.404,44.09
1999-01-01,0.0,0.0
1999-01-02,0.341,43.03
1999-01-03,6.771,89.17
1999-01-04,16.46,112.71
1999-01-05,36.11,156.96
1999-01-06,1.195,14.29
1999-01-07,0.793,9.05
1999-01-08,1.471,48.59
1999-01-09,0.708,56.92
1999-01-10,0.0,0.0
1999-01-11,0.024,8.72
1999-01-12,8.961,94.04
1999-01-13,0.0,0.0
1999-01-14,3.807,56.57
1999-01-15,0.0,0.0
1999-01-16,3.047,44.95
1999-01-17,0.268,48.51
1999-01-18,0.0,0.0
1999-01-19,0.185,13.6
1999-01-20,0.115,14.93
1999-01-21,0.0,0.0
1999-01-22,0.066,6.84
1999-01-23,0.0,0.0
1999-01-24,0.175,5.27
1999-01-25,0.453,6.23
1999-01-26,4.571,24.92
1999-01-27,1.014,11.55
1999-01-28,0.184,10.4
1999-01-29,0.0,0.0
1999-01-30,0.467,6.25
1999-01-31,0.47,50.0
1999-02-01,0.0,0.0
1999-02-02,6.484,82.58
1999-02-03,0.0,0.0
1999-02-04,0.701,55.17
1999-02-05,21.067,114.22
1999-02-06,5.887,135.31
1999-02-07,30.786,98.62
1999-02-08,5.151,45.47
1999-02-09,0.0,0.0
1999-02-10,14.31,84.75
1999-02-11,0.0,0.0
1999-02-12,4.571,83.35
1999-02-13,0.696,53.78
1999-02-14,89.616,182.04
1999-02-15,1.456,48.09
1999-02-16,11.906,60.23
1999-02-17,18.822,51.51
1999-02-18,13.677,104.94
1999-02-19,12.834,59.03
1999-02-20,9.344,41.55
1999-02-21,13.121,77.03
1999-02-22,15.906,72.13
1999-02-23,13.461,47.76
1999-02-24,38.481,91.66
1999-02-25,33.102,78.37
1999-02-26,15.61,38.18
1999-02-27,9.665,37.93
1999-02-28,10.922,47.07
1999-03-01,14.136,47.76
1999-03-02,14.159,47.94
1999-03-03,6.866,24.3
1999-03-04,15.869,43.6
1999-03-05,11.387,31.43
1999-03-06,18.574,43.48
1999-03-07,4.595,42.93
1999-03-08,22.561,64.25
1999-03-09,0.436,14.87
1999-03-10,8.318,31.52
1999-03-11,4.417,71.94
1999-03-12,0.326,42.82
1999-03-13,75.227,129.96
1999-03-14,32.214,77.44
1999-03-15,32.402,80.12
1999-03-16,6.791,40.85
1999-03-17,2.998,19.84
1999-03-18,6.128,62.78
1999-03-19,4.723,31.52
1999-03-20,11.257,47.29
1999-03-21,5.429,82.85
1999-03-22,1.96,36.78
1999-03-23,14.509,54.54
1999-03-24,6.754,57.07
1999-03-25,3.191,50.97
1999-03-26,2.522,46.26
1999-03-27,1.713,32.56
1999-03-28,15.256,42.31
1999-03-29,0.161,18.79
1999-03-30,5.959,37.83
1999-03-31,28.56,91.1
1999-04-01,36.163,123.97
1999-04-02,1.739,30.32
1999-04-03,12.925,82.12
1999-04-04,18.482,62.67
1999-04-05,10.364,47.65
1999-04-06,17.983,70.55
1999-04-07,0.175,25.29
1999-04-08,12.078,48.19
1999-04-09,1.505,59.6
1999-04-10,0.0,0.0
1999-04-11,0.0,0.0
1999-04-12,0.0,0.0
1999-04-13,2.408,31.32
1999-04-14,2.263,33.06
1999-04-15,0.0,0.0
1999-04-16,0.0,0.0
1999-04-17,0.907,20.36
1999-04-18,0.0,0.0
1999-04-19,0.222,14.14
1999-04-20,0.198,14.89
1999-04-21,0.0,0.0
1999-04-22,0.0,0.0
1999-04-23,0.0,0.0
1999-04-24,4.394,49.53
1999-04-25,3.42,38.17
1999-04-26,18.396,56.63
1999-04-27,3.74,24.54
1999-04-28,31.815,87.75
1999-04-29,0.184,31.71
1999-04-30,1.943,58.56
1999-05-01,2.493,26.19
1999-05-02,9.601,78.3
1999-05-03,9.155,67.85
1999-05-04,0.758,33.05
1999-05-05,12.887,44.64
1999-05-06,8.309,43.67
1999-05-07,3.112,26.58
1999-05-08,8.521,61.88
1999-05-09,10.802,52.11
1999-05-10,0.0,0.0
1999-05-11,3.137,36.04
1999-05-12,1.826,28.26
1999-05-13,0.029,5.93
1999-05-14,0.417,33.93
1999-05-15,0.0,0.0
1999-05-16,0.043,5.56
1999-05-17,1.036,13.56
1999-05-18,3.329,23.81
1999-05-19,0.795,8.41
1999-05-20,1.319,14.5
1999-05-21,0.0,0.0
1999-05-22,0.0,0.0
1999-05-23,0.0,0.0
1999-05-24,0.0,0.0
1999-05-25,0.0,0.0
1999-05-26,0.0,0.0
1999-05-27,0.014,6.68
1999-05-28,0.0,0.0
1999-05-29,0.0,0.0
1999-05-30,0.0,0.0
1999-05-31,0.045,6.63
1999-06-01,0.015,3.93
1999-06-02,0.0,0.0
1999-06-03,0.345,22.42
1999-06-04,0.0,0.0
1999-06-05,0.38,7.35
1999-06-06,0.0,0.0
1999-06-07,0.025,4.19
1999-06-08,0.0,0.0
1999-06-09,0.0,0.0
1999-06-10,0.049,23.92
1999-06-11,0.0,0.0
1999-06-12,0.0,0.0
1999-06-13,0.527,20.97
1999-06-14,0.0,0.0
1999-06-15,1.671,6.11
1999-06-16,0.797,7.06
1999-06-17,0.098,5.05
1999-06-18,0.0,0.0
1999-06-19,0.423,8.07
1999-06-20,1.508,10.38
1999-06-21,0.059,3.78
1999-06-22,0.0,0.0
1999-06-23,0.523,7.01
1999-06-24,0.049,5.02
1999-06-25,1.707,6.73
1999-06-26,0.0,0.0
1999-06-27,2.114,37.83
1999-06-28,0.663,17.14
1999-06-29,0.174,4.0
1999-06-30,3.146,33.47
1999-07-01,0.993,17.55
1999-07-02,1.277,14.34
1999-07-03,0.254,4.51
1999-07-04,0.0,0.0
1999-07-05,0.0,0.0
1999-07-06,0.92,13.34
1999-07-07,0.0,0.0
1999-07-08,0.0,0.0
1999-07-09,0.0,0.0
1999-07-10,0.0,0.0
1999-07-11,0.0,0.0
1999-07-12,0.0,0.0
1999-07-13,0.0,0.0
1999-07-14,0.002,1.21
1999-07-15,0.0,0.0
1999-07-16,0.0,0.0
1999-07-17,0.0,0.0
1999-07-18,0.0,0.0
1999-07-19,0.046,5.18
1999-07-20,0.104,3.74
1999-07-21,0.0,0.0
1999-07-22,0.0,0.0
1999-07-23,0.245,8.38
1999-07-24,0.098,4.59
1999-07-25,0.0,0.0
1999-07-26,0.0,0.0
1999-07-27,0.0,0.0
1999-07-28,0.0,0.0
1999-07-29,0.0,0.0
1999-07-30,0.0,0.0
1999-07-31,0.064,4.59
1999-08-01,0.0,0.0
1999-08-02,0.0,0.0
1999-08-03,0.0,0.0
1999-08-04,0.0,0.0
1999-08-05,0.0,0.0
1999-08-06,0.026,4.66
1999-08-07,0.016,4.02
1999-08-08,0.0,0.0
1999-08-09,0.205,5.7
1999-08-10,0.095,4.74
1999-08-11,0.051,3.48
1999-08-12,0.0,0.0
1999-08-13,0.0,0.0
1999-08-14,0.0,0.0
1999-08-15,0.137,5.64
1999-08-16,3.756,30.98
1999-08-17,0.587,9.55
1999-08-18,0.159,6.52
1999-08-19,0.064,7.47
1999-08-20,0.043,3.86
1999-08-21,0.0,0.0
1999-08-22,0.0,0.0
1999-08-23,0.0,0.0
1999-08-24,0.0,0.0
1999-08-25,0.095,8.59
1999-08-26,0.349,5.17
1999-08-27,0.0,0.0
1999-08-28,0.0,0.0
1999-08-29,0.008,3.93
1999-08-30,0.05,5.3
1999-08-31,0.0,0.0
1999-09-01,0.0,0.0
1999-09-02,0.0,0.0
1999-09-03,0.0,0.0
1999-09-04,0.424,16.67
1999-09-05,0.209,3.96
1999-09-06,0.0,0.0
1999-09-07,0.0,0.0
1999-09-08,0.0,0.0
1999-09-09,1.501,11.59
1999-09-10,2.495,10.12
1999-09-11,0.766,4.88
1999-09-12,0.132,4.17
1999-09-13,0.531,11.14
1999-09-14,0.535,9.38
1999-09-15,0.261,5.35
1999-09-16,0.0,0.0
1999-09-17,1.254,18.68
1999-09-18,0.0,0.0
1999-09-19,0.117,4.42
1999-09-20,0.0,0.0
1999-09-21,1.259,8.13
1999-09-22,0.0,0.0
1999-09-23,0.053,2.42
1999-09-24,2.426,8.22
1999-09-25,0.156,13.92
1999-09-26,1.67,13.83
1999-09-27,4.44,13.7
1999-09-28,2.523,10.85
1999-09-29,0.592,4.11
1999-09-30,0.11,2.87
1999-10-01,0.979,8.64
1999-10-02,0.454,7.02
1999-10-03,0.466,18.18
1999-10-04,0.716,27.14
1999-10-05,0.0,0.0
1999-10-06,0.0,0.0
1999-10-07,0.0,0.0
1999-10-08,0.0,0.0
1999-10-09,0.225,6.37
1999-10-10,0.946,6.03
1999-10-11,0.0,0.0
1999-10-12,0.0,0.0
1999-10-13,0.0,0.0
1999-10-14,0.232,5.21
1999-10-15,0.054,5.5
1999-10-16,0.0,0.0
1999-10-17,0.0,0.0
1999-10-18,0.767,5.89
1999-10-19,0.055,3.12
1999-10-20,0.0,0.0
1999-10-21,0.0,0.0
1999-10-22,0.0,0.0
1999-10-23,0.019,3.13
1999-10-24,0.258,8.72
1999-10-25,0.0,0.0
1999-10-26,0.306,7.94
1999-10-27,0.0,0.0
1999-10-28,0.0,0.0
1999-10-29,0.13,11.68
1999-10-30,1.084,15.41
1999-10-31,1.237,13.95
1999-11-01,0.0,0.0
1999-11-02,0.0,0.0
1999-11-03,0.0,0.0
1999-11-04,0.0,0.0
1999-11-05,0.0,0.0
1999-11-06,0.0,0.0
1999-11-07,0.0,0.0
1999-11-08,0.0,0.0
1999-11-09,0.0,0.0
1999-11-10,0.0,0.0
1999-11-11,0.0,0.0
1999-11-12,0.0,0.0
1999-11-13,0.0,0.0
1999-11-14,0.0,0.0
1999-11-15,0.02,3.26
1999-11-16,0.0,0.0
1999-11-17,0.0,0.0
1999-11-18,0.021,3.52
1999-11-19,0.504,5.42
1999-11-20,0.134,9.84
1999-11-21,6.644,21.34
1999-11-22,1.028,6.4
1999-11-23,0.247,4.71
1999-11-24,0.0,0.0
1999-11-25,0.24,4.2
1999-11-26,0.22,7.64
1999-11-27,0.0,0.0
1999-11-28,0.052,3.81
1999-11-29,0.0,0.0
1999-11-30,0.0,0.0
1999-12-01,0.0,0.0
1999-12-02,1.4,9.29
1999-12-03,0.039,5.48
1999-12-04,3.4,84.12
1999-12-05,0.281,32.28
1999-12-06,0.024,6.13
1999-12-07,0.0,0.0
1999-12-08,0.447,79.52
1999-12-09,0.596,28.37
1999-12-10,0.899,20.15
1999-12-11,1.963,31.25
1999-12-12,0.135,48.4
1999-12-13,0.0,0.0
1999-12-14,0.748,14.76
1999-12-15,0.092,6.61
1999-12-16,0.0,0.0
1999-12-17,0.03,4.93
1999-12-18,0.631,8.64
1999-12-19,0.487,6.88
1999-12-20,0.616,8.33
1999-12-21,2.676,22.09
1999-12-22,1.441,47.87
1999-12-23,0.008,3.75
1999-12-24,0.202,22.19
1999-12-25,0.0,0.0
1999-12-26,3.952,114.27
1999-12-27,10.703,27.26
1999-12-28,1.705,13.64
1999-12-29,1.978,8.43
1999-12-30,0.0,0.0
1999-12-31,0.867,10.49
2000-01-01,2.662,10.09
2000-01-02,1.507,14.06
2000-01-03,0.344,8.71
2000-01-04,0.096,6.54
2000-01-05,0.0,0.0
2000-01-06,0.0,0.0
2000-01-07,0.0,0.0
2000-01-08,0.0,0.0
2000-01-09,0.913,10.31
2000-01-10,4.509,23.06
2000-01-11,2.116,19.31
2000-01-12,0.341,8.02
2000-01-13,0.971,14.95
2000-01-14,0.0,0.0
2000-01-15,1.52,11.24
2000-01-16,3.528,15.88
2000-01-17,3.115,17.84
2000-01-18,0.241,16.55
2000-01-19,0.0,0.0
2000-01-20,2.069,13.03
2000-01-21,0.589,6.42
2000-01-22,2.708,10.11
2000-01-23,2.339,105.96
2000-01-24,0.0,0.0
2000-01-25,0.51,6.78
2000-01-26,2.708,173.7
2000-01-27,16.713,188.83
2000-01-28,5.035,174.23
2000-01-29,35.239,162.21
2000-01-30,3.441,13.28
2000-01-31,2.0,150.97
2000-02-01,0.0,0.0
2000-02-02,0.0,0.0
2000-02-03,0.0,0.0
2000-02-04,5.918,137.68
2000-02-05,18.875,103.71
2000-02-06,0.0,0.0
2000-02-07,0.0,0.0
2000-02-08,0.226,33.72
2000-02-09,0.0,0.0
2000-02-10,0.827,110.61
2000-02-11,0.0,0.0
2000-02-12,0.0,0.0
2000-02-13,0.0,0.0
2000-02-14,0.0,0.0
2000-02-15,0.0,0.0
2000-02-16,22.52,116.38
2000-02-17,9.988,65.02
2000-02-18,4.214,61.77
2000-02-19,74.684,213.67
2000-02-20,29.014,112.67
2000-02-21,3.385,74.45
2000-02-22,3.22,137.99
2000-02-23,0.0,0.0
2000-02-24,0.0,0.0
2000-02-25,0.315,34.57
2000-02-26,0.112,8.31
2000-02-27,5.539,20.59
2000-02-28,0.011,5.4
2000-02-29,19.355,112.44
2000-03-01,0.483,61.13
2000-03-02,1.087,59.82
2000-03-03,0.0,0.0
2000-03-04,0.0,0.0
2000-03-05,1.775,63.48
2000-03-06,0.0,0.0
2000-03-07,0.428,44.75
2000-03-08,22.981,123.54
2000-03-09,1.049,28.0
2000-03-10,4.09,102.84
2000-03-11,0.087,11.87
2000-03-12,25.833,129.22
2000-03-13,5.718,119.59
2000-03-14,23.064,137.23
2000-03-15,1.705,52.64
2000-03-16,8.011,62.39
2000-03-17,14.682,79.33
2000-03-18,0.0,0.0
2000-03-19,3.673,64.04
2000-03-20,0.082,11.68
2000-03-21,2.086,54.37
2000-03-22,6.261,41.33
2000-03-23,8.62,49.76
2000-03-24,1.256,42.84
2000-03-25,7.334,74.52
2000-03-26,27.302,140.79
2000-03-27,1.101,50.56
2000-03-28,2.83,70.74
2000-03-29,0.182,10.43
2000-03-30,28.783,142.84
2000-03-31,18.982,135.03
2000-04-01,19.298,57.82
2000-04-02,0.0,0.0
2000-04-03,0.0,0.0
2000-04-04,0.34,14.37
2000-04-05,0.916,34.86
2000-04-06,0.067,10.99
2000-04-07,29.06,89.42
2000-04-08,17.971,98.66
2000-04-09,0.158,24.18
2000-04-10,19.073,70.19
2000-04-11,2.507,22.28
2000-04-12,0.1,8.54
2000-04-13,3.384,27.7
2000-04-14,7.843,65.08
2000-04-15,3.611,46.62
2000-04-16,0.12,18.62
2000-04-17,1.064,17.34
2000-04-18,7.225,51.88
2000-04-19,5.358,35.66
2000-04-20,1.869,26.18
2000-04-21,7.315,64.48
2000-04-22,0.164,20.69
2000-04-23,1.205,23.93
2000-04-24,10.51,73.98
2000-04-25,10.886,52.69
2000-04-26,2.431,30.04
2000-04-27,5.032,44.94
2000-04-28,0.069,15.1
2000-04-29,1.625,34.85
2000-04-30,8.602,32.95
2000-05-01,11.939,103.89
2000-05-02,3.132,130.6
2000-05-03,0.025,6.55
2000-05-04,10.572,89.55
2000-05-05,0.0,0.0
2000-05-06,8.671,90.48
2000-05-07,0.365,34.08
2000-05-08,1.269,15.1
2000-05-09,11.328,91.97
2000-05-10,7.264,72.05
2000-05-11,0.0,0.0
2000-05-12,1.615,10.71
2000-05-13,1.162,44.22
2000-05-14,0.223,21.48
2000-05-15,0.0,0.0
2000-05-16,0.039,18.86
2000-05-17,0.175,9.03
2000-05-18,0.701,13.55
2000-05-19,1.972,55.62
2000-05-20,0.0,0.0
2000-05-21,1.266,36.04
2000-05-22,2.194,27.68
2000-05-23,0.21,9.49
2000-05-24,0.0,0.0
2000-05-25,0.0,0.0
2000-05-26,0.321,10.22
2000-05-27,0.0,0.0
2000-05-28,0.0,0.0
2000-05-29,0.0,0.0
2000-05-30,0.516,12.15
2000-05-31,0.665,9.42
2000-06-01,2.127,31.57
2000-06-02,0.0,0.0
2000-06-03,0.0,0.0
2000-06-04,0.01,5.11
2000-06-05,0.01,4.93
2000-06-06,0.0,0.0
2000-06-07,0.005,2.43
2000-06-08,0.0,0.0
2000-06-09,0.0,0.0
2000-06-10,0.0,0.0
2000-06-11,0.0,0.0
2000-06-12,0.0,0.0
2000-06-13,0.0,0.0
2000-06-14,0.0,0.0
2000-06-15,0.006,3.15
2000-06-16,0.522,11.92
2000-06-17,19.837,52.88
2000-06-18,0.517,18.2
2000-06-19,0.397,16.89
2000-06-20,0.0,0.0
2000-06-21,0.0,0.0
2000-06-22,0.0,0.0
2000-06-23,0.0,0.0
2000-06-24,0.042,5.01
2000-06-25,0.018,3.71
2000-06-26,0.067,5.11
2000-06-27,0.0,0.0
2000-06-28,0.0,0.0
2000-06-29,0.0,0.0
2000-06-30,0.035,5.32
2000-07-01,0.17,6.22
2000-07-02,0.0,0.0
2000-07-03,0.066,3.56
2000-07-04,0.022,2.48
2000-07-05,0.043,3.18
2000-07-06,0.0,0.0
2000-07-07,0.0,0.0
2000-07-08,0.0,0.0
2000-07-09,0.0,0.0
2000-07-10,0.0,0.0
2000-07-11,0.017,3.14
2000-07-12,0.0,0.0
2000-07-13,0.0,0.0
2000-07-14,0.0,0.0
2000-07-15,0.0,0.0
2000-07-16,0.429,6.32
2000-07-17,0.039,3.15
2000-07-18,0.0,0.0
2000-07-19,0.0,0.0
2000-07-20,0.0,0.0
2000-07-21,0.464,10.75
2000-07-22,0.0,0.0
2000-07-23,0.055,5.36
2000-07-24,0.099,4.6
2000-07-25,0.013,3.21
2000-07-26,0.135,5.24
2000-07-27,0.0,0.0
2000-07-28,0.0,0.0
2000-07-29,0.0,0.0
2000-07-30,0.038,3.66
2000-07-31,0.0,0.0
2000-08-01,0.322,6.1
2000-08-02,0.714,8.08
2000-08-03,0.506,6.42
2000-08-04,0.34,4.21
2000-08-05,0.0,0.0
2000-08-06,0.021,2.82
2000-08-07,0.0,0.0
2000-08-08,0.161,7.26
2000-08-09,0.243,6.52
2000-08-10,0.531,12.48
2000-08-11,0.0,0.0
2000-08-12,0.0,0.0
2000-08-13,0.0,0.0
2000-08-14,0.0,0.0
2000-08-15,0.0,0.0
2000-08-16,0.0,0.0
2000-08-17,0.0,0.0
2000-08-18,0.0,0.0
2000-08-19,0.0,0.0
2000-08-20,0.0,0.0
2000-08-21,0.0,0.0
2000-08-22,0.0,0.0
2000-08-23,0.003,1.47
2000-08-24,0.015,1.92
2000-08-25,0.0,0.0
2000-08-26,0.0,0.0
2000-08-27,0.0,0.0
2000-08-28,0.0,0.0
2000-08-29,0.358,6.21
2000-08-30,0.146,2.77
2000-08-31,0.0,0.0
2000-09-01,0.0,0.0
2000-09-02,0.0,0.0
2000-09-03,0.0,0.0
2000-09-04,4.831,14.99
2000-09-05,0.23,6.61
2000-09-06,0.563,10.08
2000-09-07,0.531,7.96
2000-09-08,0.367,10.08
2000-09-09,0.0,0.0
2000-09-10,0.0,0.0
2000-09-11,0.0,0.0
2000-09-12,0.0,0.0
2000-09-13,0.319,8.04
2000-09-14,0.568,4.81
2000-09-15,0.0,0.0
2000-09-16,0.0,0.0
2000-09-17,0.11,7.78
2000-09-18,0.0,0.0
2000-09-19,0.007,3.64
2000-09-20,0.0,0.0
2000-09-21,0.0,0.0
2000-09-22,0.038,2.5
2000-09-23,0.305,4.74
2000-09-24,0.0,0.0
2000-09-25,0.487,6.4
2000-09-26,0.018,2.54
2000-09-27,0.0,0.0
2000-09-28,0.0,0.0
2000-09-29,0.0,0.0
2000-09-30,0.014,1.93
2000-10-01,0.0,0.0
2000-10-02,0.0,0.0
2000-10-03,0.0,0.0
2000-10-04,0.441,10.0
2000-10-05,0.211,4.34
2000-10-06,0.122,3.74
2000-10-07,0.0,0.0
2000-10-08,0.465,8.63
2000-10-09,0.845,8.04
2000-10-10,0.081,3.85
2000-10-11,0.0,0.0
2000-10-12,0.038,3.39
2000-10-13,0.471,5.96
2000-10-14,0.064,3.2
2000-10-15,0.0,0.0
2000-10-16,0.0,0.0
2000-10-17,0.0,0.0
2000-10-18,0.0,0.0
2000-10-19,0.0,0.0
2000-10-20,0.0,0.0
2000-10-21,0.0,0.0
2000-10-22,0.0,0.0
2000-10-23,0.0,0.0
2000-10-24,0.0,0.0
2000-10-25,0.0,0.0
2000-10-26,0.0,0.0
2000-10-27,0.0,0.0
2000-10-28,0.0,0.0
2000-10-29,0.0,0.0
2000-10-30,0.749,6.33
2000-10-31,0.346,4.72
2000-11-01,0.0,0.0
2000-11-02,0.0,0.0
2000-11-03,0.0,0.0
2000-11-04,0.0,0.0
2000-11-05,0.0,0.0
2000-11-06,0.008,3.87
2000-11-07,3.151,22.44
2000-11-08,2.664,12.95
2000-11-09,0.055,4.79
2000-11-10,0.0,0.0
2000-11-11,0.008,3.74
2000-11-12,0.0,0.0
2000-11-13,0.0,0.0
2000-11-14,0.0,0.0
2000-11-15,0.0,0.0
2000-11-16,0.008,2.65
2000-11-17,1.33,13.31
2000-11-18,0.039,6.74
2000-11-19,0.035,3.34
2000-11-20,0.22,5.74
2000-11-21,0.0,0.0
2000-11-22,0.041,4.22
2000-11-23,0.0,0.0
2000-11-24,0.225,5.72
2000-11-25,0.051,5.03
2000-11-26,0.0,0.0
2000-11-27,0.031,2.64
2000-11-28,0.0,0.0
2000-11-29,0.0,0.0
2000-11-30,0.168,5.04
2000-12-01,0.069,5.65
2000-12-02,0.0,0.0
2000-12-03,0.0,0.0
2000-12-04,0.0,0.0
2000-12-05,0.0,0.0
2000-12-06,0.033,4.43
2000-12-07,0.0,0.0
2000-12-08,0.022,2.64
2000-12-09,0.068,3.23
2000-12-10,0.0,0.0
2000-12-11,0.552,9.54
2000-12-12,2.08,19.32
2000-12-13,0.0,0.0
2000-12-14,0.0,0.0
2000-12-15,0.333,5.15
2000-12-16,0.12,4.61
2000-12-17,0.011,5.24
2000-12-18,0.0,0.0
2000-12-19,0.0,0.0
2000-12-20,0.174,9.68
2000-12-21,0.0,0.0
2000-12-22,0.102,7.56
2000-12-23,0.0,0.0
2000-12-24,0.0,0.0
2000-12-25,0.0,0.0
2000-12-26,0.0,0.0
2000-12-27,0.679,7.0
2000-12-28,5.592,55.57
2000-12-29,2.954,44.37
2000-12-30,3.031,26.77
2000-12-31,3.015,65.18
2001-01-01,0.0,0.0
2001-01-02,5.655,99.37
2001-01-03,0.0,0.0
2001-01-04,0.555,73.1
2001-01-05,38.961,166.13
2001-01-06,1.154,23.05
2001-01-07,6.744,81.26
2001-01-08,24.378,166.2
2001-01-09,12.031,74.07
2001-01-10,2.508,122.43
2001-01-11,2.622,61.37
2001-01-12,0.889,16.97
2001-01-13,1.493,60.22
2001-01-14,1.498,124.3
2001-01-15,9.35,132.77
2001-01-16,9.866,147.45
2001-01-17,37.021,242.96
2001-01-18,5.456,125.56
2001-01-19,43.202,191.51
2001-01-20,0.016,4.05
2001-01-21,2.838,84.82
2001-01-22,44.519,305.15
2001-01-23,6.96,98.33
2001-01-24,0.311,8.49
2001-01-25,9.312,128.94
2001-01-26,0.0,0.0
2001-01-27,0.556,39.56
2001-01-28,0.313,11.08
2001-01-29,0.393,35.16
2001-01-30,0.213,14.9
2001-01-31,2.525,54.29
2001-02-01,12.191,97.16
2001-02-02,13.685,270.92
2001-02-03,9.861,231.8
2001-02-04,39.926,355.9
2001-02-05,33.19,278.37
2001-02-06,4.207,87.87
2001-02-07,0.452,9.49
2001-02-08,1.59,11.66
2001-02-09,0.285,9.51
2001-02-10,0.505,13.12
2001-02-11,1.011,11.84
2001-02-12,1.747,17.86
2001-02-13,1.401,16.6
2001-02-14,0.0,0.0
2001-02-15,0.874,9.07
2001-02-16,0.053,6.78
2001-02-17,1.936,12.76
2001-02-18,0.448,92.89
2001-02-19,3.292,67.69
2001-02-20,1.859,25.92
2001-02-21,9.839,72.01
2001-02-22,35.5,215.24
2001-02-23,2.476,43.75
2001-02-24,1.01,14.76
2001-02-25,5.874,164.41
2001-02-26,1.993,59.65
2001-02-27,1.354,41.9
2001-02-28,0.129,8.98
2001-03-01,1.389,41.23
2001-03-02,0.341,15.82
2001-03-03,7.15,69.89
2001-03-04,13.282,75.3
2001-03-05,1.199,30.2
2001-03-06,13.082,42.18
2001-03-07,1.142,34.46
2001-03-08,0.234,32.74
2001-03-09,0.282,23.83
2001-03-10,4.256,52.16
2001-03-11,4.618,22.11
2001-03-12,1.733,23.71
2001-03-13,1.218,13.76
2001-03-14,0.821,23.76
2001-03-15,16.633,47.0
2001-03-16,14.583,57.15
2001-03-17,6.259,39.57
2001-03-18,45.674,78.64
2001-03-19,46.036,131.14
2001-03-20,0.667,23.34
2001-03-21,18.196,43.8
2001-03-22,9.444,30.24
2001-03-23,13.821,59.85
2001-03-24,21.636,58.02
2001-03-25,17.545,54.69
2001-03-26,8.456,43.95
2001-03-27,28.238,68.31
2001-03-28,24.627,59.34
2001-03-29,35.56,84.24
2001-03-30,14.867,48.43
2001-03-31,3.968,40.4
2001-04-01,35.627,71.25
2001-04-02,0.922,19.6
2001-04-03,8.599,38.05
2001-04-04,7.562,37.66
2001-04-05,3.867,46.9
2001-04-06,22.192,158.75
2001-04-07,3.2,54.89
2001-04-08,16.06,96.12
2001-04-09,9.616,60.28
2001-04-10,13.835,126.22
2001-04-11,2.357,42.27
2001-04-12,6.043,74.39
2001-04-13,18.492,71.85
2001-04-14,25.668,105.55
2001-04-15,15.807,79.76
2001-04-16,1.28,19.63
2001-04-17,9.215,60.96
2001-04-18,3.772,41.84
2001-04-19,6.733,62.75
2001-04-20,2.389,25.75
2001-04-21,0.291,22.37
2001-04-22,0.505,37.93
2001-04-23,2.736,49.75
2001-04-24,1.114,26.06
2001-04-25,0.0,0.0
2001-04-26,0.0,0.0
2001-04-27,0.0,0.0
2001-04-28,0.0,0.0
2001-04-29,0.0,0.0
2001-04-30,0.0,0.0
2001-05-01,0.0,0.0
2001-05-02,0.0,0.0
2001-05-03,6.385,47.44
2001-05-04,2.107,13.35
2001-05-05,3.669,68.39
2001-05-06,0.0,0.0
2001-05-07,1.338,28.22
2001-05-08,0.908,12.85
2001-05-09,1.63,8.99
2001-05-10,0.099,5.04
2001-05-11,0.0,0.0
2001-05-12,0.0,0.0
2001-05-13,0.023,6.03
2001-05-14,0.845,7.52
2001-05-15,1.458,24.09
2001-05-16,0.0,0.0
2001-05-17,0.0,0.0
2001-05-18,1.358,9.39
2001-05-19,2.347,8.46
2001-05-20,0.021,10.33
2001-05-21,0.01,4.81
2001-05-22,0.0,0.0
2001-05-23,0.0,0.0
2001-05-24,0.0,0.0
2001-05-25,0.0,0.0
2001-05-26,0.243,7.18
2001-05-27,0.059,6.4
2001-05-28,0.306,7.22
2001-05-29,0.956,24.65
2001-05-30,0.0,0.0
2001-05-31,0.0,0.0
2001-06-01,0.0,0.0
2001-06-02,1.1,8.03
2001-06-03,0.0,0.0
2001-06-04,0.07,25.51
2001-06-05,1.131,7.49
2001-06-06,0.0,0.0
2001-06-07,0.044,3.06
2001-06-08,0.0,0.0
2001-06-09,0.0,0.0
2001-06-10,0.0,0.0
2001-06-11,0.0,0.0
2001-06-12,0.0,0.0
2001-06-13,0.367,5.35
2001-06-14,0.0,0.0
2001-06-15,0.134,5.84
2001-06-16,0.017,2.85
2001-06-17,0.172,4.82
2001-06-18,0.323,6.36
2001-06-19,0.0,0.0
2001-06-20,0.0,0.0
2001-06-21,3.247,11.57
2001-06-22,2.92,8.35
2001-06-23,0.0,0.0
2001-06-24,0.009,2.4
2001-06-25,0.0,0.0
2001-06-26,0.0,0.0
2001-06-27,0.0,0.0
2001-06-28,0.391,5.12
2001-06-29,0.0,0.0
2001-06-30,0.0,0.0
2001-07-01,0.318,6.37
2001-07-02,0.0,0.0
2001-07-03,0.0,0.0
2001-07-04,0.0,0.0
2001-07-05,0.0,0.0
2001-07-06,0.0,0.0
2001-07-07,0.0,0.0
2001-07-08,0.0,0.0
2001-07-09,0.0,0.0
2001-07-10,0.232,5.67
2001-07-11,0.0,0.0
2001-07-12,0.0,0.0
2001-07-13,0.0,0.0
2001-07-14,0.0,0.0
2001-07-15,0.0,0.0
2001-07-16,0.0,0.0
2001-07-17,0.0,0.0
2001-07-18,0.0,0.0
2001-07-19,0.0,0.0
2001-07-20,0.078,4.04
2001-07-21,0.318,5.48
2001-07-22,0.002,1.07
2001-07-23,0.0,0.0
2001-07-24,0.004,1.09
2001-07-25,0.0,0.0
2001-07-26,0.0,0.0
2001-07-27,0.204,4.36
2001-07-28,0.008,4.06
2001-07-29,0.167,5.09
2001-07-30,0.128,4.62
2001-07-31,0.193,4.33
2001-08-01,0.0,0.0
2001-08-02,0.349,6.87
2001-08-03,0.029,3.27
2001-08-04,0.709,6.8
2001-08-05,0.457,6.8
2001-08-06,0.062,3.88
2001-08-07,0.0,0.0
2001-08-08,0.068,3.73
2001-08-09,0.0,0.0
2001-08-10,0.0,0.0
2001-08-11,0.0,0.0
2001-08-12,0.0,0.0
2001-08-13,0.0,0.0
2001-08-14,0.0,0.0
2001-08-15,0.0,0.0
2001-08-16,0.0,0.0
2001-08-17,0.0,0.0
2001-08-18,0.0,0.0
2001-08-19,0.0,0.0
2001-08-20,0.0,0.0
2001-08-21,0.0,0.0
2001-08-22,0.0,0.0
2001-08-23,0.321,6.36
2001-08-24,0.224,5.62
2001-08-25,0.0,0.0
2001-08-26,0.0,0.0
2001-08-27,0.0,0.0
2001-08-28,0.0,0.0
2001-08-29,0.113,2.85
2001-08-30,0.0,0.0
2001-08-31,0.111,4.35
2001-09-01,0.0,0.0
2001-09-02,0.0,0.0
2001-09-03,0.0,0.0
2001-09-04,0.0,0.0
2001-09-05,0.0,0.0
2001-09-06,0.176,4.07
2001-09-07,0.005,2.56
2001-09-08,0.0,0.0
2001-09-09,0.0,0.0
2001-09-10,0.0,0.0
2001-09-11,2.109,11.52
2001-09-12,0.0,0.0
2001-09-13,0.003,1.6
2001-09-14,1.709,7.35
2001-09-15,0.664,9.36
2001-09-16,0.007,3.66
2001-09-17,0.103,3.63
2001-09-18,0.05,4.82
2001-09-19,0.0,0.0
2001-09-20,0.0,0.0
2001-09-21,0.0,0.0
2001-09-22,0.0,0.0
2001-09-23,0.009,4.57
2001-09-24,0.157,4.29
2001-09-25,0.0,0.0
2001-09-26,0.0,0.0
2001-09-27,0.0,0.0
2001-09-28,4.174,17.72
2001-09-29,0.0,0.0
2001-09-30,0.084,4.48
2001-10-01,0.177,4.03
2001-10-02,0.091,3.68
2001-10-03,0.0,0.0
2001-10-04,0.0,0.0
2001-10-05,0.0,0.0
2001-10-06,0.0,0.0
2001-10-07,0.0,0.0
2001-10-08,0.0,0.0
2001-10-09,0.0,0.0
2001-10-10,0.0,0.0
2001-10-11,0.131,6.11
2001-10-12,0.14,8.14
2001-10-13,0.0,0.0
2001-10-14,0.0,0.0
2001-10-15,0.0,0.0
2001-10-16,0.0,0.0
2001-10-17,0.07,5.8
2001-10-18,0.007,3.25
2001-10-19,0.0,0.0
2001-10-20,0.0,0.0
2001-10-21,0.0,0.0
2001-10-22,0.0,0.0
2001-10-23,0.46,15.02
2001-10-24,0.049,2.86
2001-10-25,0.0,0.0
2001-10-26,0.017,8.19
2001-10-27,0.0,0.0
2001-10-28,0.641,6.36
2001-10-29,2.646,20.46
2001-10-30,0.148,6.92
2001-10-31,1.337,10.93
2001-11-01,0.0,0.0
2001-11-02,0.035,7.34
2001-11-03,0.0,0.0
2001-11-04,0.0,0.0
2001-11-05,0.075,5.12
2001-11-06,0.0,0.0
2001-11-07,0.0,0.0
2001-11-08,0.0,0.0
2001-11-09,0.0,0.0
2001-11-10,0.0,0.0
2001-11-11,0.048,5.7
2001-11-12,2.047,8.49
2001-11-13,0.107,16.34
2001-11-14,0.492,5.21
2001-11-15,1.219,34.23
2001-11-16,0.109,8.44
2001-11-17,0.338,4.73
2001-11-18,0.0,0.0
2001-11-19,0.0,0.0
2001-11-20,0.0,0.0
2001-11-21,0.537,15.8
2001-11-22,0.0,0.0
2001-11-23,0.144,4.32
2001-11-24,0.0,0.0
2001-11-25,2.105,6.12
2001-11-26,0.96,11.69
2001-11-27,0.471,8.88
2001-11-28,0.0,0.0
2001-11-29,0.0,0.0
2001-11-30,0.006,2.99
2001-12-01,0.053,4.69
2001-12-02,0.0,0.0
2001-12-03,0.0,0.0
2001-12-04,0.0,0.0
2001-12-05,0.203,6.63
2001-12-06,0.315,5.79
2001-12-07,0.33,8.11
2001-12-08,0.0,0.0
2001-12-09,0.0,0.0
2001-12-10,0.0,0.0
2001-12-11,1.047,11.09
2001-12-12,0.446,8.46
2001-12-13,0.0,0.0
2001-12-14,0.0,0.0
2001-12-15,0.0,0.0
2001-12-16,0.528,6.96
2001-12-17,1.468,7.04
2001-12-18,0.0,0.0
2001-12-19,0.073,4.93
2001-12-20,0.0,0.0
2001-12-21,0.0,0.0
2001-12-22,0.0,0.0
2001-12-23,0.622,10.18
2001-12-24,1.008,8.9
2001-12-25,0.0,0.0
2001-12-26,0.005,1.26
2001-12-27,0.865,13.5
2001-12-28,5.814,16.5
2001-12-29,4.835,16.4
2001-12-30,0.0,0.0
2001-12-31,0.016,4.02
2002-01-01,0.583,15.3
2002-01-02,3.677,155.52
2002-01-03,2.475,15.23
2002-01-04,5.491,29.61
2002-01-05,1.832,8.95
2002-01-06,3.136,21.62
2002-01-07,0.0,0.0
2002-01-08,1.406,16.65
2002-01-09,0.066,5.92
2002-01-10,0.008,4.09
2002-01-11,0.0,0.0
2002-01-12,0.153,7.3
2002-01-13,0.068,8.43
2002-01-14,0.936,40.18
2002-01-15,3.389,18.14
2002-01-16,1.458,39.18
2002-01-17,0.0,0.0
2002-01-18,10.729,79.35
2002-01-19,3.469,18.59
2002-01-20,0.724,8.35
2002-01-21,8.423,177.16
2002-01-22,0.042,7.13
2002-01-23,1.215,9.19
2002-01-24,0.947,8.73
2002-01-25,0.19,11.59
2002-01-26,0.088,11.27
2002-01-27,4.179,13.02
2002-01-28,4.074,12.22
2002-01-29,2.867,21.46
2002-01-30,0.158,9.19
2002-01-31,2.496,14.03
2002-02-01,0.0,0.0
2002-02-02,1.679,64.01
2002-02-03,0.0,0.0
2002-02-04,167.077,355.96
2002-02-05,16.632,177.15
2002-02-06,50.16,127.59
2002-02-07,0.786,22.48
2002-02-08,0.0,0.0
2002-02-09,0.0,0.0
2002-02-10,3.998,26.18
2002-02-11,34.38,182.19
2002-02-12,17.667,119.62
2002-02-13,5.405,119.99
2002-02-14,0.0,0.0
2002-02-15,2.497,122.43
2002-02-16,0.52,59.57
2002-02-17,5.273,68.78
2002-02-18,0.133,64.89
2002-02-19,0.0,0.0
2002-02-20,0.0,0.0
2002-02-21,0.0,0.0
2002-02-22,23.713,205.25
2002-02-23,32.711,180.85
2002-02-24,68.827,215.6
2002-02-25,3.084,59.79
2002-02-26,0.53,25.88
2002-02-27,1.171,26.73
2002-02-28,22.849,61.17
2002-03-01,2.532,37.27
2002-03-02,0.875,28.1
2002-03-03,48.487,122.19
2002-03-04,90.241,151.43
2002-03-05,0.979,23.49
2002-03-06,5.355,20.16
2002-03-07,10.75,56.7
2002-03-08,20.649,54.04
2002-03-09,8.126,56.73
2002-03-10,39.127,95.7
2002-03-11,0.212,30.59
2002-03-12,8.352,87.65
2002-03-13,34.556,99.08
2002-03-14,4.891,52.32
2002-03-15,26.95,101.94
2002-03-16,33.305,60.56
2002-03-17,13.564,57.4
2002-03-18,32.607,65.68
2002-03-19,20.542,54.66
2002-03-20,36.749,63.82
2002-03-21,8.593,43.89
2002-03-22,4.78,27.07
2002-03-23,17.716,55.53
2002-03-24,8.31,51.95
2002-03-25,17.304,51.32
2002-03-26,8.968,45.18
2002-03-27,48.529,105.54
2002-03-28,34.232,84.39
2002-03-29,4.396,31.8
2002-03-30,47.506,106.08
2002-03-31,10.435,90.21
2002-04-01,15.411,91.35
2002-04-02,23.992,81.89
2002-04-03,6.199,34.47
2002-04-04,20.585,55.56
2002-04-05,37.676,109.13
2002-04-06,11.464,85.82
2002-04-07,86.879,205.43
2002-04-08,43.657,181.39
2002-04-09,17.68,89.52
2002-04-10,26.508,107.4
2002-04-11,24.577,75.55
2002-04-12,0.688,18.22
2002-04-13,5.604,36.48
2002-04-14,0.382,18.33
2002-04-15,8.987,61.94
2002-04-16,5.972,48.92
2002-04-17,1.714,41.38
2002-04-18,0.0,0.0
2002-04-19,16.474,59.4
2002-04-20,1.224,37.08
2002-04-21,1.295,23.93
2002-04-22,0.0,0.0
2002-04-23,0.386,35.57
2002-04-24,4.259,45.71
2002-04-25,11.087,43.0
2002-04-26,17.594,83.51
2002-04-27,6.504,36.73
2002-04-28,6.855,22.84
2002-04-29,0.902,27.79
2002-04-30,0.204,17.46
2002-05-01,8.476,29.91
2002-05-02,0.033,5.77
2002-05-03,0.072,7.95
2002-05-04,0.02,5.06
2002-05-05,0.129,11.62
2002-05-06,0.0,0.0
2002-05-07,0.256,8.23
2002-05-08,0.0,0.0
2002-05-09,0.0,0.0
2002-05-10,0.361,31.29
2002-05-11,0.49,15.38
2002-05-12,0.0,0.0
2002-05-13,0.583,15.18
2002-05-14,0.0,0.0
2002-05-15,0.0,0.0
2002-05-16,0.351,12.54
2002-05-17,2.55,37.89
2002-05-18,1.033,35.49
2002-05-19,0.006,2.84
2002-05-20,0.0,0.0
2002-05-21,0.142,5.55
2002-05-22,0.023,4.5
2002-05-23,0.012,5.67
2002-05-24,0.083,6.61
2002-05-25,0.0,0.0
2002-05-26,0.0,0.0
2002-05-27,0.514,11.7
2002-05-28,11.149,54.8
2002-05-29,0.017,8.16
2002-05-30,0.0,0.0
2002-05-31,1.084,23.99
2002-06-01,0.231,9.06
2002-06-02,1.0,39.68
2002-06-03,6.408,37.83
2002-06-04,0.109,7.7
2002-06-05,0.013,3.25
2002-06-06,1.652,20.24
2002-06-07,1.17,7.35
2002-06-08,0.561,9.54
2002-06-09,0.048,13.22
2002-06-10,0.0,0.0
2002-06-11,0.019,4.68
2002-06-12,0.0,0.0
2002-06-13,0.925,9.44
2002-06-14,0.0,0.0
2002-06-15,0.161,8.23
2002-06-16,0.31,5.68
2002-06-17,0.0,0.0
2002-06-18,0.094,6.97
2002-06-19,0.171,6.07
2002-06-20,0.0,0.0
2002-06-21,0.0,0.0
2002-06-22,0.0,0.0
2002-06-23,0.0,0.0
2002-06-24,0.011,5.5
2002-06-25,0.016,3.83
2002-06-26,0.0,0.0
2002-06-27,0.0,0.0
2002-06-28,0.0,0.0
2002-06-29,0.15,6.47
2002-06-30,0.0,0.0
2002-07-01,0.0,0.0
2002-07-02,0.015,3.67
2002-07-03,0.0,0.0
2002-07-04,0.037,3.1
2002-07-05,0.0,0.0
2002-07-06,0.0,0.0
2002-07-07,0.347,5.9
2002-07-08,0.01,2.36
2002-07-09,0.087,3.4
2002-07-10,0.0,0.0
2002-07-11,0.0,0.0
2002-07-12,0.0,0.0
2002-07-13,0.0,0.0
2002-07-14,0.006,2.98
2002-07-15,0.0,0.0
2002-07-16,0.313,5.63
2002-07-17,0.138,4.43
2002-07-18,0.0,0.0
2002-07-19,0.0,0.0
2002-07-20,0.0,0.0
2002-07-21,0.0,0.0
2002-07-22,0.0,0.0
2002-07-23,0.045,4.39
2002-07-24,0.0,0.0
2002-07-25,0.077,2.83
2002-07-26,0.087,4.61
2002-07-27,0.0,0.0
2002-07-28,0.0,0.0
2002-07-29,0.0,0.0
2002-07-30,0.0,0.0
2002-07-31,0.125,5.17
2002-08-01,0.33,4.21
2002-08-02,0.0,0.0
2002-08-03,0.113,4.49
2002-08-04,0.0,0.0
2002-08-05,0.0,0.0
2002-08-06,0.032,2.19
2002-08-07,0.045,4.64
2002-08-08,0.0,0.0
2002-08-09,0.0,0.0
2002-08-10,0.0,0.0
2002-08-11,0.0,0.0
2002-08-12,0.0,0.0
2002-08-13,0.0,0.0
2002-08-14,0.0,0.0
2002-08-15,0.0,0.0
2002-08-16,0.0,0.0
2002-08-17,0.0,0.0
2002-08-18,0.047,2.55
2002-08-19,0.211,3.73
2002-08-20,0.061,3.75
2002-08-21,0.0,0.0
2002-08-22,0.0,0.0
2002-08-23,0.047,3.63
2002-08-24,0.087,3.1
2002-08-25,0.0,0.0
2002-08-26,0.0,0.0
2002-08-27,0.0,0.0
2002-08-28,0.0,0.0
2002-08-29,0.0,0.0
2002-08-30,0.0,0.0
2002-08-31,1.009,11.36
2002-09-01,0.346,7.25
2002-09-02,0.025,4.01
2002-09-03,0.0,0.0
2002-09-04,0.009,2.37
2002-09-05,0.0,0.0
2002-09-06,0.0,0.0
2002-09-07,0.0,0.0
2002-09-08,0.0,0.0
2002-09-09,0.0,0.0
2002-09-10,0.0,0.0
2002-09-11,0.098,4.23
2002-09-12,0.0,0.0
2002-09-13,0.0,0.0
2002-09-14,0.0,0.0
2002-09-15,0.0,0.0
2002-09-16,0.0,0.0
2002-09-17,0.0,0.0
2002-09-18,0.197,4.83
2002-09-19,0.0,0.0
2002-09-20,0.596,8.19
2002-09-21,0.042,3.16
2002-09-22,0.095,3.66
2002-09-23,0.079,3.41
2002-09-24,0.0,0.0
2002-09-25,0.088,2.82
2002-09-26,1.115,8.94
2002-09-27,1.038,4.65
2002-09-28,0.099,3.63
2002-09-29,0.0,0.0
2002-09-30,0.054,2.87
2002-10-01,0.0,0.0
2002-10-02,0.0,0.0
2002-10-03,0.0,0.0
2002-10-04,0.0,0.0
2002-10-05,0.031,3.19
2002-10-06,0.0,0.0
2002-10-07,0.0,0.0
2002-10-08,0.0,0.0
2002-10-09,0.0,0.0
2002-10-10,0.0,0.0
2002-10-11,0.0,0.0
2002-10-12,0.0,0.0
2002-10-13,0.0,0.0
2002-10-14,0.0,0.0
2002-10-15,0.0,0.0
2002-10-16,0.0,0.0
2002-10-17,0.0,0.0
2002-10-18,0.012,2.14
2002-10-19,0.0,0.0
2002-10-20,0.387,5.34
2002-10-21,3.729,13.14
2002-10-22,0.101,4.33
2002-10-23,1.245,27.16
2002-10-24,0.02,3.49
2002-10-25,0.496,5.8
2002-10-26,1.159,11.66
2002-10-27,0.361,8.56
2002-10-28,0.202,5.63
2002-10-29,0.818,11.43
2002-10-30,0.004,1.87
2002-10-31,0.562,7.81
2002-11-01,0.0,0.0
2002-11-02,0.486,23.5
2002-11-03,1.042,8.28
2002-11-04,0.053,10.99
2002-11-05,1.956,11.53
2002-11-06,0.669,10.68
2002-11-07,0.173,4.06
2002-11-08,0.0,0.0
2002-11-09,0.548,6.45
2002-11-10,0.0,0.0
2002-11-11,0.0,0.0
2002-11-12,0.0,0.0
2002-11-13,1.639,9.51
2002-11-14,0.0,0.0
2002-11-15,0.0,0.0
2002-11-16,0.0,0.0
2002-11-17,0.0,0.0
2002-11-18,0.22,3.46
2002-11-19,0.0,0.0
2002-11-20,0.48,3.47
2002-11-21,0.0,0.0
2002-11-22,0.0,0.0
2002-11-23,0.0,0.0
2002-11-24,0.0,0.0
2002-11-25,0.0,0.0
2002-11-26,0.054,3.84
2002-11-27,0.0,0.0
2002-11-28,0.0,0.0
2002-11-29,0.0,0.0
2002-11-30,0.009,4.29
2002-12-01,0.0,0.0
2002-12-02,0.0,0.0
2002-12-03,0.0,0.0
2002-12-04,0.043,6.08
2002-12-05,0.0,0.0
2002-12-06,3.467,72.61
2002-12-07,0.129,20.07
2002-12-08,4.738,59.01
2002-12-09,0.469,84.11
2002-12-10,0.392,29.38
2002-12-11,0.0,0.0
2002-12-12,0.0,0.0
2002-12-13,0.0,0.0
2002-12-14,0.0,0.0
2002-12-15,0.35,12.05
2002-12-16,3.467,25.18
2002-12-17,0.821,33.77
2002-12-18,1.259,27.2
2002-12-19,0.216,28.61
2002-12-20,0.012,5.98
2002-12-21,0.0,0.0
2002-12-22,0.527,31.21
2002-12-23,0.239,7.7
2002-12-24,0.934,8.22
2002-12-25,0.029,3.92
2002-12-26,0.571,6.54
2002-12-27,0.278,5.68
2002-12-28,0.07,6.4
2002-12-29,3.953,12.71
2002-12-30,1.31,8.14
2002-12-31,2.714,34.02
2003-01-01,0.0,0.0
2003-01-02,0.0,0.0
2003-01-03,0.0,0.0
2003-01-04,0.126,6.96
2003-01-05,1.191,43.47
2003-01-06,0.1,6.86
2003-01-07,0.0,0.0
2003-01-08,0.069,5.91
2003-01-09,0.178,7.38
2003-01-10,0.0,0.0
2003-01-11,0.0,0.0
2003-01-12,0.0,0.0
2003-01-13,0.137,9.13
2003-01-14,0.097,21.84
2003-01-15,11.258,83.09
2003-01-16,3.216,111.19
2003-01-17,11.821,138.57
2003-01-18,0.038,6.59
2003-01-19,23.734,164.68
2003-01-20,50.749,183.22
2003-01-21,2.272,81.78
2003-01-22,0.0,0.0
2003-01-23,0.012,5.71
2003-01-24,0.003,1.33
2003-01-25,6.654,67.21
2003-01-26,14.91,107.99
2003-01-27,0.567,11.65
2003-01-28,0.083,8.47
2003-01-29,1.473,117.05
2003-01-30,1.434,79.77
2003-01-31,0.291,10.21
2003-02-01,2.7,27.32
2003-02-02,15.063,105.37
2003-02-03,2.37,172.85
2003-02-04,0.0,0.0
2003-02-05,0.0,0.0
2003-02-06,0.923,9.38
2003-02-07,2.575,16.53
2003-02-08,0.675,8.53
2003-02-09,4.146,114.55
2003-02-10,4.603,94.85
2003-02-11,0.243,7.78
2003-02-12,1.406,14.12
2003-02-13,0.899,14.03
2003-02-14,40.442,203.83
2003-02-15,0.396,6.3
2003-02-16,0.582,14.82
2003-02-17,0.091,44.74
2003-02-18,1.649,17.59
2003-02-19,3.036,26.43
2003-02-20,15.672,112.48
2003-02-21,2.761,50.24
2003-02-22,0.0,0.0
2003-02-23,3.89,32.16
2003-02-24,44.053,126.11
2003-02-25,1.807,21.34
2003-02-26,0.283,14.62
2003-02-27,28.062,87.75
2003-02-28,4.88,92.04
2003-03-01,1.526,40.92
2003-03-02,12.487,70.23
2003-03-03,0.311,8.25
2003-03-04,0.052,25.5
2003-03-05,7.853,95.19
2003-03-06,1.033,48.92
2003-03-07,0.0,0.0
2003-03-08,0.021,5.24
2003-03-09,0.033,8.08
2003-03-10,0.012,5.89
2003-03-11,0.584,18.73
2003-03-12,0.036,9.02
2003-03-13,0.03,7.52
2003-03-14,2.248,35.94
2003-03-15,3.372,49.4
2003-03-16,12.403,59.31
2003-03-17,5.319,77.26
2003-03-18,9.876,55.93
2003-03-19,0.677,27.01
2003-03-20,0.0,0.0
2003-03-21,0.255,23.64
2003-03-22,2.021,42.18
2003-03-23,7.532,45.39
2003-03-24,4.387,61.77
2003-03-25,0.168,11.29
2003-03-26,20.782,109.23
2003-03-27,0.264,7.95
2003-03-28,0.0,0.0
2003-03-29,0.0,0.0
2003-03-30,0.0,0.0
2003-03-31,0.031,15.21
2003-04-01,0.032,5.15
2003-04-02,0.0,0.0
2003-04-03,0.0,0.0
2003-04-04,0.011,5.18
2003-04-05,0.0,0.0
2003-04-06,0.0,0.0
2003-04-07,0.0,0.0
2003-04-08,0.0,0.0
2003-04-09,3.902,70.81
2003-04-10,2.155,44.53
2003-04-11,0.072,25.27
2003-04-12,9.446,59.93
2003-04-13,1.829,55.11
2003-04-14,4.671,55.51
2003-04-15,42.793,146.8
2003-04-16,0.0,0.0
2003-04-17,1.167,36.54
2003-04-18,0.0,0.0
2003-04-19,0.0,0.0
2003-04-20,0.0,0.0
2003-04-21,0.28,9.86
2003-04-22,1.652,34.16
2003-04-23,2.873,40.94
2003-04-24,6.141,47.64
2003-04-25,0.632,39.88
2003-04-26,0.801,37.51
2003-04-27,0.933,29.81
2003-04-28,1.112,44.2
2003-04-29,0.0,0.0
2003-04-30,0.397,24.29
2003-05-01,0.0,0.0
2003-05-02,0.279,7.19
2003-05-03,3.762,8.89
2003-05-04,0.0,0.0
2003-05-05,0.46,8.04
2003-05-06,6.244,12.09
2003-05-07,0.0,0.0
2003-05-08,0.0,0.0
2003-05-09,0.0,0.0
2003-05-10,0.0,0.0
2003-05-11,0.622,28.54
2003-05-12,1.52,6.46
2003-05-13,0.0,0.0
2003-05-14,0.0,0.0
2003-05-15,0.0,0.0
2003-05-16,0.0,0.0
2003-05-17,0.0,0.0
2003-05-18,0.0,0.0
2003-05-19,0.0,0.0
2003-05-20,0.0,0.0
2003-05-21,0.064,6.76
2003-05-22,0.0,0.0
2003-05-23,0.0,0.0
2003-05-24,0.01,4.69
2003-05-25,0.209,6.62
2003-05-26,1.667,14.81
2003-05-27,1.113,8.37
2003-05-28,0.352,6.87
2003-05-29,1.581,10.54
2003-05-30,0.028,7.47
2003-05-31,0.0,0.0
2003-06-01,1.223,32.62
2003-06-02,0.445,9.89
2003-06-03,0.093,7.21
2003-06-04,0.692,34.38
2003-06-05,0.0,0.0
2003-06-06,0.19,9.14
2003-06-07,2.831,25.32
2003-06-08,0.0,0.0
2003-06-09,0.0,0.0
2003-06-10,0.0,0.0
2003-06-11,0.0,0.0
2003-06-12,0.0,0.0
2003-06-13,0.0,0.0
2003-06-14,0.043,7.71
2003-06-15,1.052,7.83
2003-06-16,0.319,27.75
2003-06-17,1.281,35.76
2003-06-18,0.0,0.0
2003-06-19,0.754,8.18
2003-06-20,3.529,10.67
2003-06-21,0.38,8.89
2003-06-22,0.0,0.0
2003-06-23,0.072,5.62
2003-06-24,0.0,0.0
2003-06-25,0.0,0.0
2003-06-26,0.0,0.0
2003-06-27,0.0,0.0
2003-06-28,0.0,0.0
2003-06-29,0.0,0.0
2003-06-30,0.316,7.13
2003-07-01,0.041,3.36
2003-07-02,0.0,0.0
2003-07-03,0.0,0.0
2003-07-04,0.0,0.0
2003-07-05,0.578,6.8
2003-07-06,0.675,7.56
2003-07-07,0.0,0.0
2003-07-08,0.844,17.11
2003-07-09,0.014,3.72
2003-07-10,0.0,0.0
2003-07-11,0.272,8.57
2003-07-12,0.0,0.0
2003-07-13,0.0,0.0
2003-07-14,0.19,4.97
2003-07-15,0.076,4.71
2003-07-16,0.0,0.0
2003-07-17,0.0,0.0
2003-07-18,0.0,0.0
2003-07-19,0.0,0.0
2003-07-20,0.0,0.0
2003-07-21,0.0,0.0
2003-07-22,0.0,0.0
2003-07-23,0.0,0.0
2003-07-24,0.0,0.0
2003-07-25,0.0,0.0
2003-07-26,0.0,0.0
2003-07-27,0.0,0.0
2003-07-28,0.0,0.0
2003-07-29,0.0,0.0
2003-07-30,0.0,0.0
2003-07-31,0.033,4.93
2003-08-01,0.0,0.0
2003-08-02,0.0,0.0
2003-08-03,0.0,0.0
2003-08-04,0.0,0.0
2003-08-05,0.0,0.0
2003-08-06,0.0,0.0
2003-08-07,0.0,0.0
2003-08-08,0.0,0.0
2003-08-09,0.0,0.0
2003-08-10,0.034,2.7
2003-08-11,0.0,0.0
2003-08-12,0.0,0.0
2003-08-13,0.0,0.0
2003-08-14,0.0,0.0
2003-08-15,0.21,4.34
2003-08-16,0.688,8.63
2003-08-17,0.0,0.0
2003-08-18,0.05,3.03
2003-08-19,0.0,0.0
2003-08-20,0.394,8.01
2003-08-21,0.147,4.63
2003-08-22,0.176,5.22
2003-08-23,0.0,0.0
2003-08-24,0.0,0.0
2003-08-25,0.0,0.0
2003-08-26,0.0,0.0
2003-08-27,0.35,6.37
2003-08-28,0.039,3.92
2003-08-29,0.0,0.0
2003-08-30,0.0,0.0
2003-08-31,0.0,0.0
2003-09-01,0.0,0.0
2003-09-02,0.0,0.0
2003-09-03,0.0,0.0
2003-09-04,0.0,0.0
2003-09-05,0.0,0.0
2003-09-06,0.0,0.0
2003-09-07,0.672,9.29
2003-09-08,0.181,10.64
2003-09-09,0.0,0.0
2003-09-10,0.004,1.84
2003-09-11,0.076,11.92
2003-09-12,0.0,0.0
2003-09-13,0.0,0.0
2003-09-14,0.0,0.0
2003-09-15,0.0,0.0
2003-09-16,0.0,0.0
2003-09-17,0.0,0.0
2003-09-18,0.0,0.0
2003-09-19,0.0,0.0
2003-09-20,0.734,4.1
2003-09-21,0.0,0.0
2003-09-22,0.0,0.0
2003-09-23,0.0,0.0
2003-09-24,0.0,0.0
2003-09-25,0.106,3.42
2003-09-26,0.172,5.87
2003-09-27,3.333,25.57
2003-09-28,0.0,0.0
2003-09-29,0.0,0.0
2003-09-30,0.093,4.77
2003-10-01,0.0,0.0
2003-10-02,0.0,0.0
2003-10-03,0.0,0.0
2003-10-04,0.028,3.47
2003-10-05,0.0,0.0
2003-10-06,0.0,0.0
2003-10-07,0.0,0.0
2003-10-08,0.793,7.46
2003-10-09,0.0,0.0
2003-10-10,0.199,12.26
2003-10-11,0.012,5.97
2003-10-12,0.027,3.34
2003-10-13,0.0,0.0
2003-10-14,0.0,0.0
2003-10-15,0.0,0.0
2003-10-16,0.0,0.0
2003-10-17,0.04,3.16
2003-10-18,0.0,0.0
2003-10-19,0.0,0.0
2003-10-20,0.077,4.86
2003-10-21,0.009,2.42
2003-10-22,0.0,0.0
2003-10-23,0.0,0.0
2003-10-24,0.008,1.99
2003-10-25,1.539,12.5
2003-10-26,0.464,5.54
2003-10-27,0.1,3.07
2003-10-28,1.494,12.72
2003-10-29,1.809,28.63
2003-10-30,0.054,4.52
2003-10-31,0.0,0.0
2003-11-01,0.0,0.0
2003-11-02,0.0,0.0
2003-11-03,0.183,5.75
2003-11-04,0.0,0.0
2003-11-05,0.246,5.67
2003-11-06,0.0,0.0
2003-11-07,0.0,0.0
2003-11-08,0.0,0.0
2003-11-09,0.0,0.0
2003-11-10,0.0,0.0
2003-11-11,0.0,0.0
2003-11-12,0.0,0.0
2003-11-13,0.0,0.0
2003-11-14,0.176,4.67
2003-11-15,0.243,6.94
2003-11-16,0.0,0.0
2003-11-17,0.0,0.0
2003-11-18,0.652,10.13
2003-11-19,0.0,0.0
2003-11-20,0.0,0.0
2003-11-21,0.064,4.04
2003-11-22,0.588,8.78
2003-11-23,0.0,0.0
2003-11-24,0.0,0.0
2003-11-25,0.01,2.56
2003-11-26,1.68,7.59
2003-11-27,0.703,6.29
2003-11-28,0.0,0.0
2003-11-29,0.076,5.41
2003-11-30,1.662,15.18
2003-12-01,21.737,82.59
2003-12-02,0.12,9.66
2003-12-03,1.474,16.87
2003-12-04,2.229,27.29
2003-12-05,0.0,0.0
2003-12-06,0.254,26.95
2003-12-07,0.0,0.0
2003-12-08,0.017,8.43
2003-12-09,0.0,0.0
2003-12-10,0.258,11.87
2003-12-11,0.805,42.18
2003-12-12,3.032,35.95
2003-12-13,1.273,29.9
2003-12-14,0.006,3.15
2003-12-15,0.02,9.88
2003-12-16,0.0,0.0
2003-12-17,0.0,0.0
2003-12-18,0.0,0.0
2003-12-19,0.0,0.0
2003-12-20,0.007,3.41
2003-12-21,1.579,45.28
2003-12-22,0.0,0.0
2003-12-23,0.0,0.0
2003-12-24,0.0,0.0
2003-12-25,0.0,0.0
2003-12-26,0.363,23.07
2003-12-27,0.416,11.0
2003-12-28,7.018,44.25
2003-12-29,0.0,0.0
2003-12-30,0.0,0.0
2003-12-31,0.0,0.0
2004-01-01,0.01,4.92
2004-01-02,0.672,7.38
2004-01-03,0.025,6.36
2004-01-04,1.101,7.46
2004-01-05,6.901,15.06
2004-01-06,13.798,145.65
2004-01-07,8.808,14.19
2004-01-08,8.434,15.77
2004-01-09,9.07,119.06
2004-01-10,1.818,12.72
2004-01-11,6.358,15.14
2004-01-12,3.836,23.82
2004-01-13,0.0,0.0
2004-01-14,0.741,7.29
2004-01-15,1.715,10.41
2004-01-16,3.687,13.33
2004-01-17,0.0,0.0
2004-01-18,1.652,11.06
2004-01-19,0.999,11.06
2004-01-20,1.328,14.95
2004-01-21,0.0,0.0
2004-01-22,0.072,7.39
2004-01-23,0.93,10.12
2004-01-24,4.508,37.81
2004-01-25,3.942,25.5
2004-01-26,0.0,0.0
2004-01-27,5.768,12.06
2004-01-28,0.032,7.95
2004-01-29,5.128,13.06
2004-01-30,0.735,7.69
2004-01-31,0.236,12.0
2004-02-01,0.0,0.0
2004-02-02,0.0,0.0
2004-02-03,0.0,0.0
2004-02-04,0.0,0.0
2004-02-05,0.0,0.0
2004-02-06,0.0,0.0
2004-02-07,0.0,0.0
2004-02-08,0.0,0.0
2004-02-09,0.0,0.0
2004-02-10,0.0,0.0
2004-02-11,0.0,0.0
2004-02-12,5.108,118.45
2004-02-13,0.412,22.54
2004-02-14,48.342,93.44
2004-02-15,25.237,77.74
2004-02-16,21.257,129.11
2004-02-17,23.478,79.52
2004-02-18,0.252,34.07
2004-02-19,28.084,114.16
2004-02-20,17.568,80.94
2004-02-21,4.479,67.3
2004-02-22,7.373,81.07
2004-02-23,3.857,37.02
2004-02-24,0.189,21.41
2004-02-25,0.994,32.37
2004-02-26,11.791,53.24
2004-02-27,0.0,0.0
2004-02-28,0.683,25.06
2004-02-29,7.259,59.49
2004-03-01,0.394,8.32
2004-03-02,0.0,0.0
2004-03-03,0.0,0.0
2004-03-04,0.015,7.17
2004-03-05,0.462,41.82
2004-03-06,3.643,58.42
2004-03-07,8.409,73.88
2004-03-08,3.676,76.72
2004-03-09,1.809,61.65
2004-03-10,0.016,7.65
2004-03-11,0.153,21.81
2004-03-12,0.0,0.0
2004-03-13,0.575,34.26
2004-03-14,0.055,26.86
2004-03-15,0.028,9.67
2004-03-16,1.845,28.56
2004-03-17,1.545,43.82
2004-03-18,3.072,46.9
2004-03-19,0.037,9.52
2004-03-20,1.434,38.68
2004-03-21,0.0,0.0
2004-03-22,0.798,23.35
2004-03-23,1.815,63.3
2004-03-24,0.0,0.0
2004-03-25,0.049,13.63
2004-03-26,13.166,159.38
2004-03-27,42.266,142.34
2004-03-28,20.586,181.08
2004-03-29,23.131,125.84
2004-03-30,4.736,85.44
2004-03-31,0.279,58.0
2004-04-01,21.157,109.19
2004-04-02,0.0,0.0
2004-04-03,2.737,44.28
2004-04-04,6.272,70.05
2004-04-05,0.769,28.19
2004-04-06,8.385,60.32
2004-04-07,1.067,15.15
2004-04-08,0.199,17.75
2004-04-09,1.928,42.53
2004-04-10,0.0,0.0
2004-04-11,0.9,14.32
2004-04-12,0.009,4.53
2004-04-13,0.302,36.11
2004-04-14,0.546,71.18
2004-04-15,2.406,68.5
2004-04-16,0.068,7.57
2004-04-17,0.0,0.0
2004-04-18,0.0,0.0
2004-04-19,0.0,0.0
2004-04-20,0.989,41.35
2004-04-21,5.245,70.98
2004-04-22,3.62,115.51
2004-04-23,2.996,67.5
2004-04-24,5.413,98.82
2004-04-25,0.044,21.77
2004-04-26,26.284,113.77
2004-04-27,0.219,9.23
2004-04-28,2.438,83.4
2004-04-29,0.0,0.0
2004-04-30,0.016,7.66
2004-05-01,0.0,0.0
2004-05-02,0.956,14.9
2004-05-03,0.227,8.66
2004-05-04,0.069,9.93
2004-05-05,0.249,23.9
2004-05-06,0.079,12.52
2004-05-07,1.829,9.38
2004-05-08,0.871,9.75
2004-05-09,0.0,0.0
2004-05-10,0.0,0.0
2004-05-11,0.634,6.84
2004-05-12,0.0,0.0
2004-05-13,0.0,0.0
2004-05-14,0.0,0.0
2004-05-15,0.0,0.0
2004-05-16,0.033,8.34
2004-05-17,0.236,7.35
2004-05-18,8.772,78.32
2004-05-19,1.613,45.33
2004-05-20,0.602,12.42
2004-05-21,1.475,11.37
2004-05-22,2.543,18.97
2004-05-23,0.0,0.0
2004-05-24,0.0,0.0
2004-05-25,0.0,0.0
2004-05-26,0.062,19.42
2004-05-27,0.0,0.0
2004-05-28,9.378,60.86
2004-05-29,0.038,18.58
2004-05-30,5.146,31.72
2004-05-31,0.0,0.0
2004-06-01,0.999,6.57
2004-06-02,2.075,6.64
2004-06-03,0.0,0.0
2004-06-04,0.023,1.88
2004-06-05,0.067,1.88
2004-06-06,0.293,4.94
2004-06-07,0.0,0.0
2004-06-08,0.949,34.85
2004-06-09,1.106,7.12
2004-06-10,1.022,13.45
2004-06-11,0.0,0.0
2004-06-12,0.0,0.0
2004-06-13,0.0,0.0
2004-06-14,0.0,0.0
2004-06-15,0.0,0.0
2004-06-16,0.0,0.0
2004-06-17,0.0,0.0
2004-06-18,0.0,0.0
2004-06-19,0.287,5.57
2004-06-20,0.0,0.0
2004-06-21,0.033,3.52
2004-06-22,0.0,0.0
2004-06-23,0.026,2.82
2004-06-24,2.573,12.19
2004-06-25,1.862,7.08
2004-06-26,0.0,0.0
2004-06-27,0.0,0.0
2004-06-28,0.0,0.0
2004-06-29,0.015,3.85
2004-06-30,0.0,0.0
2004-07-01,0.0,0.0
2004-07-02,0.047,4.38
2004-07-03,0.0,0.0
2004-07-04,0.0,0.0
2004-07-05,0.859,7.1
2004-07-06,0.434,5.54
2004-07-07,0.0,0.0
2004-07-08,0.0,0.0
2004-07-09,0.0,0.0
2004-07-10,0.0,0.0
2004-07-11,0.0,0.0
2004-07-12,0.0,0.0
2004-07-13,0.0,0.0
2004-07-14,0.022,2.29
2004-07-15,0.0,0.0
2004-07-16,0.036,2.88
2004-07-17,0.0,0.0
2004-07-18,0.0,0.0
2004-07-19,0.0,0.0
2004-07-20,0.0,0.0
2004-07-21,0.0,0.0
2004-07-22,0.0,0.0
2004-07-23,0.0,0.0
2004-07-24,0.0,0.0
2004-07-25,0.0,0.0
2004-07-26,0.052,2.85
2004-07-27,0.0,0.0
2004-07-28,0.0,0.0
2004-07-29,0.0,0.0
2004-07-30,0.0,0.0
2004-07-31,0.0,0.0
2004-08-01,0.0,0.0
2004-08-02,0.0,0.0
2004-08-03,0.0,0.0
2004-08-04,0.381,6.17
2004-08-05,0.654,9.26
2004-08-06,0.0,0.0
2004-08-07,0.0,0.0
2004-08-08,0.0,0.0
2004-08-09,0.0,0.0
2004-08-10,0.002,0.91
2004-08-11,0.0,0.0
2004-08-12,0.0,0.0
2004-08-13,0.0,0.0
2004-08-14,0.0,0.0
2004-08-15,0.0,0.0
2004-08-16,0.128,4.39
2004-08-17,0.043,3.38
2004-08-18,0.083,5.56
2004-08-19,0.0,0.0
2004-08-20,0.355,14.98
2004-08-21,0.0,0.0
2004-08-22,0.0,0.0
2004-08-23,0.0,0.0
2004-08-24,0.0,0.0
2004-08-25,0.0,0.0
2004-08-26,0.023,3.74
2004-08-27,0.36,6.69
2004-08-28,0.858,5.21
2004-08-29,0.459,12.4
2004-08-30,0.0,0.0
2004-08-31,0.264,7.62
2004-09-01,0.061,5.31
2004-09-02,0.544,4.9
2004-09-03,0.0,0.0
2004-09-04,0.0,0.0
2004-09-05,0.056,2.62
2004-09-06,0.886,8.46
2004-09-07,0.044,1.9
2004-09-08,0.396,9.07
2004-09-09,0.07,5.63
2004-09-10,3.375,30.98
2004-09-11,0.007,3.37
2004-09-12,0.0,0.0
2004-09-13,0.0,0.0
2004-09-14,0.0,0.0
2004-09-15,0.0,0.0
2004-09-16,0.0,0.0
2004-09-17,0.017,2.19
2004-09-18,0.0,0.0
2004-09-19,0.004,2.05
2004-09-20,0.575,8.12
2004-09-21,0.043,2.23
2004-09-22,0.0,0.0
2004-09-23,0.006,3.11
2004-09-24,0.0,0.0
2004-09-25,0.026,2.54
2004-09-26,0.0,0.0
2004-09-27,0.0,0.0
2004-09-28,0.036,3.21
2004-09-29,0.0,0.0
2004-09-30,0.004,1.2
2004-10-01,0.0,0.0
2004-10-02,0.0,0.0
2004-10-03,0.009,2.5
2004-10-04,0.338,6.92
2004-10-05,0.0,0.0
2004-10-06,0.044,3.54
2004-10-07,0.015,3.37
2004-10-08,0.0,0.0
2004-10-09,0.0,0.0
2004-10-10,0.0,0.0
2004-10-11,0.0,0.0
2004-10-12,0.0,0.0
2004-10-13,0.0,0.0
2004-10-14,0.024,4.61
2004-10-15,0.035,2.51
2004-10-16,0.0,0.0
2004-10-17,0.021,2.82
2004-10-18,0.0,0.0
2004-10-19,0.859,12.51
2004-10-20,0.913,16.53
2004-10-21,2.056,15.89
2004-10-22,0.31,6.45
2004-10-23,0.257,4.98
2004-10-24,0.069,4.49
2004-10-25,1.099,9.79
2004-10-26,0.07,3.91
2004-10-27,0.782,9.45
2004-10-28,0.171,11.22
2004-10-29,0.531,10.5
2004-10-30,0.08,5.82
2004-10-31,0.0,0.0
2004-11-01,0.0,0.0
2004-11-02,0.023,2.95
2004-11-03,0.0,0.0
2004-11-04,0.0,0.0
2004-11-05,0.368,11.15
2004-11-06,0.0,0.0
2004-11-07,0.302,17.83
2004-11-08,0.021,8.03
2004-11-09,0.0,0.0
2004-11-10,0.46,9.37
2004-11-11,0.143,5.18
2004-11-12,0.011,2.9
2004-11-13,0.0,0.0
2004-11-14,0.0,0.0
2004-11-15,0.0,0.0
2004-11-16,0.0,0.0
2004-11-17,0.0,0.0
2004-11-18,0.015,2.86
2004-11-19,0.0,0.0
2004-11-20,0.0,0.0
2004-11-21,0.0,0.0
2004-11-22,0.0,0.0
2004-11-23,0.124,4.33
2004-11-24,0.222,5.83
2004-11-25,2.305,14.09
2004-11-26,0.0,0.0
2004-11-27,0.8,6.4
2004-11-28,0.991,8.07
2004-11-29,0.0,0.0
2004-11-30,0.0,0.0
2004-12-01,0.0,0.0
2004-12-02,0.08,25.57
2004-12-03,0.0,0.0
2004-12-04,0.223,7.48
2004-12-05,0.555,10.86
2004-12-06,1.005,11.81
2004-12-07,0.0,0.0
2004-12-08,0.0,0.0
2004-12-09,0.0,0.0
2004-12-10,0.0,0.0
2004-12-11,0.0,0.0
2004-12-12,0.438,9.12
2004-12-13,0.0,0.0
2004-12-14,2.121,25.15
2004-12-15,0.556,7.86
2004-12-16,0.94,30.33
2004-12-17,0.399,19.52
2004-12-18,3.307,19.82
2004-12-19,0.802,21.65
2004-12-20,0.723,37.4
2004-12-21,1.933,42.05
2004-12-22,0.485,22.0
2004-12-23,0.753,15.6
2004-12-24,0.031,9.96
2004-12-25,0.056,3.62
2004-12-26,0.0,0.0
2004-12-27,1.277,15.13
2004-12-28,1.143,8.92
2004-12-29,0.0,0.0
2004-12-30,0.012,5.83
2004-12-31,0.0,0.0
2005-01-01,0.296,6.02
2005-01-02,0.388,6.02
2005-01-03,2.411,9.19
2005-01-04,2.799,14.66
2005-01-05,0.445,6.02
2005-01-06,1.811,9.41
2005-01-07,1.977,10.28
2005-01-08,0.0,0.0
2005-01-09,3.037,16.4
2005-01-10,1.263,8.31
2005-01-11,4.755,21.15
2005-01-12,0.134,12.02
2005-01-13,3.646,13.29
2005-01-14,0.907,12.66
2005-01-15,2.922,9.2
2005-01-16,0.891,58.82
2005-01-17,1.243,25.31
2005-01-18,0.0,0.0
2005-01-19,0.144,7.55
2005-01-20,0.0,0.0
2005-01-21,0.979,10.92
2005-01-22,0.06,5.54
2005-01-23,0.0,0.0
2005-01-24,1.493,26.41
2005-01-25,12.987,93.49
2005-01-26,6.857,15.16
2005-01-27,1.037,15.51
2005-01-28,0.952,11.91
2005-01-29,1.36,20.45
2005-01-30,1.122,14.69
2005-01-31,2.649,140.11
2005-02-01,0.628,9.39
2005-02-02,5.203,99.76
2005-02-03,2.527,8.94
2005-02-04,6.888,23.86
2005-02-05,0.225,8.18
2005-02-06,0.605,13.82
2005-02-07,0.216,8.09
2005-02-08,3.799,13.22
2005-02-09,3.148,15.47
2005-02-10,9.88,19.48
2005-02-11,19.28,34.26
2005-02-12,2.652,66.45
2005-02-13,0.0,0.0
2005-02-14,1.678,172.21
2005-02-15,3.358,25.81
2005-02-16,1.461,16.73
2005-02-17,0.0,0.0
2005-02-18,3.089,9.73
2005-02-19,3.873,14.43
2005-02-20,1.365,13.93
2005-02-21,3.69,16.32
2005-02-22,2.863,19.47
2005-02-23,3.245,13.25
2005-02-24,0.0,0.0
2005-02-25,1.876,42.58
2005-02-26,0.0,0.0
2005-02-27,0.553,8.82
2005-02-28,2.346,44.23
2005-03-01,16.682,81.35
2005-03-02,0.0,0.0
2005-03-03,4.748,70.15
2005-03-04,0.0,0.0
2005-03-05,0.122,34.22
2005-03-06,3.095,44.04
2005-03-07,0.922,23.21
2005-03-08,51.215,133.2
2005-03-09,1.494,29.1
2005-03-10,0.296,21.67
2005-03-11,0.765,59.76
2005-03-12,3.042,33.25
2005-03-13,13.328,62.33
2005-03-14,5.922,33.5
2005-03-15,3.007,27.19
2005-03-16,5.821,32.46
2005-03-17,1.945,35.6
2005-03-18,14.275,114.83
2005-03-19,1.651,15.59
2005-03-20,0.807,14.6
2005-03-21,0.96,33.19
2005-03-22,0.159,28.86
2005-03-23,0.0,0.0
2005-03-24,0.125,35.16
2005-03-25,0.041,19.82
2005-03-26,13.202,97.9
2005-03-27,1.861,59.96
2005-03-28,0.803,25.86
2005-03-29,3.048,57.63
2005-03-30,0.91,33.38
2005-03-31,1.502,37.47
2005-04-01,0.39,8.69
2005-04-02,2.109,37.71
2005-04-03,0.0,0.0
2005-04-04,0.045,7.25
2005-04-05,1.417,67.46
2005-04-06,0.479,8.94
2005-04-07,1.586,26.35
2005-04-08,1.269,24.67
2005-04-09,0.717,22.67
2005-04-10,0.047,11.85
2005-04-11,0.113,21.82
2005-04-12,14.243,61.16
2005-04-13,0.758,32.19
2005-04-14,1.6,31.23
2005-04-15,0.723,23.61
2005-04-16,3.979,66.72
2005-04-17,4.287,39.3
2005-04-18,0.0,0.0
2005-04-19,0.615,14.13
2005-04-20,7.703,79.59
2005-04-21,10.769,51.38
2005-04-22,0.106,18.35
2005-04-23,4.374,54.35
2005-04-24,9.105,92.59
2005-04-25,29.46,98.22
2005-04-26,0.139,29.32
2005-04-27,13.242,88.0
2005-04-28,7.679,77.77
2005-04-29,12.647,94.52
2005-04-30,0.404,19.9
2005-05-01,0.02,5.51
2005-05-02,0.31,5.15
2005-05-03,0.143,16.84
2005-05-04,0.0,0.0
2005-05-05,0.0,0.0
2005-05-06,0.0,0.0
2005-05-07,0.117,4.61
2005-05-08,1.993,9.6
2005-05-09,0.0,0.0
2005-05-10,0.0,0.0
2005-05-11,0.006,3.06
2005-05-12,0.0,0.0
2005-05-13,0.0,0.0
2005-05-14,0.0,0.0
2005-05-15,0.0,0.0
2005-05-16,1.754,12.78
2005-05-17,0.546,30.63
2005-05-18,0.111,21.16
2005-05-19,0.122,14.68
2005-05-20,0.0,0.0
2005-05-21,2.323,26.66
2005-05-22,8.023,87.25
2005-05-23,0.074,9.37
2005-05-24,0.011,5.21
2005-05-25,1.573,13.52
2005-05-26,0.122,21.06
2005-05-27,0.322,27.22
2005-05-28,0.0,0.0
2005-05-29,0.649,7.29
2005-05-30,1.18,6.99
2005-05-31,0.0,0.0
2005-06-01,0.0,0.0
2005-06-02,1.66,7.78
2005-06-03,4.648,11.74
2005-06-04,0.0,0.0
2005-06-05,0.345,5.93
2005-06-06,0.042,5.71
2005-06-07,0.0,0.0
2005-06-08,0.0,0.0
2005-06-09,0.0,0.0
2005-06-10,0.0,0.0
2005-06-11,0.294,6.6
2005-06-12,0.0,0.0
2005-06-13,0.0,0.0
2005-06-14,0.573,8.58
2005-06-15,0.165,4.14
2005-06-16,0.0,0.0
2005-06-17,0.08,4.8
2005-06-18,0.0,0.0
2005-06-19,0.445,6.78
2005-06-20,0.0,0.0
2005-06-21,0.0,0.0
2005-06-22,0.071,1.42
2005-06-23,0.103,1.98
2005-06-24,0.0,0.0
2005-06-25,0.007,0.43
2005-06-26,0.0,0.0
2005-06-27,0.384,8.22
2005-06-28,0.0,0.0
2005-06-29,0.0,0.0
2005-06-30,1.257,8.59
2005-07-01,0.158,5.16
2005-07-02,0.012,3.22
2005-07-03,0.0,0.0
2005-07-04,0.0,0.0
2005-07-05,0.222,11.54
2005-07-06,0.018,1.79
2005-07-07,0.0,0.0
2005-07-08,0.0,0.0
2005-07-09,0.0,0.0
2005-07-10,0.0,0.0
2005-07-11,0.0,0.0
2005-07-12,0.108,4.74
2005-07-13,0.024,2.93
2005-07-14,0.0,0.0
2005-07-15,0.0,0.0
2005-07-16,0.0,0.0
2005-07-17,2.36,20.88
2005-07-18,0.004,2.09
2005-07-19,0.025,4.38
2005-07-20,0.042,4.38
2005-07-21,0.0,0.0
2005-07-22,0.0,0.0
2005-07-23,0.0,0.0
2005-07-24,0.0,0.0
2005-07-25,0.0,0.0
2005-07-26,0.0,0.0
2005-07-27,0.0,0.0
2005-07-28,0.0,0.0
2005-07-29,0.006,3.06
2005-07-30,0.0,0.0
2005-07-31,0.038,3.34
2005-08-01,0.0,0.0
2005-08-02,0.0,0.0
2005-08-03,0.0,0.0
2005-08-04,0.0,0.0
2005-08-05,0.0,0.0
2005-08-06,0.0,0.0
2005-08-07,0.0,0.0
2005-08-08,0.0,0.0
2005-08-09,0.0,0.0
2005-08-10,0.0,0.0
2005-08-11,0.0,0.0
2005-08-12,0.0,0.0
2005-08-13,0.109,2.92
2005-08-14,0.0,0.0
2005-08-15,0.054,3.42
2005-08-16,0.006,3.17
2005-08-17,0.0,0.0
2005-08-18,0.0,0.0
2005-08-19,0.0,0.0
2005-08-20,0.0,0.0
2005-08-21,0.0,0.0
2005-08-22,0.377,7.11
2005-08-23,0.771,8.63
2005-08-24,0.0,0.0
2005-08-25,0.0,0.0
2005-08-26,0.025,12.0
2005-08-27,0.0,0.0
2005-08-28,0.0,0.0
2005-08-29,0.677,10.76
2005-08-30,0.204,3.74
2005-08-31,0.032,3.18
2005-09-01,0.0,0.0
2005-09-02,0.0,0.0
2005-09-03,0.203,8.9
2005-09-04,0.0,0.0
2005-09-05,0.0,0.0
2005-09-06,0.0,0.0
2005-09-07,0.0,0.0
2005-09-08,0.0,0.0
2005-09-09,0.0,0.0
2005-09-10,0.0,0.0
2005-09-11,0.0,0.0
2005-09-12,0.0,0.0
2005-09-13,0.0,0.0
2005-09-14,0.0,0.0
2005-09-15,0.0,0.0
2005-09-16,0.0,0.0
2005-09-17,0.0,0.0
2005-09-18,0.0,0.0
2005-09-19,0.0,0.0
2005-09-20,0.0,0.0
2005-09-21,0.0,0.0
2005-09-22,0.39,3.88
2005-09-23,1.475,14.01
2005-09-24,0.179,3.52
2005-09-25,0.113,8.8
2005-09-26,0.429,7.79
2005-09-27,5.185,20.97
2005-09-28,0.382,7.96
2005-09-29,0.04,2.14
2005-09-30,0.035,2.14
2005-10-01,0.017,4.79
2005-10-02,0.0,0.0
2005-10-03,0.0,0.0
2005-10-04,0.0,0.0
2005-10-05,0.0,0.0
2005-10-06,0.0,0.0
2005-10-07,1.694,26.1
2005-10-08,0.0,0.0
2005-10-09,0.051,2.82
2005-10-10,0.791,8.9
2005-10-11,0.895,6.0
2005-10-12,0.036,4.29
2005-10-13,0.121,4.88
2005-10-14,0.104,7.29
2005-10-15,0.006,2.35
2005-10-16,0.011,5.47
2005-10-17,0.067,6.83
2005-10-18,0.0,0.0
2005-10-19,0.031,3.04
2005-10-20,0.0,0.0
2005-10-21,0.0,0.0
2005-10-22,0.482,9.31
2005-10-23,2.294,16.65
2005-10-24,0.036,2.94
2005-10-25,0.152,8.01
2005-10-26,0.004,2.06
2005-10-27,0.0,0.0
2005-10-28,0.015,3.78
2005-10-29,0.0,0.0
2005-10-30,0.0,0.0
2005-10-31,0.181,6.83
2005-11-01,0.0,0.0
2005-11-02,0.0,0.0
2005-11-03,0.0,0.0
2005-11-04,0.0,0.0
2005-11-05,0.0,0.0
2005-11-06,0.0,0.0
2005-11-07,0.0,0.0
2005-11-08,0.0,0.0
2005-11-09,0.413,5.49
2005-11-10,0.903,6.58
2005-11-11,0.0,0.0
2005-11-12,0.136,6.51
2005-11-13,0.612,9.39
2005-11-14,0.167,5.74
2005-11-15,0.007,3.28
2005-11-16,0.152,5.56
2005-11-17,0.238,5.28
2005-11-18,0.582,9.14
2005-11-19,0.0,0.0
2005-11-20,0.06,5.44
2005-11-21,1.806,14.46
2005-11-22,1.238,13.14
2005-11-23,0.0,0.0
2005-11-24,0.017,3.18
2005-11-25,0.606,13.61
2005-11-26,0.008,2.1
2005-11-27,0.0,0.0
2005-11-28,0.0,0.0
2005-11-29,0.0,0.0
2005-11-30,0.0,0.0
2005-12-01,0.0,0.0
2005-12-02,0.418,12.55
2005-12-03,0.833,10.14
2005-12-04,4.671,39.96
2005-12-05,5.223,34.39
2005-12-06,0.209,15.0
2005-12-07,0.087,15.31
2005-12-08,0.0,0.0
2005-12-09,0.0,0.0
2005-12-10,0.0,0.0
2005-12-11,0.558,10.96
2005-12-12,0.144,15.93
2005-12-13,0.354,16.83
2005-12-14,0.061,17.99
2005-12-15,0.0,0.0
2005-12-16,0.0,0.0
2005-12-17,0.143,8.94
2005-12-18,0.151,9.6
2005-12-19,0.014,6.66
2005-12-20,0.012,5.95
2005-12-21,0.0,0.0
2005-12-22,0.0,0.0
2005-12-23,0.0,0.0
2005-12-24,0.012,5.82
2005-12-25,0.44,6.06
2005-12-26,3.107,37.33
2005-12-27,17.893,70.48
2005-12-28,0.0,0.0
2005-12-29,0.121,11.57
2005-12-30,0.006,2.89
2005-12-31,0.0,0.0
2006-01-01,0.336,11.14
2006-01-02,0.254,7.69
2006-01-03,2.413,25.25
2006-01-04,0.015,7.38
2006-01-05,6.667,17.21
2006-01-06,0.415,14.7
2006-01-07,0.0,0.0
2006-01-08,1.185,19.18
2006-01-09,4.202,178.64
2006-01-10,6.56,169.68
2006-01-11,2.125,47.1
2006-01-12,0.54,14.19
2006-01-13,0.006,2.8
2006-01-14,1.548,114.66
2006-01-15,8.388,65.91
2006-01-16,5.502,115.06
2006-01-17,2.501,39.31
2006-01-18,0.913,13.58
2006-01-19,8.08,27.3
2006-01-20,2.142,103.55
2006-01-21,0.172,7.1
2006-01-22,0.005,2.42
2006-01-23,1.7,9.6
2006-01-24,5.843,16.13
2006-01-25,2.621,11.7
2006-01-26,4.589,13.04
2006-01-27,2.869,18.09
2006-01-28,13.734,211.14
2006-01-29,29.807,185.42
2006-01-30,24.103,254.18
2006-01-31,4.207,18.71
2006-02-01,0.0,0.0
2006-02-02,4.74,77.99
2006-02-03,0.294,29.08
2006-02-04,2.116,85.18
2006-02-05,0.0,0.0
2006-02-06,27.703,104.99
2006-02-07,14.271,71.71
2006-02-08,23.857,71.05
2006-02-09,7.505,48.28
2006-02-10,6.196,58.18
2006-02-11,0.945,78.96
2006-02-12,23.552,288.75
2006-02-13,22.543,340.25
2006-02-14,75.397,382.58
2006-02-15,24.187,200.73
2006-02-16,0.0,0.0
2006-02-17,1.237,53.47
2006-02-18,123.454,404.35
2006-02-19,20.361,285.95
2006-02-20,32.114,357.17
2006-02-21,41.779,433.73
2006-02-22,4.516,111.69
2006-02-23,57.936,377.39
2006-02-24,0.032,15.89
2006-02-25,1.752,140.73
2006-02-26,0.0,0.0
2006-02-27,14.178,168.79
2006-02-28,14.558,169.01
2006-03-01,13.728,36.6
2006-03-02,1.132,13.3
2006-03-03,1.97,55.92
2006-03-04,4.744,27.39
2006-03-05,7.247,39.3
2006-03-06,2.379,34.21
2006-03-07,4.943,68.41
2006-03-08,0.0,0.0
2006-03-09,11.719,45.0
2006-03-10,11.718,36.81
2006-03-11,3.837,23.23
2006-03-12,14.793,43.31
2006-03-13,12.249,50.92
2006-03-14,3.757,26.69
2006-03-15,8.327,32.67
2006-03-16,8.405,50.28
2006-03-17,12.852,91.34
2006-03-18,0.136,18.37
2006-03-19,0.0,0.0
2006-03-20,0.256,26.16
2006-03-21,0.0,0.0
2006-03-22,0.695,27.31
2006-03-23,10.365,42.41
2006-03-24,2.047,27.31
2006-03-25,28.618,66.48
2006-03-26,0.297,31.66
2006-03-27,3.25,27.99
2006-03-28,0.614,23.93
2006-03-29,0.0,0.0
2006-03-30,0.205,14.31
2006-03-31,5.246,34.76
2006-04-01,12.155,46.77
2006-04-02,0.751,30.21
2006-04-03,1.896,46.99
2006-04-04,2.925,59.22
2006-04-05,0.536,29.93
2006-04-06,0.701,12.84
2006-04-07,2.569,58.49
2006-04-08,0.017,4.23
2006-04-09,1.723,42.06
2006-04-10,5.936,63.34
2006-04-11,6.803,49.88
2006-04-12,0.363,10.74
2006-04-13,0.117,15.91
2006-04-14,0.0,0.0
2006-04-15,2.023,47.17
2006-04-16,0.0,0.0
2006-04-17,4.298,40.78
2006-04-18,1.867,17.71
2006-04-19,0.571,9.24
2006-04-20,0.0,0.0
2006-04-21,0.0,0.0
2006-04-22,0.0,0.0
2006-04-23,0.0,0.0
2006-04-24,0.0,0.0
2006-04-25,0.0,0.0
2006-04-26,0.049,8.86
2006-04-27,0.825,8.82
2006-04-28,0.158,7.75
2006-04-29,0.214,5.59
2006-04-30,0.074,10.25
2006-05-01,1.92,15.68
2006-05-02,2.799,10.43
2006-05-03,0.0,0.0
2006-05-04,0.386,10.78
2006-05-05,0.293,7.38
2006-05-06,9.066,48.26
2006-05-07,0.123,4.84
2006-05-08,1.718,29.95
2006-05-09,0.0,0.0
2006-05-10,0.462,7.7
2006-05-11,0.0,0.0
2006-05-12,0.0,0.0
2006-05-13,0.467,10.13
2006-05-14,0.019,4.97
2006-05-15,0.0,0.0
2006-05-16,0.0,0.0
2006-05-17,0.0,0.0
2006-05-18,0.0,0.0
2006-05-19,0.012,6.04
2006-05-20,0.072,18.81
2006-05-21,0.0,0.0
2006-05-22,0.0,0.0
2006-05-23,0.0,0.0
2006-05-24,0.073,6.59
2006-05-25,0.771,9.6
2006-05-26,0.0,0.0
2006-05-27,0.0,0.0
2006-05-28,0.0,0.0
2006-05-29,0.118,6.24
2006-05-30,0.0,0.0
2006-05-31,0.167,5.2
2006-06-01,0.474,9.47
2006-06-02,0.0,0.0
2006-06-03,0.251,4.45
2006-06-04,0.0,0.0
2006-06-05,0.074,6.13
2006-06-06,7.393,45.61
2006-06-07,0.005,2.54
2006-06-08,4.885,22.8
2006-06-09,1.833,13.06
2006-06-10,0.091,10.43
2006-06-11,0.014,3.74
2006-06-12,0.023,7.12
2006-06-13,0.0,0.0
2006-06-14,0.0,0.0
2006-06-15,0.0,0.0
2006-06-16,0.15,4.55
2006-06-17,0.0,0.0
2006-06-18,0.0,0.0
2006-06-19,0.015,7.29
2006-06-20,0.0,0.0
2006-06-21,0.0,0.0
2006-06-22,0.0,0.0
2006-06-23,0.0,0.0
2006-06-24,0.0,0.0
2006-06-25,0.0,0.0
2006-06-26,0.0,0.0
2006-06-27,0.0,0.0
2006-06-28,0.0,0.0
2006-06-29,0.0,0.0
2006-06-30,0.0,0.0
2006-07-01,0.0,0.0
2006-07-02,0.0,0.0
2006-07-03,0.0,0.0
2006-07-04,0.0,0.0
2006-07-05,0.0,0.0
2006-07-06,0.0,0.0
2006-07-07,0.0,0.0
2006-07-08,0.0,0.0
2006-07-09,0.012,1.6
2006-07-10,0.0,0.0
2006-07-11,0.0,0.0
2006-07-12,0.0,0.0
2006-07-13,0.0,0.0
2006-07-14,0.0,0.0
2006-07-15,0.0,0.0
2006-07-16,0.0,0.0
2006-07-17,0.0,0.0
2006-07-18,0.0,0.0
2006-07-19,0.0,0.0
2006-07-20,0.0,0.0
2006-07-21,0.0,0.0
2006-07-22,0.0,0.0
2006-07-23,0.0,0.0
2006-07-24,0.033,1.71
2006-07-25,0.0,0.0
2006-07-26,0.0,0.0
2006-07-27,0.06,2.99
2006-07-28,1.354,12.92
2006-07-29,0.919,10.93
2006-07-30,0.42,6.56
2006-07-31,0.0,0.0
2006-08-01,0.011,2.84
2006-08-02,0.015,2.7
2006-08-03,1.327,25.63
2006-08-04,0.067,4.83
2006-08-05,0.213,10.23
2006-08-06,0.0,0.0
2006-08-07,0.0,0.0
2006-08-08,0.0,0.0
2006-08-09,0.0,0.0
2006-08-10,0.0,0.0
2006-08-11,0.0,0.0
2006-08-12,0.015,3.9
2006-08-13,0.0,0.0
2006-08-14,0.0,0.0
2006-08-15,0.0,0.0
2006-08-16,0.0,0.0
2006-08-17,0.0,0.0
2006-08-18,0.0,0.0
2006-08-19,0.016,1.48
2006-08-20,0.16,5.85
2006-08-21,0.0,0.0
2006-08-22,0.0,0.0
2006-08-23,0.0,0.0
2006-08-24,0.0,0.0
2006-08-25,0.091,5.44
2006-08-26,1.079,13.46
2006-08-27,1.333,19.26
2006-08-28,1.171,18.08
2006-08-29,0.0,0.0
2006-08-30,0.0,0.0
2006-08-31,0.0,0.0
2006-09-01,0.0,0.0
2006-09-02,0.0,0.0
2006-09-03,0.558,4.89
2006-09-04,0.685,3.79
2006-09-05,0.04,1.75
2006-09-06,0.0,0.0
2006-09-07,0.0,0.0
2006-09-08,0.0,0.0
2006-09-09,0.0,0.0
2006-09-10,0.0,0.0
2006-09-11,0.0,0.0
2006-09-12,0.201,4.41
2006-09-13,1.615,12.82
2006-09-14,0.0,0.0
2006-09-15,0.0,0.0
2006-09-16,0.0,0.0
2006-09-17,0.0,0.0
2006-09-18,0.0,0.0
2006-09-19,0.254,5.06
2006-09-20,0.0,0.0
2006-09-21,0.291,6.85
2006-09-22,0.007,3.42
2006-09-23,0.0,0.0
2006-09-24,0.0,0.0
2006-09-25,0.0,0.0
2006-09-26,0.0,0.0
2006-09-27,0.025,3.39
2006-09-28,0.0,0.0
2006-09-29,0.0,0.0
2006-09-30,0.0,0.0
2006-10-01,0.0,0.0
2006-10-02,0.0,0.0
2006-10-03,0.0,0.0
2006-10-04,0.0,0.0
2006-10-05,0.0,0.0
2006-10-06,0.0,0.0
2006-10-07,0.0,0.0
2006-10-08,0.0,0.0
2006-10-09,0.014,2.7
2006-10-10,0.337,4.16
2006-10-11,0.0,0.0
2006-10-12,0.433,5.3
2006-10-13,0.098,3.07
2006-10-14,0.0,0.0
2006-10-15,0.012,2.46
2006-10-16,0.013,1.71
2006-10-17,1.127,9.82
2006-10-18,0.151,6.9
2006-10-19,0.029,1.83
2006-10-20,0.0,0.0
2006-10-21,0.0,0.0
2006-10-22,0.0,0.0
2006-10-23,0.032,2.14
2006-10-24,0.0,0.0
2006-10-25,0.0,0.0
2006-10-26,0.091,3.79
2006-10-27,0.181,3.73
2006-10-28,0.0,0.0
2006-10-29,0.04,2.03
2006-10-30,1.268,8.94
2006-10-31,4.273,19.1
2006-11-01,0.002,1.12
2006-11-02,0.507,8.05
2006-11-03,0.0,0.0
2006-11-04,0.0,0.0
2006-11-05,0.058,6.05
2006-11-06,0.109,6.91
2006-11-07,0.0,0.0
2006-11-08,0.688,11.43
2006-11-09,0.554,7.03
2006-11-10,0.005,2.49
2006-11-11,1.792,35.56
2006-11-12,1.155,15.62
2006-11-13,0.078,7.65
2006-11-14,0.007,2.01
2006-11-15,0.019,5.47
2006-11-16,0.062,6.96
2006-11-17,0.0,0.0
2006-11-18,0.44,9.2
2006-11-19,0.0,0.0
2006-11-20,0.044,3.91
2006-11-21,0.0,0.0
2006-11-22,0.923,10.42
2006-11-23,0.0,0.0
2006-11-24,0.0,0.0
2006-11-25,0.008,3.85
2006-11-26,1.678,7.84
2006-11-27,0.706,7.52
2006-11-28,0.008,2.34
2006-11-29,0.023,4.32
2006-11-30,0.051,4.7
2006-12-01,0.0,0.0
2006-12-02,0.0,0.0
2006-12-03,0.0,0.0
2006-12-04,0.232,8.4
2006-12-05,0.187,8.85
2006-12-06,0.259,19.53
2006-12-07,0.472,15.17
2006-12-08,0.708,16.01
2006-12-09,0.0,0.0
2006-12-10,3.032,35.17
2006-12-11,0.089,11.57
2006-12-12,0.169,10.48
2006-12-13,0.0,0.0
2006-12-14,0.392,11.87
2006-12-15,0.0,0.0
2006-12-16,0.0,0.0
2006-12-17,0.0,0.0
2006-12-18,0.192,12.1
2006-12-19,0.464,21.3
2006-12-20,0.269,74.09
2006-12-21,2.3,45.38
2006-12-22,2.26,39.39
2006-12-23,0.307,10.24
2006-12-24,3.479,48.68
2006-12-25,0.008,4.12
2006-12-26,0.965,13.06
2006-12-27,0.336,10.51
2006-12-28,0.131,3.06
2006-12-29,1.105,7.76
2006-12-30,3.228,17.89
2006-12-31,0.129,7.47
2007-01-01,3.269,19.32
2007-01-02,0.0,0.0
2007-01-03,0.198,12.46
2007-01-04,0.0,0.0
2007-01-05,6.334,80.82
2007-01-06,6.592,25.71
2007-01-07,8.572,27.0
2007-01-08,2.24,15.68
2007-01-09,2.802,15.25
2007-01-10,6.68,22.0
2007-01-11,6.439,24.99
2007-01-12,0.356,7.09
2007-01-13,1.903,15.0
2007-01-14,2.599,19.11
2007-01-15,0.28,8.03
2007-01-16,0.0,0.0
2007-01-17,0.115,9.27
2007-01-18,49.915,286.34
2007-01-19,0.033,8.01
2007-01-20,23.167,272.1
2007-01-21,0.627,12.46
2007-01-22,6.84,19.76
2007-01-23,2.669,17.96
2007-01-24,3.172,20.4
2007-01-25,8.923,26.8
2007-01-26,13.352,281.45
2007-01-27,29.952,334.07
2007-01-28,10.048,264.13
2007-01-29,1.92,27.32
2007-01-30,0.0,0.0
2007-01-31,0.434,7.99
2007-02-01,0.0,0.0
2007-02-02,0.0,0.0
2007-02-03,0.934,26.12
2007-02-04,0.0,0.0
2007-02-05,0.0,0.0
2007-02-06,0.096,11.0
2007-02-07,0.0,0.0
2007-02-08,0.0,0.0
2007-02-09,0.0,0.0
2007-02-10,0.0,0.0
2007-02-11,0.04,5.35
2007-02-12,12.379,40.94
2007-02-13,1.882,61.69
2007-02-14,1.499,83.15
2007-02-15,1.378,43.15
2007-02-16,3.258,50.27
2007-02-17,26.299,65.4
2007-02-18,1.451,25.56
2007-02-19,3.51,23.42
2007-02-20,32.945,97.0
2007-02-21,0.0,0.0
2007-02-22,0.0,0.0
2007-02-23,0.071,7.95
2007-02-24,0.0,0.0
2007-02-25,0.0,0.0
2007-02-26,0.0,0.0
2007-02-27,0.0,0.0
2007-02-28,0.0,0.0
2007-03-01,0.0,0.0
2007-03-02,0.0,0.0
2007-03-03,0.0,0.0
2007-03-04,2.085,39.28
2007-03-05,8.142,72.42
2007-03-06,46.16,105.93
2007-03-07,16.874,57.43
2007-03-08,8.882,83.72
2007-03-09,11.346,130.43
2007-03-10,13.538,56.31
2007-03-11,2.645,109.91
2007-03-12,26.709,129.65
2007-03-13,42.127,105.52
2007-03-14,29.739,105.33
2007-03-15,28.339,138.81
2007-03-16,1.498,28.48
2007-03-17,13.874,36.15
2007-03-18,12.839,75.13
2007-03-19,12.628,46.15
2007-03-20,1.634,60.8
2007-03-21,1.192,30.11
2007-03-22,0.378,14.38
2007-03-23,0.0,0.0
2007-03-24,17.033,69.67
2007-03-25,0.0,0.0
2007-03-26,11.955,96.97
2007-03-27,0.038,18.36
2007-03-28,3.233,85.03
2007-03-29,0.0,0.0
2007-03-30,0.256,59.39
2007-03-31,4.268,123.79
2007-04-01,0.187,9.24
2007-04-02,0.0,0.0
2007-04-03,0.268,23.37
2007-04-04,1.201,17.67
2007-04-05,8.434,42.7
2007-04-06,1.811,22.2
2007-04-07,0.377,12.5
2007-04-08,0.526,10.64
2007-04-09,18.552,58.64
2007-04-10,3.587,27.45
2007-04-11,0.0,0.0
2007-04-12,0.045,10.98
2007-04-13,0.039,7.58
2007-04-14,0.767,27.97
2007-04-15,0.126,8.57
2007-04-16,0.0,0.0
2007-04-17,1.862,46.64
2007-04-18,0.0,0.0
2007-04-19,0.931,36.08
2007-04-20,5.538,26.57
2007-04-21,10.4,41.15
2007-04-22,1.094,22.82
2007-04-23,16.469,56.4
2007-04-24,0.576,16.64
2007-04-25,0.0,0.0
2007-04-26,1.316,35.19
2007-04-27,1.147,19.82
2007-04-28,0.07,7.46
2007-04-29,0.0,0.0
2007-04-30,0.899,19.83
2007-05-01,0.0,0.0
2007-05-02,0.0,0.0
2007-05-03,0.0,0.0
2007-05-04,2.146,12.79
2007-05-05,0.29,6.3
2007-05-06,0.0,0.0
2007-05-07,0.0,0.0
2007-05-08,0.0,0.0
2007-05-09,0.0,0.0
2007-05-10,1.168,12.72
2007-05-11,0.0,0.0
2007-05-12,0.751,31.7
2007-05-13,0.0,0.0
2007-05-14,0.008,3.91
2007-05-15,0.0,0.0
2007-05-16,0.0,0.0
2007-05-17,0.0,0.0
2007-05-18,0.061,6.22
2007-05-19,0.0,0.0
2007-05-20,4.695,41.76
2007-05-21,0.543,29.42
2007-05-22,0.821,24.57
2007-05-23,0.725,14.37
2007-05-24,0.0,0.0
2007-05-25,10.028,53.82
2007-05-26,3.018,24.83
2007-05-27,1.717,43.33
2007-05-28,0.286,18.63
2007-05-29,1.004,43.33
2007-05-30,5.479,57.93
2007-05-31,0.524,26.34
2007-06-01,0.657,30.79
2007-06-02,0.214,49.08
2007-06-03,0.281,18.43
2007-06-04,2.515,10.21
2007-06-05,2.144,8.11
2007-06-06,0.0,0.0
2007-06-07,0.028,5.45
2007-06-08,0.0,0.0
2007-06-09,0.0,0.0
2007-06-10,0.007,3.64
2007-06-11,1.337,19.31
2007-06-12,0.0,0.0
2007-06-13,0.156,7.65
2007-06-14,2.078,14.63
2007-06-15,0.096,7.49
2007-06-16,0.073,4.99
2007-06-17,0.0,0.0
2007-06-18,0.0,0.0
2007-06-19,0.0,0.0
2007-06-20,0.471,6.88
2007-06-21,1.59,8.97
2007-06-22,0.509,5.94
2007-06-23,0.0,0.0
2007-06-24,0.0,0.0
2007-06-25,0.0,0.0
2007-06-26,0.0,0.0
2007-06-27,0.0,0.0
2007-06-28,0.0,0.0
2007-06-29,0.0,0.0
2007-06-30,0.0,0.0
2007-07-01,0.066,5.18
2007-07-02,0.0,0.0
2007-07-03,0.0,0.0
2007-07-04,0.0,0.0
2007-07-05,0.0,0.0
2007-07-06,0.0,0.0
2007-07-07,0.0,0.0
2007-07-08,0.0,0.0
2007-07-09,0.261,4.8
2007-07-10,0.0,0.0
2007-07-11,0.0,0.0
2007-07-12,0.0,0.0
2007-07-13,0.0,0.0
2007-07-14,0.0,0.0
2007-07-15,0.0,0.0
2007-07-16,0.0,0.0
2007-07-17,0.359,7.34
2007-07-18,0.063,2.65
2007-07-19,0.0,0.0
2007-07-20,0.925,15.12
2007-07-21,0.003,1.29
2007-07-22,0.186,5.85
2007-07-23,0.239,8.86
2007-07-24,0.018,3.43
2007-07-25,0.054,7.97
2007-07-26,0.009,4.42
2007-07-27,0.0,0.0
2007-07-28,0.0,0.0
2007-07-29,0.0,0.0
2007-07-30,0.0,0.0
2007-07-31,0.0,0.0
2007-08-01,0.0,0.0
2007-08-02,0.0,0.0
2007-08-03,0.063,3.43
2007-08-04,0.181,4.55
2007-08-05,0.362,10.44
2007-08-06,0.0,0.0
2007-08-07,0.0,0.0
2007-08-08,0.089,6.44
2007-08-09,0.0,0.0
2007-08-10,0.005,1.38
2007-08-11,0.0,0.0
2007-08-12,0.0,0.0
2007-08-13,0.0,0.0
2007-08-14,0.0,0.0
2007-08-15,0.0,0.0
2007-08-16,0.014,3.65
2007-08-17,0.325,5.79
2007-08-18,0.656,6.34
2007-08-19,0.0,0.0
2007-08-20,0.006,0.82
2007-08-21,0.0,0.0
2007-08-22,0.0,0.0
2007-08-23,0.0,0.0
2007-08-24,0.025,1.74
2007-08-25,0.0,0.0
2007-08-26,0.0,0.0
2007-08-27,0.274,6.8
2007-08-28,1.919,28.59
2007-08-29,0.0,0.0
2007-08-30,0.0,0.0
2007-08-31,0.471,6.07
2007-09-01,0.042,5.18
2007-09-02,0.005,2.47
2007-09-03,0.0,0.0
2007-09-04,0.0,0.0
2007-09-05,0.017,3.67
2007-09-06,0.068,5.69
2007-09-07,0.0,0.0
2007-09-08,0.0,0.0
2007-09-09,0.0,0.0
2007-09-10,0.0,0.0
2007-09-11,0.421,5.78
2007-09-12,0.486,5.36
2007-09-13,0.0,0.0
2007-09-14,0.0,0.0
2007-09-15,0.122,9.69
2007-09-16,0.0,0.0
2007-09-17,0.0,0.0
2007-09-18,0.0,0.0
2007-09-19,0.0,0.0
2007-09-20,0.0,0.0
2007-09-21,0.205,5.6
2007-09-22,0.818,5.2
2007-09-23,0.0,0.0
2007-09-24,0.0,0.0
2007-09-25,0.959,11.54
2007-09-26,0.203,5.99
2007-09-27,0.055,3.29
2007-09-28,0.712,9.19
2007-09-29,0.111,3.5
2007-09-30,0.029,3.21
2007-10-01,0.077,4.7
2007-10-02,0.134,3.66
2007-10-03,0.023,2.0
2007-10-04,0.0,0.0
2007-10-05,0.0,0.0
2007-10-06,0.0,0.0
2007-10-07,0.0,0.0
2007-10-08,0.014,2.34
2007-10-09,3.379,16.48
2007-10-10,0.053,4.51
2007-10-11,0.283,9.17
2007-10-12,0.051,4.19
2007-10-13,0.0,0.0
2007-10-14,0.026,2.85
2007-10-15,0.0,0.0
2007-10-16,0.0,0.0
2007-10-17,0.211,7.62
2007-10-18,0.0,0.0
2007-10-19,1.946,13.16
2007-10-20,0.01,2.54
2007-10-21,0.0,0.0
2007-10-22,0.068,3.15
2007-10-23,0.687,9.99
2007-10-24,0.0,0.0
2007-10-25,0.0,0.0
2007-10-26,0.0,0.0
2007-10-27,0.0,0.0
2007-10-28,0.0,0.0
2007-10-29,0.0,0.0
2007-10-30,0.0,0.0
2007-10-31,0.0,0.0
2007-11-01,0.0,0.0
2007-11-02,0.052,6.08
2007-11-03,1.045,12.76
2007-11-04,0.05,6.51
2007-11-05,0.518,6.64
2007-11-06,0.0,0.0
2007-11-07,0.0,0.0
2007-11-08,0.928,8.0
2007-11-09,0.0,0.0
2007-11-10,0.0,0.0
2007-11-11,0.283,4.48
2007-11-12,0.0,0.0
2007-11-13,0.0,0.0
2007-11-14,0.169,5.91
2007-11-15,0.354,6.84
2007-11-16,0.0,0.0
2007-11-17,0.09,1.97
2007-11-18,0.0,0.0
2007-11-19,0.0,0.0
2007-11-20,0.054,2.71
2007-11-21,0.0,0.0
2007-11-22,0.014,3.54
2007-11-23,1.939,6.65
2007-11-24,0.013,3.38
2007-11-25,0.053,4.14
2007-11-26,0.0,0.0
2007-11-27,0.53,6.66
2007-11-28,0.21,5.48
2007-11-29,0.106,6.48
2007-11-30,0.0,0.0
2007-12-01,0.0,0.0
2007-12-02,0.015,7.31
2007-12-03,0.0,0.0
2007-12-04,0.0,0.0
2007-12-05,0.0,0.0
2007-12-06,0.02,5.5
2007-12-07,0.971,9.82
2007-12-08,1.841,25.5
2007-12-09,0.0,0.0
2007-12-10,0.0,0.0
2007-12-11,0.018,4.82
2007-12-12,1.163,22.93
2007-12-13,6.408,79.28
2007-12-14,1.331,22.28
2007-12-15,0.368,19.9
2007-12-16,0.0,0.0
2007-12-17,0.0,0.0
2007-12-18,0.0,0.0
2007-12-19,0.0,0.0
2007-12-20,0.176,12.96
2007-12-21,0.081,15.43
2007-12-22,1.568,10.56
2007-12-23,0.006,3.09
2007-12-24,1.463,17.05
2007-12-25,0.021,4.77
2007-12-26,0.0,0.0
2007-12-27,0.852,9.79
2007-12-28,1.378,10.39
2007-12-29,0.858,7.98
2007-12-30,0.0,0.0
2007-12-31,0.199,8.84
2008-01-01,0.955,25.83
2008-01-02,3.854,270.04
2008-01-03,1.149,38.11
2008-01-04,1.894,19.13
2008-01-05,1.815,21.42
2008-01-06,2.631,21.22
2008-01-07,4.625,40.44
2008-01-08,7.214,175.23
2008-01-09,5.96,92.01
2008-01-10,1.234,87.96
2008-01-11,1.499,15.3
2008-01-12,3.944,25.57
2008-01-13,4.697,85.91
2008-01-14,0.868,11.25
2008-01-15,1.361,25.3
2008-01-16,2.106,23.61
2008-01-17,114.432,344.91
2008-01-18,5.861,119.77
2008-01-19,4.011,22.19
2008-01-20,2.696,21.39
2008-01-21,2.348,96.51
2008-01-22,9.311,128.46
2008-01-23,5.705,197.54
2008-01-24,4.367,21.75
2008-01-25,1.927,14.11
2008-01-26,7.015,64.92
2008-01-27,4.977,47.57
2008-01-28,4.202,22.89
2008-01-29,4.559,22.21
2008-01-30,1.448,13.29
2008-01-31,0.675,12.49
2008-02-01,0.0,0.0
2008-02-02,0.0,0.0
2008-02-03,0.0,0.0
2008-02-04,0.0,0.0
2008-02-05,0.0,0.0
2008-02-06,0.0,0.0
2008-02-07,0.0,0.0
2008-02-08,0.0,0.0
2008-02-09,0.0,0.0
2008-02-10,2.556,69.02
2008-02-11,5.351,185.5
2008-02-12,35.704,180.81
2008-02-13,1.14,116.01
2008-02-14,0.953,57.14
2008-02-15,43.464,212.88
2008-02-16,105.102,279.34
2008-02-17,17.976,107.85
2008-02-18,66.938,228.23
2008-02-19,12.902,103.22
2008-02-20,28.152,173.24
2008-02-21,30.705,93.37
2008-02-22,5.133,85.9
2008-02-23,2.922,38.79
2008-02-24,44.666,141.53
2008-02-25,27.439,174.09
2008-02-26,0.906,41.41
2008-02-27,17.989,58.15
2008-02-28,0.539,36.09
2008-02-29,31.695,72.97
2008-03-01,2.02,18.16
2008-03-02,10.132,49.4
2008-03-03,17.452,71.14
2008-03-04,18.99,54.41
2008-03-05,34.012,82.97
2008-03-06,20.535,45.99
2008-03-07,7.451,35.07
2008-03-08,26.246,53.08
2008-03-09,13.373,51.06
2008-03-10,10.03,24.8
2008-03-11,6.823,32.82
2008-03-12,12.118,61.97
2008-03-13,1.572,13.88
2008-03-14,1.025,15.1
2008-03-15,2.343,29.84
2008-03-16,8.66,39.93
2008-03-17,11.088,60.4
2008-03-18,29.655,85.68
2008-03-19,16.478,48.79
2008-03-20,10.429,52.87
2008-03-21,13.689,59.73
2008-03-22,26.372,99.73
2008-03-23,14.456,76.5
2008-03-24,1.343,29.83
2008-03-25,6.731,36.67
2008-03-26,0.7,14.19
2008-03-27,0.297,7.86
2008-03-28,3.423,26.31
2008-03-29,8.785,49.28
2008-03-30,15.413,56.0
2008-03-31,13.533,39.0
2008-04-01,2.747,21.53
2008-04-02,12.781,51.56
2008-04-03,2.57,23.84
2008-04-04,0.311,15.85
2008-04-05,0.865,20.72
2008-04-06,8.418,84.53
2008-04-07,0.243,28.35
2008-04-08,2.256,48.53
2008-04-09,0.42,34.44
2008-04-10,2.932,31.92
2008-04-11,0.0,0.0
2008-04-12,0.183,18.94
2008-04-13,0.109,20.97
2008-04-14,4.516,32.73
2008-04-15,1.828,38.56
2008-04-16,0.0,0.0
2008-04-17,0.0,0.0
2008-04-18,0.0,0.0
2008-04-19,1.387,13.55
2008-04-20,0.105,26.99
2008-04-21,10.476,42.16
2008-04-22,13.698,45.6
2008-04-23,6.502,46.66
2008-04-24,5.327,38.88
2008-04-25,31.598,74.32
2008-04-26,0.092,15.38
2008-04-27,0.09,16.4
2008-04-28,0.0,0.0
2008-04-29,37.693,99.16
2008-04-30,6.355,45.91
2008-05-01,4.637,22.55
2008-05-02,0.678,8.11
2008-05-03,0.218,13.44
2008-05-04,3.501,90.75
2008-05-05,0.0,0.0
2008-05-06,0.0,0.0
2008-05-07,0.0,0.0
2008-05-08,0.118,7.17
2008-05-09,0.0,0.0
2008-05-10,0.0,0.0
2008-05-11,0.353,8.3
2008-05-12,0.188,8.77
2008-05-13,0.0,0.0
2008-05-14,0.121,8.54
2008-05-15,0.0,0.0
2008-05-16,0.724,9.47
2008-05-17,1.068,40.17
2008-05-18,0.474,36.03
2008-05-19,1.66,36.19
2008-05-20,0.257,10.94
2008-05-21,0.0,0.0
2008-05-22,1.151,36.06
2008-05-23,0.232,13.21
2008-05-24,0.0,0.0
2008-05-25,0.245,18.06
2008-05-26,0.554,32.62
2008-05-27,1.9,30.14
2008-05-28,8.264,44.24
2008-05-29,0.538,13.02
2008-05-30,0.257,19.5
2008-05-31,1.994,27.83
2008-06-01,1.509,19.6
2008-06-02,0.0,0.0
2008-06-03,0.0,0.0
2008-06-04,0.148,10.98
2008-06-05,0.052,4.82
2008-06-06,0.0,0.0
2008-06-07,0.0,0.0
2008-06-08,0.193,4.89
2008-06-09,0.0,0.0
2008-06-10,0.072,10.13
2008-06-11,0.401,10.64
2008-06-12,0.0,0.0
2008-06-13,0.48,7.9
2008-06-14,0.0,0.0
2008-06-15,0.0,0.0
2008-06-16,0.604,31.94
2008-06-17,10.139,55.09
2008-06-18,0.143,16.61
2008-06-19,0.106,14.68
2008-06-20,0.028,5.29
2008-06-21,1.096,10.52
2008-06-22,4.407,32.92
2008-06-23,0.0,0.0
2008-06-24,0.036,6.85
2008-06-25,2.124,30.47
2008-06-26,0.188,16.93
2008-06-27,0.0,0.0
2008-06-28,0.0,0.0
2008-06-29,0.0,0.0
2008-06-30,0.0,0.0
2008-07-01,0.0,0.0
2008-07-02,0.088,3.88
2008-07-03,0.016,2.87
2008-07-04,0.0,0.0
2008-07-05,0.041,3.18
2008-07-06,0.0,0.0
2008-07-07,0.0,0.0
2008-07-08,0.0,0.0
2008-07-09,0.0,0.0
2008-07-10,0.042,3.83
2008-07-11,0.0,0.0
2008-07-12,0.0,0.0
2008-07-13,0.0,0.0
2008-07-14,0.045,4.28
2008-07-15,0.297,5.98
2008-07-16,0.271,5.75
2008-07-17,0.0,0.0
2008-07-18,0.0,0.0
2008-07-19,0.0,0.2
2008-07-20,0.0,0.0
2008-07-21,0.0,0.0
2008-07-22,0.0,0.0
2008-07-23,0.111,3.56
2008-07-24,0.0,0.0
2008-07-25,0.0,0.0
2008-07-26,0.001,0.53
2008-07-27,0.0,0.0
2008-07-28,0.03,3.25
2008-07-29,0.26,6.0
2008-07-30,0.178,4.69
2008-07-31,0.0,0.0
2008-08-01,0.0,0.0
2008-08-02,0.0,0.0
2008-08-03,0.0,0.0
2008-08-04,0.0,0.0
2008-08-05,0.0,0.0
2008-08-06,0.004,1.94
2008-08-07,3.176,16.61
2008-08-08,0.0,0.0
2008-08-09,0.008,3.94
2008-08-10,0.024,3.72
2008-08-11,0.0,0.0
2008-08-12,0.0,0.0
2008-08-13,0.044,5.26
2008-08-14,0.346,3.63
2008-08-15,0.545,9.25
2008-08-16,0.0,0.0
2008-08-17,0.011,3.07
2008-08-18,0.995,14.62
2008-08-19,0.036,3.3
2008-08-20,0.0,0.0
2008-08-21,0.009,4.57
2008-08-22,0.016,4.62
2008-08-23,2.096,11.26
2008-08-24,0.0,0.0
2008-08-25,0.0,0.0
2008-08-26,0.056,2.9
2008-08-27,0.0,0.0
2008-08-28,0.0,0.0
2008-08-29,0.022,6.46
2008-08-30,0.0,0.0
2008-08-31,0.043,3.66
2008-09-01,0.0,0.0
2008-09-02,0.0,0.0
2008-09-03,0.0,0.0
2008-09-04,0.0,0.0
2008-09-05,1.011,8.49
2008-09-06,0.0,0.0
2008-09-07,0.0,0.0
2008-09-08,0.0,0.0
2008-09-09,0.0,0.0
2008-09-10,0.0,0.0
2008-09-11,0.0,0.0
2008-09-12,0.0,0.0
2008-09-13,0.0,0.0
2008-09-14,0.0,0.0
2008-09-15,0.0,0.0
2008-09-16,0.141,3.84
2008-09-17,0.0,0.0
2008-09-18,0.0,0.0
2008-09-19,0.103,1.93
2008-09-20,0.059,2.9
2008-09-21,0.032,3.1
2008-09-22,5.055,31.18
2008-09-23,0.01,2.47
2008-09-24,0.222,4.86
2008-09-25,0.0,0.0
2008-09-26,0.158,3.11
2008-09-27,0.0,0.0
2008-09-28,0.0,0.0
2008-09-29,0.0,0.0
2008-09-30,2.144,9.85
2008-10-01,3.286,16.96
2008-10-02,0.114,8.74
2008-10-03,0.02,4.02
2008-10-04,0.0,0.0
2008-10-05,0.32,6.1
2008-10-06,1.406,8.21
2008-10-07,1.471,8.63
2008-10-08,0.609,17.49
2008-10-09,0.065,6.3
2008-10-10,0.0,0.0
2008-10-11,0.0,0.0
2008-10-12,0.149,3.32
2008-10-13,0.305,14.56
2008-10-14,0.088,5.46
2008-10-15,0.136,6.11
2008-10-16,0.046,2.35
2008-10-17,0.0,0.0
2008-10-18,0.0,0.0
2008-10-19,0.033,5.74
2008-10-20,0.002,1.17
2008-10-21,0.0,0.0
2008-10-22,0.0,0.0
2008-10-23,0.0,0.0
2008-10-24,0.0,0.0
2008-10-25,0.0,0.0
2008-10-26,0.031,5.91
2008-10-27,0.0,0.0
2008-10-28,0.079,6.78
2008-10-29,0.002,1.14
2008-10-30,0.0,0.0
2008-10-31,0.0,0.0
2008-11-01,0.025,4.94
2008-11-02,0.042,4.62
2008-11-03,0.0,0.0
2008-11-04,0.069,6.17
2008-11-05,0.057,2.8
2008-11-06,0.629,6.11
2008-11-07,0.901,6.74
2008-11-08,0.0,0.0
2008-11-09,0.0,0.0
2008-11-10,0.0,0.0
2008-11-11,0.482,5.46
2008-11-12,0.0,0.0
2008-11-13,0.0,0.0
2008-11-14,0.0,0.0
2008-11-15,0.004,2.12
2008-11-16,0.096,9.89
2008-11-17,0.015,2.46
2008-11-18,2.961,17.07
2008-11-19,0.0,0.0
2008-11-20,0.0,0.0
2008-11-21,0.0,0.0
2008-11-22,0.0,0.0
2008-11-23,0.0,0.0
2008-11-24,0.035,4.05
2008-11-25,0.509,8.35
2008-11-26,0.578,8.81
2008-11-27,0.164,12.31
2008-11-28,0.0,0.0
2008-11-29,0.009,2.55
2008-11-30,0.0,0.0
2008-12-01,0.0,0.0
2008-12-02,2.538,56.07
2008-12-03,0.147,7.67
2008-12-04,0.124,9.47
2008-12-05,0.0,0.0
2008-12-06,1.37,8.53
2008-12-07,0.0,0.0
2008-12-08,0.167,9.54
2008-12-09,0.0,0.0
2008-12-10,0.0,0.0
2008-12-11,0.187,7.78
2008-12-12,2.564,11.11
2008-12-13,1.684,7.11
2008-12-14,0.0,0.0
2008-12-15,0.0,0.0
2008-12-16,0.0,0.0
2008-12-17,0.0,0.0
2008-12-18,0.0,0.0
2008-12-19,0.0,0.0
2008-12-20,0.694,10.76
2008-12-21,0.089,5.87
2008-12-22,0.217,5.27
2008-12-23,0.058,3.72
2008-12-24,0.0,0.0
2008-12-25,0.024,6.35
2008-12-26,0.125,6.26
2008-12-27,0.226,6.53
2008-12-28,0.188,5.12
2008-12-29,0.0,0.0
2008-12-30,1.554,12.58
2008-12-31,2.913,19.65
2009-01-01,0.0,0.0
2009-01-02,0.0,0.0
2009-01-03,0.0,0.0
2009-01-04,0.079,38.39
2009-01-05,0.052,25.47
2009-01-06,34.874,154.06
2009-01-07,0.717,98.62
2009-01-08,0.923,59.91
2009-01-09,0.313,51.17
2009-01-10,0.0,0.0
2009-01-11,0.0,0.0
2009-01-12,0.0,0.0
2009-01-13,0.231,44.41
2009-01-14,0.833,107.79
2009-01-15,43.25,182.5
2009-01-16,116.397,399.44
2009-01-17,96.935,368.18
2009-01-18,1.391,65.62
2009-01-19,31.741,274.17
2009-01-20,16.952,150.81
2009-01-21,4.883,126.08
2009-01-22,32.484,203.54
2009-01-23,9.049,122.52
2009-01-24,54.234,200.26
2009-01-25,9.901,128.92
2009-01-26,7.094,211.43
2009-01-27,0.0,0.0
2009-01-28,0.0,0.0
2009-01-29,1.418,86.02
2009-01-30,0.386,46.28
2009-01-31,77.266,192.94
2009-02-01,18.06,68.42
2009-02-02,0.0,0.0
2009-02-03,0.0,0.0
2009-02-04,0.0,0.0
2009-02-05,0.0,0.0
2009-02-06,0.175,85.71
2009-02-07,13.738,106.05
2009-02-08,10.721,134.75
2009-02-09,2.273,108.21
2009-02-10,18.162,133.12
2009-02-11,4.518,48.38
2009-02-12,5.33,49.15
2009-02-13,12.047,74.52
2009-02-14,6.98,55.31
2009-02-15,35.598,98.47
2009-02-16,7.182,60.15
2009-02-17,11.495,99.94
2009-02-18,12.186,120.77
2009-02-19,0.076,37.06
2009-02-20,0.0,0.0
2009-02-21,32.454,192.84
2009-02-22,12.016,104.72
2009-02-23,11.688,142.18
2009-02-24,13.758,162.11
2009-02-25,12.312,92.54
2009-02-26,59.804,140.16
2009-02-27,0.0,0.0
2009-02-28,0.195,20.98
2009-03-01,0.71,67.72
2009-03-02,18.306,161.12
2009-03-03,0.271,11.95
2009-03-04,0.0,0.0
2009-03-05,10.259,75.13
2009-03-06,0.566,21.55
2009-03-07,0.0,0.0
2009-03-08,0.0,0.0
2009-03-09,0.621,30.03
2009-03-10,1.06,43.85
2009-03-11,0.119,9.51
2009-03-12,0.011,5.36
2009-03-13,0.0,0.0
2009-03-14,0.0,0.0
2009-03-15,0.181,55.49
2009-03-16,11.197,96.42
2009-03-17,9.76,119.47
2009-03-18,3.012,67.21
2009-03-19,23.495,154.58
2009-03-20,1.82,86.05
2009-03-21,11.99,103.78
2009-03-22,0.229,40.2
2009-03-23,41.048,124.72
2009-03-24,9.289,99.57
2009-03-25,16.719,136.63
2009-03-26,4.859,60.35
2009-03-27,1.903,48.37
2009-03-28,7.951,78.94
2009-03-29,11.025,89.23
2009-03-30,3.943,104.08
2009-03-31,4.45,47.02
2009-04-01,0.422,33.01
2009-04-02,1.394,30.63
2009-04-03,0.377,15.38
2009-04-04,0.32,9.78
2009-04-05,0.029,1.92
2009-04-06,0.0,0.0
2009-04-07,1.812,17.67
2009-04-08,10.075,60.86
2009-04-09,0.0,0.0
2009-04-10,0.063,14.07
2009-04-11,6.228,80.5
2009-04-12,0.704,27.25
2009-04-13,0.005,2.37
2009-04-14,0.008,3.84
2009-04-15,0.65,17.67
2009-04-16,0.542,12.9
2009-04-17,0.996,10.28
2009-04-18,0.0,0.0
2009-04-19,0.0,0.0
2009-04-20,0.019,4.89
2009-04-21,0.0,0.0
2009-04-22,2.309,57.92
2009-04-23,4.425,63.58
2009-04-24,5.189,65.86
2009-04-25,7.443,91.07
2009-04-26,2.275,55.75
2009-04-27,0.592,52.61
2009-04-28,0.0,0.0
2009-04-29,2.067,28.24
2009-04-30,16.186,93.43
2009-05-01,10.757,37.05
2009-05-02,20.661,81.56
2009-05-03,5.025,28.71
2009-05-04,0.0,0.0
2009-05-05,0.159,13.66
2009-05-06,0.0,0.0
2009-05-07,0.0,0.0
2009-05-08,0.0,0.0
2009-05-09,0.0,0.0
2009-05-10,0.078,7.08
2009-05-11,0.008,4.11
2009-05-12,0.0,0.0
2009-05-13,5.51,31.73
2009-05-14,0.0,0.0
2009-05-15,0.0,0.0
2009-05-16,0.0,0.0
2009-05-17,0.091,8.29
2009-05-18,0.0,0.0
2009-05-19,0.0,0.0
2009-05-20,0.0,0.0
2009-05-21,0.0,0.0
2009-05-22,0.0,0.0
2009-05-23,0.09,6.31
2009-05-24,0.042,5.34
2009-05-25,0.0,0.0
2009-05-26,0.0,0.0
2009-05-27,0.0,0.0
2009-05-28,0.15,10.25
2009-05-29,0.211,12.41
2009-05-30,0.0,0.0
2009-05-31,0.0,0.0
2009-06-01,0.0,0.0
2009-06-02,0.0,0.0
2009-06-03,0.222,6.01
2009-06-04,0.0,0.0
2009-06-05,0.0,0.0
2009-06-06,0.0,0.0
2009-06-07,0.0,0.0
2009-06-08,0.0,0.0
2009-06-09,0.0,0.0
2009-06-10,0.026,4.77
2009-06-11,0.859,12.6
2009-06-12,2.862,35.49
2009-06-13,0.0,0.0
2009-06-14,0.046,15.27
2009-06-15,2.189,27.66
2009-06-16,0.0,0.0
2009-06-17,0.0,0.0
2009-06-18,0.0,0.0
2009-06-19,1.533,8.6
2009-06-20,2.5,7.33
2009-06-21,0.0,0.0
2009-06-22,0.156,4.12
2009-06-23,0.0,0.0
2009-06-24,0.0,0.0
2009-06-25,1.013,5.83
2009-06-26,0.109,19.57
2009-06-27,0.0,0.0
2009-06-28,0.259,7.18
2009-06-29,0.241,18.64
2009-06-30,0.0,0.0
2009-07-01,0.0,0.0
2009-07-02,0.0,0.0
2009-07-03,0.0,0.0
2009-07-04,0.037,3.4
2009-07-05,0.35,5.25
2009-07-06,0.0,0.0
2009-07-07,0.006,2.84
2009-07-08,0.037,3.3
2009-07-09,0.0,0.0
2009-07-10,0.0,0.0
2009-07-11,0.0,0.0
2009-07-12,0.0,0.0
2009-07-13,0.0,0.0
2009-07-14,0.0,0.0
2009-07-15,0.0,0.0
2009-07-16,0.0,0.0
2009-07-17,0.077,2.33
2009-07-18,0.0,0.0
2009-07-19,0.0,0.0
2009-07-20,0.0,0.0
2009-07-21,0.0,0.0
2009-07-22,0.0,0.0
2009-07-23,0.0,0.0
2009-07-24,0.0,0.0
2009-07-25,0.0,0.0
2009-07-26,0.0,0.0
2009-07-27,0.0,0.0
2009-07-28,0.0,0.0
2009-07-29,0.0,0.0
2009-07-30,0.724,6.69
2009-07-31,0.163,4.63
2009-08-01,0.0,0.0
2009-08-02,0.0,0.0
2009-08-03,0.0,0.0
2009-08-04,0.0,0.0
2009-08-05,0.007,3.5
2009-08-06,0.273,6.27
2009-08-07,0.0,0.0
2009-08-08,0.035,2.75
2009-08-09,0.0,0.0
2009-08-10,0.0,0.0
2009-08-11,0.0,0.0
2009-08-12,0.0,0.0
2009-08-13,0.0,0.0
2009-08-14,0.256,7.56
2009-08-15,0.113,3.03
2009-08-16,0.0,0.0
2009-08-17,0.0,0.0
2009-08-18,0.0,0.0
2009-08-19,0.064,4.18
2009-08-20,0.138,6.61
2009-08-21,0.039,3.22
2009-08-22,1.385,15.48
2009-08-23,0.525,7.27
2009-08-24,0.058,4.57
2009-08-25,0.0,0.0
2009-08-26,0.0,0.0
2009-08-27,0.0,0.0
2009-08-28,0.005,2.42
2009-08-29,0.154,5.22
2009-08-30,0.0,0.0
2009-08-31,0.245,3.61
2009-09-01,0.0,0.0
2009-09-02,0.0,0.0
2009-09-03,0.0,0.0
2009-09-04,0.06,3.43
2009-09-05,0.265,5.28
2009-09-06,0.054,3.32
2009-09-07,0.0,0.0
2009-09-08,0.0,0.0
2009-09-09,0.1,3.37
2009-09-10,0.478,3.67
2009-09-11,0.0,0.0
2009-09-12,0.0,0.0
2009-09-13,0.0,0.0
2009-09-14,0.0,0.0
2009-09-15,0.0,0.0
2009-09-16,0.0,0.0
2009-09-17,0.754,9.68
2009-09-18,0.313,5.14
2009-09-19,0.0,0.0
2009-09-20,0.632,4.21
2009-09-21,0.0,0.0
2009-09-22,0.0,0.0
2009-09-23,0.263,6.91
2009-09-24,0.128,4.62
2009-09-25,0.0,0.0
2009-09-26,0.0,0.0
2009-09-27,0.0,0.0
2009-09-28,0.069,3.48
2009-09-29,0.0,0.0
2009-09-30,0.0,0.0
2009-10-01,0.0,0.0
2009-10-02,0.0,0.0
2009-10-03,0.0,0.0
2009-10-04,0.0,0.0
2009-10-05,0.0,0.0
2009-10-06,0.0,0.0
2009-10-07,0.0,0.0
2009-10-08,0.038,5.15
2009-10-09,0.0,0.0
2009-10-10,0.113,5.99
2009-10-11,0.184,6.29
2009-10-12,0.0,0.0
2009-10-13,0.0,0.0
2009-10-14,0.0,0.0
2009-10-15,0.048,4.33
2009-10-16,0.0,0.0
2009-10-17,0.0,0.0
2009-10-18,0.245,7.62
2009-10-19,0.186,4.31
2009-10-20,0.0,0.0
2009-10-21,0.285,8.87
2009-10-22,2.254,14.25
2009-10-23,0.008,4.11
2009-10-24,1.048,9.46
2009-10-25,0.474,10.24
2009-10-26,0.0,0.0
2009-10-27,0.0,0.0
2009-10-28,0.0,0.0
2009-10-29,0.0,0.0
2009-10-30,0.015,2.54
2009-10-31,0.602,9.05
2009-11-01,0.115,5.74
2009-11-02,0.039,4.76
2009-11-03,0.496,6.59
2009-11-04,0.061,10.6
2009-11-05,0.154,3.7
2009-11-06,0.0,0.0
2009-11-07,0.0,0.0
2009-11-08,0.175,8.08
2009-11-09,0.0,0.0
2009-11-10,0.236,5.87
2009-11-11,0.15,3.12
2009-11-12,1.345,7.15
2009-11-13,0.0,0.0
2009-11-14,0.0,0.0
2009-11-15,0.0,0.0
2009-11-16,0.229,6.67
2009-11-17,0.0,0.0
2009-11-18,0.01,2.61
2009-11-19,0.0,0.0
2009-11-20,0.0,0.0
2009-11-21,0.193,4.66
2009-11-22,0.166,3.35
2009-11-23,0.251,3.64
2009-11-24,0.0,0.0
2009-11-25,0.0,0.0
2009-11-26,0.0,0.0
2009-11-27,1.383,8.65
2009-11-28,0.05,5.06
2009-11-29,0.0,0.0
2009-11-30,0.0,0.0
2009-12-01,0.0,0.0
2009-12-02,0.0,0.0
2009-12-03,0.01,4.92
2009-12-04,0.0,0.0
2009-12-05,0.0,0.0
2009-12-06,0.0,0.0
2009-12-07,0.0,0.0
2009-12-08,0.126,7.96
2009-12-09,0.205,6.83
2009-12-10,0.0,0.0
2009-12-11,0.0,0.0
2009-12-12,0.0,0.0
2009-12-13,0.0,0.0
2009-12-14,0.0,0.0
2009-12-15,0.0,0.0
2009-12-16,0.415,6.58
2009-12-17,0.0,0.0
2009-12-18,0.105,6.54
2009-12-19,0.0,0.0
2009-12-20,0.101,7.13
2009-12-21,0.65,8.24
2009-12-22,0.124,5.96
2009-12-23,0.0,0.0
2009-12-24,0.0,0.0
2009-12-25,0.0,0.0
2009-12-26,1.503,13.9
2009-12-27,9.118,73.14
2009-12-28,2.73,21.88
2009-12-29,0.804,11.01
2009-12-30,0.096,5.91
2009-12-31,0.763,20.41
2010-01-01,0.0,0.0
2010-01-02,0.0,0.0
2010-01-03,0.0,0.0
2010-01-04,0.0,0.0
2010-01-05,0.0,0.0
2010-01-06,0.0,0.0
2010-01-07,0.0,0.0
2010-01-08,0.051,8.73
2010-01-09,0.0,0.0
2010-01-10,0.618,53.24
2010-01-11,117.161,223.67
2010-01-12,6.63,113.42
2010-01-13,0.089,14.99
2010-01-14,0.059,9.94
2010-01-15,1.34,57.72
2010-01-16,0.0,0.0
2010-01-17,0.0,0.0
2010-01-18,9.834,78.21
2010-01-19,0.052,9.22
2010-01-20,0.07,12.49
2010-01-21,0.131,22.29
2010-01-22,0.0,0.0
2010-01-23,4.411,54.1
2010-01-24,6.401,187.35
2010-01-25,0.264,32.81
2010-01-26,2.777,61.82
2010-01-27,7.052,84.08
2010-01-28,0.0,0.0
2010-01-29,0.0,0.0
2010-01-30,0.0,0.0
2010-01-31,0.059,10.46
2010-02-01,0.0,0.0
2010-02-02,0.0,0.0
2010-02-03,0.0,0.0
2010-02-04,0.0,0.0
2010-02-05,0.0,0.0
2010-02-06,42.945,156.6
2010-02-07,9.33,166.68
2010-02-08,0.103,50.35
2010-02-09,0.0,0.0
2010-02-10,0.0,0.0
2010-02-11,3.109,75.32
2010-02-12,0.0,0.0
2010-02-13,0.504,34.45
2010-02-14,0.203,21.67
2010-02-15,14.966,80.49
2010-02-16,0.976,78.51
2010-02-17,0.0,0.0
2010-02-18,0.0,0.0
2010-02-19,0.0,0.0
2010-02-20,0.0,0.0
2010-02-21,0.0,0.0
2010-02-22,20.949,78.81
2010-02-23,57.959,194.14
2010-02-24,25.074,87.92
2010-02-25,24.489,118.62
2010-02-26,21.274,56.66
2010-02-27,8.398,39.75
2010-02-28,21.877,84.77
2010-03-01,21.816,77.26
2010-03-02,3.564,45.4
2010-03-03,2.487,35.88
2010-03-04,8.899,52.22
2010-03-05,2.925,40.71
2010-03-06,9.734,92.58
2010-03-07,0.0,0.0
2010-03-08,0.046,22.65
2010-03-09,0.475,30.86
2010-03-10,0.11,18.88
2010-03-11,6.66,35.02
2010-03-12,6.395,52.53
2010-03-13,8.071,40.87
2010-03-14,12.573,45.66
2010-03-15,0.601,15.67
2010-03-16,4.36,30.35
2010-03-17,6.206,43.29
2010-03-18,6.289,55.25
2010-03-19,21.025,74.81
2010-03-20,17.682,70.18
2010-03-21,0.014,6.76
2010-03-22,4.834,33.08
2010-03-23,0.269,27.46
2010-03-24,5.407,37.88
2010-03-25,1.266,26.06
2010-03-26,0.675,46.46
2010-03-27,0.278,31.04
2010-03-28,5.783,71.5
2010-03-29,0.0,0.0
2010-03-30,6.788,77.77
2010-03-31,2.179,74.12
2010-04-01,1.161,33.04
2010-04-02,7.304,60.03
2010-04-03,11.096,72.57
2010-04-04,0.675,38.7
2010-04-05,32.923,99.81
2010-04-06,5.601,41.74
2010-04-07,4.794,45.6
2010-04-08,29.646,117.31
2010-04-09,3.44,48.97
2010-04-10,37.276,106.46
2010-04-11,5.106,47.9
2010-04-12,4.509,49.68
2010-04-13,0.0,0.0
2010-04-14,1.636,18.69
2010-04-15,0.83,22.58
2010-04-16,0.0,0.0
2010-04-17,20.669,61.85
2010-04-18,0.958,14.18
2010-04-19,1.202,17.36
2010-04-20,5.46,33.97
2010-04-21,1.151,31.72
2010-04-22,0.0,0.0
2010-04-23,2.14,31.23
2010-04-24,0.0,0.0
2010-04-25,1.99,27.25
2010-04-26,0.21,22.31
2010-04-27,10.225,49.02
2010-04-28,3.121,47.31
2010-04-29,0.252,28.25
2010-04-30,4.792,31.23
2010-05-01,3.936,71.3
2010-05-02,1.496,19.0
2010-05-03,10.361,48.45
2010-05-04,5.61,31.11
2010-05-05,7.31,48.43
2010-05-06,9.625,22.64
2010-05-07,0.0,0.0
2010-05-08,0.044,8.16
2010-05-09,0.0,0.0
2010-05-10,0.448,25.82
2010-05-11,0.0,0.0
2010-05-12,0.411,16.87
2010-05-13,0.0,0.0
2010-05-14,0.0,0.0
2010-05-15,0.0,0.0
2010-05-16,0.0,0.0
2010-05-17,0.0,0.0
2010-05-18,0.0,0.0
2010-05-19,0.0,0.0
2010-05-20,0.0,0.0
2010-05-21,2.667,25.7
2010-05-22,0.0,0.0
2010-05-23,0.0,0.0
2010-05-24,0.0,0.0
2010-05-25,0.0,0.0
2010-05-26,3.508,21.73
2010-05-27,0.411,13.3
2010-05-28,1.805,21.27
2010-05-29,2.193,29.56
2010-05-30,9.004,36.37
2010-05-31,0.352,27.78
2010-06-01,3.687,48.81
2010-06-02,0.702,25.66
2010-06-03,0.0,0.0
2010-06-04,0.68,10.4
2010-06-05,1.845,10.07
2010-06-06,0.105,4.87
2010-06-07,0.0,0.0
2010-06-08,0.325,5.95
2010-06-09,2.728,20.63
2010-06-10,0.499,7.16
2010-06-11,0.0,0.0
2010-06-12,0.0,0.0
2010-06-13,0.843,7.18
2010-06-14,1.058,7.97
2010-06-15,0.0,0.0
2010-06-16,0.0,0.0
2010-06-17,0.013,6.23
2010-06-18,0.717,6.54
2010-06-19,0.59,9.3
2010-06-20,1.69,22.75
2010-06-21,2.617,46.1
2010-06-22,0.024,6.51
2010-06-23,0.189,6.65
2010-06-24,0.276,10.86
2010-06-25,0.123,8.47
2010-06-26,0.0,0.0
2010-06-27,0.0,0.0
2010-06-28,0.154,4.99
2010-06-29,0.0,0.0
2010-06-30,0.0,0.0
2010-07-01,0.002,1.18
2010-07-02,0.0,0.0
2010-07-03,0.0,0.0
2010-07-04,0.0,0.0
2010-07-05,0.619,12.04
2010-07-06,0.048,8.36
2010-07-07,0.07,3.33
2010-07-08,0.0,0.0
2010-07-09,0.057,5.39
2010-07-10,0.258,10.56
2010-07-11,0.0,0.0
2010-07-12,0.013,3.44
2010-07-13,0.01,4.92
2010-07-14,0.0,0.0
2010-07-15,0.0,0.0
2010-07-16,4.431,19.7
2010-07-17,0.009,2.25
2010-07-18,0.0,0.0
2010-07-19,0.136,7.42
2010-07-20,0.0,0.0
2010-07-21,0.0,0.0
2010-07-22,0.0,0.0
2010-07-23,0.0,0.0
2010-07-24,0.0,0.0
2010-07-25,0.0,0.0
2010-07-26,0.0,0.0
2010-07-27,0.043,5.03
2010-07-28,0.0,0.0
2010-07-29,0.0,0.0
2010-07-30,0.0,0.0
2010-07-31,0.0,0.0
2010-08-01,0.0,0.0
2010-08-02,0.261,11.83
2010-08-03,0.02,4.87
2010-08-04,0.04,5.46
2010-08-05,0.0,0.0
2010-08-06,0.34,7.2
2010-08-07,0.099,4.42
2010-08-08,0.161,5.78
2010-08-09,0.0,0.0
2010-08-10,0.0,0.0
2010-08-11,0.009,4.43
2010-08-12,0.061,4.87
2010-08-13,0.326,7.07
2010-08-14,2.281,20.67
2010-08-15,0.244,6.94
2010-08-16,0.0,0.0
2010-08-17,0.0,0.0
2010-08-18,0.0,0.0
2010-08-19,0.34,9.12
2010-08-20,0.339,5.32
2010-08-21,0.0,0.0
2010-08-22,0.0,0.0
2010-08-23,0.0,0.0
2010-08-24,0.0,0.0
2010-08-25,0.0,0.0
2010-08-26,0.0,0.0
2010-08-27,0.0,0.0
2010-08-28,0.0,0.0
2010-08-29,0.059,6.68
2010-08-30,0.0,0.0
2010-08-31,0.0,0.0
2010-09-01,0.0,0.0
2010-09-02,2.13,10.94
2010-09-03,1.68,22.26
2010-09-04,0.64,8.79
2010-09-05,0.091,2.66
2010-09-06,1.13,6.86
2010-09-07,0.301,7.7
2010-09-08,0.026,3.7
2010-09-09,0.0,0.0
2010-09-10,0.0,0.0
2010-09-11,0.0,0.0
2010-09-12,0.0,0.0
2010-09-13,0.0,0.0
2010-09-14,0.0,0.0
2010-09-15,1.263,6.87
2010-09-16,0.239,5.16
2010-09-17,0.0,0.0
2010-09-18,0.006,1.34
2010-09-19,1.074,5.83
2010-09-20,0.0,0.0
2010-09-21,0.021,3.66
2010-09-22,0.0,0.0
2010-09-23,0.096,4.02
2010-09-24,1.127,11.03
2010-09-25,0.492,4.06
2010-09-26,0.0,0.0
2010-09-27,0.0,0.0
2010-09-28,0.007,1.08
2010-09-29,0.109,8.5
2010-09-30,0.137,1.77
2010-10-01,0.141,1.68
2010-10-02,0.0,0.0
2010-10-03,1.194,8.78
2010-10-04,1.441,6.68
2010-10-05,0.035,1.39
2010-10-06,0.003,1.39
2010-10-07,0.004,1.99
2010-10-08,0.0,0.0
2010-10-09,0.0,0.0
2010-10-10,0.0,0.0
2010-10-11,0.0,0.0
2010-10-12,0.0,0.0
2010-10-13,0.0,0.0
2010-10-14,0.0,0.0
2010-10-15,0.0,0.0
2010-10-16,0.004,1.28
2010-10-17,0.003,1.28
2010-10-18,0.0,0.0
2010-10-19,1.112,9.89
2010-10-20,0.009,1.11
2010-10-21,0.0,0.0
2010-10-22,0.0,0.0
2010-10-23,0.0,0.0
2010-10-24,0.0,0.0
2010-10-25,2.592,12.49
2010-10-26,0.016,2.36
2010-10-27,0.0,0.0
2010-10-28,0.0,0.0
2010-10-29,0.177,3.3
2010-10-30,1.338,5.54
2010-10-31,1.299,11.9
2010-11-01,4.469,16.54
2010-11-02,0.0,0.0
2010-11-03,0.098,2.66
2010-11-04,0.058,4.36
2010-11-05,0.0,0.0
2010-11-06,0.043,1.94
2010-11-07,0.0,0.0
2010-11-08,0.072,2.39
2010-11-09,0.0,0.0
2010-11-10,0.0,0.0
2010-11-11,0.041,5.27
2010-11-12,0.219,3.13
2010-11-13,0.746,6.83
2010-11-14,0.211,5.43
2010-11-15,2.08,14.93
2010-11-16,0.229,5.29
2010-11-17,0.982,6.68
2010-11-18,0.0,0.0
2010-11-19,0.0,0.0
2010-11-20,0.0,0.0
2010-11-21,0.012,1.97
2010-11-22,0.035,2.27
2010-11-23,0.0,0.0
2010-11-24,0.0,0.0
2010-11-25,0.0,0.0
2010-11-26,0.073,5.3
2010-11-27,0.0,0.0
2010-11-28,0.0,0.0
2010-11-29,0.0,0.0
2010-11-30,0.141,5.36
2010-12-01,0.123,5.72
2010-12-02,0.869,12.43
2010-12-03,1.235,12.86
2010-12-04,6.443,36.57
2010-12-05,0.0,0.0
2010-12-06,0.0,0.0
2010-12-07,0.0,0.0
2010-12-08,0.0,0.0
2010-12-09,0.0,0.0
2010-12-10,1.924,13.23
2010-12-11,3.632,20.16
2010-12-12,1.489,14.71
2010-12-13,2.183,17.19
2010-12-14,2.414,14.5
2010-12-15,8.75,36.35
2010-12-16,0.052,14.26
2010-12-17,14.737,67.6
2010-12-18,0.237,32.76
2010-12-19,0.24,6.82
2010-12-20,0.019,4.99
2010-12-21,0.0,0.0
2010-12-22,0.0,0.0
2010-12-23,0.003,1.65
2010-12-24,0.0,0.0
2010-12-25,0.055,7.32
2010-12-26,0.0,0.0
2010-12-27,0.0,0.0
2010-12-28,0.0,0.0
2010-12-29,0.0,0.0
2010-12-30,0.23,14.34
2010-12-31,0.0,0.0
2011-01-01,0.03,14.7
2011-01-02,0.0,0.0
2011-01-03,0.0,0.0
2011-01-04,0.0,0.0
2011-01-05,0.012,5.66
2011-01-06,0.0,0.0
2011-01-07,0.0,0.0
2011-01-08,6.31,62.76
2011-01-09,0.211,53.75
2011-01-10,0.026,12.67
2011-01-11,0.011,5.59
2011-01-12,0.0,0.0
2011-01-13,0.0,0.0
2011-01-14,0.011,5.2
2011-01-15,0.0,0.0
2011-01-16,0.042,15.73
2011-01-17,0.255,34.5
2011-01-18,0.047,11.45
2011-01-19,3.3,71.33
2011-01-20,31.126,86.85
2011-01-21,14.163,125.24
2011-01-22,46.089,196.17
2011-01-23,2.891,56.54
2011-01-24,1.25,109.48
2011-01-25,4.205,65.91
2011-01-26,1.132,57.33
2011-01-27,13.978,149.84
2011-01-28,0.339,42.39
2011-01-29,20.146,177.03
2011-01-30,2.147,112.45
2011-01-31,4.619,90.77
2011-02-01,0.309,41.83
2011-02-02,0.0,0.0
2011-02-03,0.0,0.0
2011-02-04,0.104,20.9
2011-02-05,18.496,108.26
2011-02-06,3.557,75.69
2011-02-07,10.986,70.73
2011-02-08,3.515,94.94
2011-02-09,2.924,65.48
2011-02-10,28.041,120.05
2011-02-11,17.449,49.95
2011-02-12,23.655,64.37
2011-02-13,2.707,28.75
2011-02-14,31.922,79.33
2011-02-15,72.375,145.79
2011-02-16,4.84,40.11
2011-02-17,64.105,177.58
2011-02-18,8.104,66.59
2011-02-19,14.41,77.46
2011-02-20,12.987,92.19
2011-02-21,20.059,71.41
2011-02-22,0.0,0.0
2011-02-23,0.0,0.0
2011-02-24,9.217,58.02
2011-02-25,27.462,77.97
2011-02-26,0.145,17.45
2011-02-27,4.057,17.79
2011-02-28,21.583,63.33
2011-03-01,2.931,49.48
2011-03-02,0.099,7.19
2011-03-03,0.093,6.81
2011-03-04,0.0,0.0
2011-03-05,0.032,7.88
2011-03-06,0.093,19.21
2011-03-07,22.148,91.94
2011-03-08,2.086,56.9
2011-03-09,12.407,50.19
2011-03-10,0.622,23.03
2011-03-11,0.41,24.8
2011-03-12,10.117,62.53
2011-03-13,1.187,60.2
2011-03-14,0.0,0.0
2011-03-15,0.342,19.44
2011-03-16,0.161,9.52
2011-03-17,0.0,0.0
2011-03-18,0.237,14.47
2011-03-19,9.071,77.58
2011-03-20,1.526,35.15
2011-03-21,3.543,30.4
2011-03-22,0.0,0.0
2011-03-23,0.0,0.0
2011-03-24,0.0,0.0
2011-03-25,0.192,11.34
2011-03-26,0.427,18.36
2011-03-27,0.025,6.24
2011-03-28,2.869,52.06
2011-03-29,17.733,65.82
2011-03-30,1.591,54.85
2011-03-31,10.803,70.93
2011-04-01,3.147,46.5
2011-04-02,2.141,32.24
2011-04-03,0.266,28.93
2011-04-04,44.147,185.34
2011-04-05,2.627,67.25
2011-04-06,10.41,93.05
2011-04-07,8.956,94.27
2011-04-08,2.891,82.67
2011-04-09,5.448,66.78
2011-04-10,1.928,54.21
2011-04-11,41.403,173.18
2011-04-12,0.925,55.32
2011-04-13,5.367,62.91
2011-04-14,21.032,198.79
2011-04-15,3.332,94.51
2011-04-16,19.981,98.0
2011-04-17,6.53,63.4
2011-04-18,10.95,97.14
2011-04-19,23.948,115.9
2011-04-20,6.244,82.38
2011-04-21,3.566,48.15
2011-04-22,2.679,39.1
2011-04-23,9.366,96.02
2011-04-24,0.453,24.37
2011-04-25,29.99,119.26
2011-04-26,11.183,37.31
2011-04-27,14.934,63.87
2011-04-28,0.0,0.0
2011-04-29,0.431,34.46
2011-04-30,0.0,0.0
2011-05-01,3.598,14.2
2011-05-02,0.0,0.0
2011-05-03,0.0,0.0
2011-05-04,0.084,5.01
2011-05-05,0.009,4.64
2011-05-06,0.0,0.0
2011-05-07,0.0,0.0
2011-05-08,0.0,0.0
2011-05-09,0.0,0.0
2011-05-10,0.0,0.0
2011-05-11,0.0,0.0
2011-05-12,0.0,0.0
2011-05-13,1.213,15.0
2011-05-14,5.495,22.22
2011-05-15,0.899,8.39
2011-05-16,1.777,7.98
2011-05-17,0.0,0.0
2011-05-18,0.0,0.0
2011-05-19,0.415,31.32
2011-05-20,0.156,21.78
2011-05-21,0.294,39.15
2011-05-22,0.106,7.67
2011-05-23,0.035,6.89
2011-05-24,1.03,7.16
2011-05-25,0.0,0.0
2011-05-26,0.0,0.0
2011-05-27,0.0,0.0
2011-05-28,0.0,0.0
2011-05-29,0.0,0.0
2011-05-30,4.042,9.76
2011-05-31,0.0,0.0
2011-06-01,0.0,0.0
2011-06-02,0.0,0.0
2011-06-03,1.703,8.37
2011-06-04,2.044,31.09
2011-06-05,0.981,38.53
2011-06-06,0.0,0.0
2011-06-07,0.0,0.0
2011-06-08,0.0,0.0
2011-06-09,0.117,17.89
2011-06-10,0.0,0.0
2011-06-11,0.0,0.0
2011-06-12,0.23,5.53
2011-06-13,0.0,0.0
2011-06-14,0.047,11.82
2011-06-15,0.0,0.0
2011-06-16,3.967,9.27
2011-06-17,2.423,7.31
2011-06-18,0.0,0.0
2011-06-19,0.01,4.73
2011-06-20,0.0,0.0
2011-06-21,0.0,0.0
2011-06-22,0.053,5.39
2011-06-23,0.338,20.11
2011-06-24,1.389,7.7
2011-06-25,0.0,0.0
2011-06-26,0.0,0.0
2011-06-27,0.0,0.0
2011-06-28,0.0,0.0
2011-06-29,0.0,0.0
2011-06-30,1.432,11.24
2011-07-01,0.851,7.78
2011-07-02,0.221,6.46
2011-07-03,0.0,0.0
2011-07-04,0.04,3.14
2011-07-05,0.0,0.0
2011-07-06,0.0,0.0
2011-07-07,0.0,0.0
2011-07-08,0.0,0.0
2011-07-09,0.0,0.0
2011-07-10,0.0,0.0
2011-07-11,0.0,0.0
2011-07-12,0.0,0.0
2011-07-13,0.0,0.0
2011-07-14,0.499,7.3
2011-07-15,0.0,0.0
2011-07-16,0.014,6.78
2011-07-17,0.24,5.57
2011-07-18,0.0,0.0
2011-07-19,0.0,0.0
2011-07-20,0.0,0.0
2011-07-21,0.0,0.0
2011-07-22,0.0,0.0
2011-07-23,0.0,0.0
2011-07-24,0.0,0.0
2011-07-25,0.0,0.0
2011-07-26,0.0,0.0
2011-07-27,0.0,0.0
2011-07-28,0.0,0.0
2011-07-29,0.0,0.0
2011-07-30,0.466,12.61
2011-07-31,0.011,5.32
2011-08-01,0.242,7.4
2011-08-02,0.0,0.0
2011-08-03,0.0,0.0
2011-08-04,0.0,0.0
2011-08-05,0.0,0.0
2011-08-06,0.0,0.0
2011-08-07,0.0,0.0
2011-08-08,0.0,0.0
2011-08-09,0.0,0.0
2011-08-10,0.0,0.0
2011-08-11,0.0,0.0
2011-08-12,0.0,0.0
2011-08-13,0.0,0.0
2011-08-14,0.0,0.0
2011-08-15,0.0,0.0
2011-08-16,0.0,0.0
2011-08-17,0.0,0.0
2011-08-18,0.831,6.8
2011-08-19,0.0,0.0
2011-08-20,0.0,0.0
2011-08-21,0.0,0.0
2011-08-22,1.169,14.79
2011-08-23,0.191,5.35
2011-08-24,0.005,2.32
2011-08-25,0.0,0.0
2011-08-26,0.0,0.0
2011-08-27,0.285,14.34
2011-08-28,0.0,0.0
2011-08-29,0.0,0.0
2011-08-30,0.0,0.0
2011-08-31,0.0,0.0
2011-09-01,0.069,5.51
2011-09-02,0.0,0.0
2011-09-03,0.0,0.0
2011-09-04,0.0,0.0
2011-09-05,0.0,0.0
2011-09-06,0.177,7.39
2011-09-07,0.0,0.0
2011-09-08,0.045,4.08
2011-09-09,0.083,4.14
2011-09-10,1.643,18.34
2011-09-11,0.124,3.25
2011-09-12,0.325,10.16
2011-09-13,0.081,5.65
2011-09-14,0.0,0.0
2011-09-15,0.0,0.0
2011-09-16,0.0,0.0
2011-09-17,0.913,3.9
2011-09-18,0.0,0.0
2011-09-19,0.493,3.59
2011-09-20,0.0,0.0
2011-09-21,0.0,0.0
2011-09-22,0.0,0.0
2011-09-23,0.232,3.86
2011-09-24,0.0,0.0
2011-09-25,0.182,7.14
2011-09-26,0.0,0.0
2011-09-27,0.0,0.0
2011-09-28,0.283,8.89
2011-09-29,0.0,0.0
2011-09-30,0.0,0.0
2011-10-01,0.0,0.0
2011-10-02,0.299,10.23
2011-10-03,0.0,0.0
2011-10-04,0.0,0.0
2011-10-05,0.009,4.45
2011-10-06,0.0,0.0
2011-10-07,0.0,0.0
2011-10-08,0.0,0.0
2011-10-09,0.0,0.0
2011-10-10,0.04,2.56
2011-10-11,0.341,4.77
2011-10-12,1.889,8.31
2011-10-13,0.0,0.0
2011-10-14,0.359,2.55
2011-10-15,0.805,11.62
2011-10-16,2.271,11.01
2011-10-17,0.097,1.48
2011-10-18,0.373,5.75
2011-10-19,0.426,3.72
2011-10-20,0.819,3.25
2011-10-21,0.0,0.0
2011-10-22,0.061,2.58
2011-10-23,0.548,7.39
2011-10-24,0.0,0.0
2011-10-25,0.0,0.0
2011-10-26,0.0,0.0
2011-10-27,0.0,0.0
2011-10-28,0.0,0.0
2011-10-29,0.036,1.78
2011-10-30,0.079,2.2
2011-10-31,0.067,2.98
2011-11-01,0.0,0.0
2011-11-02,0.0,0.0
2011-11-03,0.0,0.0
2011-11-04,0.0,0.0
2011-11-05,0.019,2.34
2011-11-06,0.153,5.56
2011-11-07,2.025,11.21
2011-11-08,0.524,6.27
2011-11-09,0.183,7.19
2011-11-10,0.608,5.48
2011-11-11,0.044,3.55
2011-11-12,0.615,11.91
2011-11-13,0.0,0.0
2011-11-14,0.16,4.03
2011-11-15,0.0,0.0
2011-11-16,0.129,5.97
2011-11-17,0.298,8.17
2011-11-18,0.0,0.0
2011-11-19,0.0,0.0
2011-11-20,0.0,0.0
2011-11-21,0.0,0.0
2011-11-22,0.037,3.49
2011-11-23,0.0,0.0
2011-11-24,1.334,12.5
2011-11-25,0.0,0.0
2011-11-26,0.0,0.0
2011-11-27,0.065,4.82
2011-11-28,0.97,11.17
2011-11-29,0.196,11.42
2011-11-30,0.094,4.08
2011-12-01,0.0,0.0
2011-12-02,0.803,10.69
2011-12-03,0.0,0.0
2011-12-04,0.124,6.95
2011-12-05,0.0,0.0
2011-12-06,0.092,6.08
2011-12-07,0.011,5.2
2011-12-08,0.0,0.0
2011-12-09,0.342,9.6
2011-12-10,0.189,7.27
2011-12-11,0.0,0.0
2011-12-12,0.0,0.0
2011-12-13,0.088,5.06
2011-12-14,0.053,7.4
2011-12-15,0.0,0.0
2011-12-16,0.0,0.0
2011-12-17,0.0,0.0
2011-12-18,0.0,0.0
2011-12-19,0.216,7.98
2011-12-20,0.0,0.0
2011-12-21,0.0,0.0
2011-12-22,0.0,0.0
2011-12-23,0.166,6.34
2011-12-24,0.0,0.0
2011-12-25,0.0,0.0
2011-12-26,0.0,0.0
2011-12-27,0.006,2.8
2011-12-28,1.291,7.12
2011-12-29,2.291,7.74
2011-12-30,6.61,49.81
2011-12-31,7.001,22.79
2012-01-01,0.0,0.0
2012-01-02,0.0,0.0
2012-01-03,0.0,0.0
2012-01-04,4.47,70.98
2012-01-05,0.306,33.77
2012-01-06,0.0,0.0
2012-01-07,0.0,0.0
2012-01-08,16.768,257.1
2012-01-09,16.165,128.46
2012-01-10,0.0,0.0
2012-01-11,3.499,135.94
2012-01-12,0.0,0.0
2012-01-13,60.128,195.48
2012-01-14,2.817,69.01
2012-01-15,48.702,232.57
2012-01-16,11.6,312.07
2012-01-17,63.528,483.29
2012-01-18,40.601,264.87
2012-01-19,81.874,281.55
2012-01-20,4.667,102.62
2012-01-21,0.0,0.0
2012-01-22,0.0,0.0
2012-01-23,0.0,0.0
2012-01-24,0.0,0.0
2012-01-25,3.623,83.5
2012-01-26,0.0,0.0
2012-01-27,0.187,9.0
2012-01-28,0.237,9.13
2012-01-29,0.0,0.0
2012-01-30,0.253,9.5
2012-01-31,0.558,16.25
2012-02-01,0.0,0.0
2012-02-02,0.0,0.0
2012-02-03,0.0,0.0
2012-02-04,0.0,0.0
2012-02-05,0.0,0.0
2012-02-06,0.0,0.0
2012-02-07,1.812,66.45
2012-02-08,25.982,94.86
2012-02-09,36.771,106.04
2012-02-10,13.252,63.95
2012-02-11,11.249,36.06
2012-02-12,15.453,49.78
2012-02-13,7.875,39.17
2012-02-14,11.799,63.89
2012-02-15,15.034,91.83
2012-02-16,14.95,61.94
2012-02-17,16.266,62.86
2012-02-18,22.42,79.26
2012-02-19,13.513,72.73
2012-02-20,27.077,106.49
2012-02-21,48.663,117.4
2012-02-22,12.507,38.87
2012-02-23,0.82,40.34
2012-02-24,5.788,39.2
2012-02-25,15.005,80.66
2012-02-26,7.965,57.64
2012-02-27,17.543,59.47
2012-02-28,48.698,85.6
2012-02-29,4.085,60.5
2012-03-01,19.302,68.95
2012-03-02,34.868,104.07
2012-03-03,4.804,38.87
2012-03-04,1.826,23.48
2012-03-05,15.975,103.38
2012-03-06,13.715,35.4
2012-03-07,2.449,28.43
2012-03-08,14.409,28.36
2012-03-09,1.521,42.1
2012-03-10,16.928,68.19
2012-03-11,19.949,66.71
2012-03-12,28.453,98.75
2012-03-13,6.73,50.07
2012-03-14,0.189,30.84
2012-03-15,3.151,35.27
2012-03-16,9.548,62.51
2012-03-17,47.663,137.53
2012-03-18,40.714,117.14
2012-03-19,7.932,61.82
2012-03-20,47.333,144.99
2012-03-21,0.0,0.0
2012-03-22,18.561,85.98
2012-03-23,15.066,61.61
2012-03-24,14.692,100.2
2012-03-25,16.893,71.12
2012-03-26,8.489,42.24
2012-03-27,5.365,27.81
2012-03-28,9.714,62.29
2012-03-29,0.719,14.84
2012-03-30,0.0,0.0
2012-03-31,0.0,0.0
2012-04-01,1.838,52.27
2012-04-02,0.0,0.0
2012-04-03,0.0,0.0
2012-04-04,0.108,16.93
2012-04-05,12.972,46.64
2012-04-06,6.209,40.73
2012-04-07,18.961,65.1
2012-04-08,6.505,36.19
2012-04-09,1.218,18.79
2012-04-10,15.192,88.57
2012-04-11,4.681,32.93
2012-04-12,5.054,44.24
2012-04-13,3.175,25.26
2012-04-14,0.958,18.21
2012-04-15,7.567,28.13
2012-04-16,7.666,36.47
2012-04-17,6.095,26.07
2012-04-18,6.9,34.38
2012-04-19,15.923,70.11
2012-04-20,20.246,46.4
2012-04-21,10.822,91.82
2012-04-22,8.592,42.65
2012-04-23,1.941,43.11
2012-04-24,11.981,67.57
2012-04-25,0.504,23.14
2012-04-26,1.509,40.87
2012-04-27,5.36,30.44
2012-04-28,3.329,31.46
2012-04-29,1.778,34.06
2012-04-30,2.527,35.7
2012-05-01,16.4,57.5
2012-05-02,13.747,57.45
2012-05-03,1.192,41.07
2012-05-04,3.307,66.93
2012-05-05,1.71,32.36
2012-05-06,0.497,22.1
2012-05-07,0.362,14.59
2012-05-08,0.553,16.93
2012-05-09,0.021,10.21
2012-05-10,0.0,0.0
2012-05-11,3.024,31.42
2012-05-12,1.992,29.87
2012-05-13,11.021,58.21
2012-05-14,0.014,7.08
2012-05-15,0.0,0.0
2012-05-16,0.58,23.54
2012-05-17,1.726,33.3
2012-05-18,1.388,42.98
2012-05-19,8.994,53.93
2012-05-20,3.352,30.88
2012-05-21,0.075,7.76
2012-05-22,2.711,19.27
2012-05-23,13.344,32.11
2012-05-24,0.12,25.4
2012-05-25,0.0,0.0
2012-05-26,0.0,0.0
2012-05-27,1.205,42.96
2012-05-28,0.0,0.0
2012-05-29,0.219,15.81
2012-05-30,0.0,0.0
2012-05-31,0.0,0.0
2012-06-01,0.0,0.0
2012-06-02,0.0,0.0
2012-06-03,0.0,0.0
2012-06-04,0.019,9.52
2012-06-05,0.0,0.0
2012-06-06,0.0,0.0
2012-06-07,0.0,0.0
2012-06-08,0.0,0.0
2012-06-09,0.0,0.0
2012-06-10,0.0,0.0
2012-06-11,0.0,0.0
2012-06-12,0.0,0.0
2012-06-13,0.0,0.0
2012-06-14,0.0,0.0
2012-06-15,0.0,0.0
2012-06-16,0.028,7.57
2012-06-17,1.254,17.04
2012-06-18,0.788,17.04
2012-06-19,0.0,0.0
2012-06-20,0.0,0.0
2012-06-21,0.098,8.43
2012-06-22,0.541,12.29
2012-06-23,0.146,9.08
2012-06-24,19.056,46.65
2012-06-25,0.085,5.05
2012-06-26,0.005,2.47
2012-06-27,0.0,0.0
2012-06-28,0.0,0.0
2012-06-29,0.0,0.0
2012-06-30,0.0,0.0
2012-07-01,0.919,6.73
2012-07-02,0.292,6.38
2012-07-03,0.1,5.05
2012-07-04,0.0,0.0
2012-07-05,0.241,5.37
2012-07-06,0.064,6.34
2012-07-07,0.0,0.0
2012-07-08,0.0,0.0
2012-07-09,0.0,0.0
2012-07-10,0.106,5.02
2012-07-11,0.0,0.0
2012-07-12,0.0,0.0
2012-07-13,0.0,0.0
2012-07-14,0.0,0.0
2012-07-15,0.0,0.0
2012-07-16,0.0,0.0
2012-07-17,0.0,0.0
2012-07-18,0.189,4.79
2012-07-19,0.0,0.0
2012-07-20,0.0,0.0
2012-07-21,0.025,12.13
2012-07-22,0.049,5.3
2012-07-23,0.053,4.19
2012-07-24,0.0,0.0
2012-07-25,0.0,0.0
2012-07-26,0.0,0.0
2012-07-27,0.0,0.0
2012-07-28,0.058,5.3
2012-07-29,0.0,0.0
2012-07-30,0.0,0.0
2012-07-31,0.0,0.0
2012-08-01,0.437,12.15
2012-08-02,0.0,0.0
2012-08-03,0.511,7.52
2012-08-04,0.0,0.0
2012-08-05,0.0,0.0
2012-08-06,0.0,0.0
2012-08-07,0.057,4.81
2012-08-08,0.0,0.0
2012-08-09,0.0,0.0
2012-08-10,0.0,0.0
2012-08-11,0.0,0.0
2012-08-12,0.0,0.0
2012-08-13,0.0,0.0
2012-08-14,0.069,6.58
2012-08-15,0.0,0.0
2012-08-16,0.0,0.0
2012-08-17,0.135,4.74
2012-08-18,0.957,8.51
2012-08-19,0.257,4.84
2012-08-20,0.0,0.0
2012-08-21,0.0,0.0
2012-08-22,0.0,0.0
2012-08-23,0.0,0.0
2012-08-24,0.023,2.29
2012-08-25,0.018,6.25
2012-08-26,0.0,0.0
2012-08-27,0.302,8.44
2012-08-28,0.037,4.12
2012-08-29,0.097,5.42
2012-08-30,0.0,0.0
2012-08-31,0.091,3.86
2012-09-01,0.056,2.95
2012-09-02,0.0,0.0
2012-09-03,0.0,0.0
2012-09-04,0.087,3.8
2012-09-05,0.252,3.48
2012-09-06,0.485,3.63
2012-09-07,0.014,4.21
2012-09-08,0.0,0.0
2012-09-09,0.0,0.0
2012-09-10,0.071,3.12
2012-09-11,0.039,2.88
2012-09-12,0.248,3.55
2012-09-13,0.0,0.0
2012-09-14,0.0,0.0
2012-09-15,0.0,0.0
2012-09-16,0.0,0.0
2012-09-17,0.0,0.0
2012-09-18,0.0,0.0
2012-09-19,0.0,0.0
2012-09-20,0.0,0.0
2012-09-21,0.0,0.0
2012-09-22,0.0,0.0
2012-09-23,0.037,2.96
2012-09-24,1.073,8.14
2012-09-25,0.353,6.26
2012-09-26,0.0,0.0
2012-09-27,0.788,8.01
2012-09-28,0.0,0.0
2012-09-29,0.0,0.0
2012-09-30,0.0,0.0
2012-10-01,0.0,0.0
2012-10-02,0.0,0.0
2012-10-03,0.0,0.0
2012-10-04,0.0,0.0
2012-10-05,0.016,2.16
2012-10-06,0.0,0.0
2012-10-07,0.009,2.35
2012-10-08,0.0,0.0
2012-10-09,0.0,0.0
2012-10-10,0.0,0.0
2012-10-11,0.0,0.0
2012-10-12,1.103,8.53
2012-10-13,0.205,9.98
2012-10-14,0.0,0.0
2012-10-15,0.111,4.65
2012-10-16,0.278,3.0
2012-10-17,4.723,25.58
2012-10-18,0.476,9.33
2012-10-19,1.824,25.58
2012-10-20,0.159,5.47
2012-10-21,0.0,0.0
2012-10-22,0.0,0.0
2012-10-23,0.0,0.0
2012-10-24,0.713,4.88
2012-10-25,0.002,0.74
2012-10-26,0.0,0.0
2012-10-27,0.0,0.0
2012-10-28,0.0,0.0
2012-10-29,0.0,0.0
2012-10-30,0.0,0.0
2012-10-31,0.0,0.0
2012-11-01,0.0,0.0
2012-11-02,0.0,0.0
2012-11-03,0.005,2.26
2012-11-04,0.921,7.13
2012-11-05,0.827,9.07
2012-11-06,1.46,9.32
2012-11-07,1.222,6.19
2012-11-08,0.0,0.0
2012-11-09,0.0,0.0
2012-11-10,0.0,0.0
2012-11-11,0.0,0.0
2012-11-12,0.027,6.36
2012-11-13,0.0,0.0
2012-11-14,0.0,0.0
2012-11-15,0.23,6.76
2012-11-16,0.0,0.0
2012-11-17,0.0,0.0
2012-11-18,0.0,0.0
2012-11-19,0.0,0.0
2012-11-20,0.0,0.0
2012-11-21,0.0,0.0
2012-11-22,0.0,0.0
2012-11-23,0.0,0.0
2012-11-24,0.0,0.0
2012-11-25,0.065,7.16
2012-11-26,0.013,6.28
2012-11-27,0.301,5.75
2012-11-28,0.858,6.58
2012-11-29,2.228,16.01
2012-11-30,0.0,0.0
2012-12-01,0.114,7.93
2012-12-02,0.135,7.89
2012-12-03,0.0,0.0
2012-12-04,0.013,6.3
2012-12-05,0.094,6.94
2012-12-06,0.0,0.0
2012-12-07,0.013,6.53
2012-12-08,0.105,7.02
2012-12-09,0.295,5.76
2012-12-10,0.0,0.0
2012-12-11,0.034,5.74
2012-12-12,1.803,47.91
2012-12-13,2.719,37.13
2012-12-14,0.0,0.0
2012-12-15,0.0,0.0
2012-12-16,0.0,0.0
2012-12-17,0.0,0.0
2012-12-18,0.0,0.0
2012-12-19,0.0,0.0
2012-12-20,0.067,5.94
2012-12-21,0.0,0.0
2012-12-22,0.048,11.91
2012-12-23,0.0,0.0
2012-12-24,0.359,8.3
2012-12-25,0.0,0.0
2012-12-26,2.498,9.54
2012-12-27,0.0,0.0
2012-12-28,0.106,4.15
2012-12-29,0.119,2.98
2012-12-30,3.207,9.43
2012-12-31,4.924,13.36
2013-01-01,8.299,17.33
2013-01-02,6.081,12.15
2013-01-03,2.496,12.23
2013-01-04,8.639,92.53
2013-01-05,8.273,18.24
2013-01-06,8.44,16.44
2013-01-07,6.755,13.74
2013-01-08,1.573,11.8
2013-01-09,8.748,19.87
2013-01-10,0.143,11.54
2013-01-11,0.0,0.0
2013-01-12,11.586,23.61
2013-01-13,3.608,19.26
2013-01-14,0.0,0.0
2013-01-15,4.293,20.65
2013-01-16,4.614,21.1
2013-01-17,8.393,22.4
2013-01-18,2.299,13.71
2013-01-19,1.133,10.95
2013-01-20,0.363,9.88
2013-01-21,0.0,0.0
2013-01-22,0.0,0.0
2013-01-23,3.155,18.56
2013-01-24,31.481,301.09
2013-01-25,18.276,259.09
2013-01-26,4.638,16.79
2013-01-27,12.269,25.92
2013-01-28,7.516,276.76
2013-01-29,1.869,17.34
2013-01-30,4.943,19.16
2013-01-31,1.395,18.92
2013-02-01,0.0,0.0
2013-02-02,0.0,0.0
2013-02-03,0.0,0.0
2013-02-04,28.558,86.12
2013-02-05,77.528,138.17
2013-02-06,0.096,15.07
2013-02-07,6.495,55.15
2013-02-08,6.344,35.31
2013-02-09,93.856,212.62
2013-02-10,0.64,23.6
2013-02-11,30.429,81.77
2013-02-12,18.594,65.31
2013-02-13,4.428,43.43
2013-02-14,12.166,68.86
2013-02-15,0.038,9.4
2013-02-16,1.256,54.4
2013-02-17,14.752,119.42
2013-02-18,0.0,0.0
2013-02-19,0.726,37.11
2013-02-20,0.0,0.0
2013-02-21,0.0,0.0
2013-02-22,10.224,46.2
2013-02-23,10.217,49.18
2013-02-24,0.171,17.17
2013-02-25,1.661,25.96
2013-02-26,9.32,60.58
2013-02-27,7.388,48.57
2013-02-28,11.345,43.31
2013-03-01,0.28,29.18
2013-03-02,12.378,70.58
2013-03-03,56.202,118.58
2013-03-04,5.965,77.55
2013-03-05,7.229,62.17
2013-03-06,4.834,32.34
2013-03-07,27.357,76.75
2013-03-08,3.109,30.96
2013-03-09,0.597,12.64
2013-03-10,9.053,34.99
2013-03-11,0.0,0.0
2013-03-12,1.107,35.69
2013-03-13,10.392,88.94
2013-03-14,2.863,37.24
2013-03-15,13.228,81.13
2013-03-16,15.445,81.38
2013-03-17,2.838,37.02
2013-03-18,10.124,81.83
2013-03-19,3.628,38.84
2013-03-20,14.303,76.82
2013-03-21,25.914,68.4
2013-03-22,5.6,30.14
2013-03-23,14.581,48.18
2013-03-24,12.529,47.81
2013-03-25,6.322,32.68
2013-03-26,26.059,103.37
2013-03-27,0.037,9.27
2013-03-28,20.606,56.02
2013-03-29,0.144,24.22
2013-03-30,0.0,0.0
2013-03-31,0.0,0.0
2013-04-01,0.0,0.0
2013-04-02,0.0,0.0
2013-04-03,1.297,27.47
2013-04-04,10.556,52.84
2013-04-05,11.409,70.37
2013-04-06,5.167,58.36
2013-04-07,3.52,44.05
2013-04-08,2.35,58.36
2013-04-09,3.569,53.64
2013-04-10,27.091,61.21
2013-04-11,4.769,56.44
2013-04-12,5.927,23.76
2013-04-13,3.13,121.98
2013-04-14,0.0,0.0
2013-04-15,0.085,15.75
2013-04-16,0.451,24.29
2013-04-17,0.354,27.41
2013-04-18,13.711,58.66
2013-04-19,3.859,24.01
2013-04-20,33.042,81.94
2013-04-21,0.748,34.48
2013-04-22,11.627,56.98
2013-04-23,0.016,7.61
2013-04-24,0.0,0.0
2013-04-25,0.0,0.0
2013-04-26,0.0,0.0
2013-04-27,0.078,9.61
2013-04-28,0.0,0.0
2013-04-29,0.0,0.0
2013-04-30,0.0,0.0
2013-05-01,0.0,0.0
2013-05-02,0.0,0.0
2013-05-03,0.0,0.0
2013-05-04,0.0,0.0
2013-05-05,0.068,5.78
2013-05-06,0.0,0.0
2013-05-07,1.632,33.58
2013-05-08,0.501,24.68
2013-05-09,0.0,0.0
2013-05-10,0.0,0.0
2013-05-11,0.0,0.0
2013-05-12,0.0,0.0
2013-05-13,0.0,0.0
2013-05-14,0.0,0.0
2013-05-15,0.0,0.0
2013-05-16,0.182,7.16
2013-05-17,0.0,0.0
2013-05-18,0.0,0.0
2013-05-19,0.0,0.0
2013-05-20,0.0,0.0
2013-05-21,0.009,4.4
2013-05-22,0.135,8.4
2013-05-23,0.529,13.89
2013-05-24,0.15,9.29
2013-05-25,4.262,45.31
2013-05-26,21.647,73.6
2013-05-27,4.7,51.63
2013-05-28,2.46,26.03
2013-05-29,1.499,11.9
2013-05-30,1.048,11.31
2013-05-31,0.852,22.84
2013-06-01,0.615,7.52
2013-06-02,0.0,0.0
2013-06-03,0.085,21.99
2013-06-04,0.0,0.0
2013-06-05,0.0,0.0
2013-06-06,0.0,0.0
2013-06-07,0.0,0.0
2013-06-08,0.0,0.0
2013-06-09,0.0,0.0
2013-06-10,0.0,0.0
2013-06-11,0.686,6.74
2013-06-12,0.291,4.98
2013-06-13,0.0,0.0
2013-06-14,0.0,0.0
2013-06-15,0.0,0.0
2013-06-16,1.519,7.06
2013-06-17,0.0,0.0
2013-06-18,0.739,7.18
2013-06-19,0.0,0.0
2013-06-20,0.0,0.0
2013-06-21,0.0,0.0
2013-06-22,0.0,0.0
2013-06-23,0.0,0.0
2013-06-24,0.0,0.0
2013-06-25,2.887,18.7
2013-06-26,0.011,5.17
2013-06-27,0.093,5.96
2013-06-28,0.067,11.26
2013-06-29,0.706,8.6
2013-06-30,9.723,46.26
2013-07-01,1.211,14.69
2013-07-02,0.272,8.26
2013-07-03,1.216,16.01
2013-07-04,0.803,9.41
2013-07-05,0.006,2.98
2013-07-06,0.058,7.83
2013-07-07,0.01,4.71
2013-07-08,0.042,3.74
2013-07-09,0.007,3.19
2013-07-10,0.292,23.25
2013-07-11,0.0,0.0
2013-07-12,0.028,4.68
2013-07-13,0.0,0.0
2013-07-14,0.0,0.0
2013-07-15,0.023,4.9
2013-07-16,0.0,0.0
2013-07-17,0.0,0.0
2013-07-18,0.0,0.0
2013-07-19,0.0,0.0
2013-07-20,0.0,0.0
2013-07-21,0.0,0.0
2013-07-22,0.0,0.0
2013-07-23,0.0,0.0
2013-07-24,0.0,0.0
2013-07-25,0.03,4.14
2013-07-26,0.0,0.0
2013-07-27,0.0,0.0
2013-07-28,0.006,3.08
2013-07-29,0.021,4.01
2013-07-30,0.0,0.0
2013-07-31,0.005,2.68
2013-08-01,0.016,2.98
2013-08-02,0.027,3.85
2013-08-03,0.025,3.55
2013-08-04,0.0,0.0
2013-08-05,0.007,3.61
2013-08-06,0.0,0.0
2013-08-07,0.0,0.0
2013-08-08,0.0,0.0
2013-08-09,0.008,4.08
2013-08-10,1.216,9.4
2013-08-11,0.0,0.0
2013-08-12,0.021,3.7
2013-08-13,0.011,2.74
2013-08-14,0.071,7.6
2013-08-15,0.0,0.0
2013-08-16,0.341,9.67
2013-08-17,0.0,0.0
2013-08-18,0.481,5.1
2013-08-19,0.0,0.0
2013-08-20,0.0,0.0
2013-08-21,0.0,0.0
2013-08-22,0.0,0.0
2013-08-23,0.0,0.0
2013-08-24,0.0,0.0
2013-08-25,0.128,6.36
2013-08-26,1.377,21.39
2013-08-27,0.072,4.15
2013-08-28,0.0,0.0
2013-08-29,0.0,0.0
2013-08-30,0.0,0.0
2013-08-31,0.0,0.0
2013-09-01,0.0,0.0
2013-09-02,0.0,0.0
2013-09-03,0.0,0.0
2013-09-04,0.0,0.0
2013-09-05,0.547,12.32
2013-09-06,0.0,0.0
2013-09-07,0.073,3.74
2013-09-08,0.0,0.0
2013-09-09,0.034,5.52
2013-09-10,0.176,7.75
2013-09-11,0.0,0.0
2013-09-12,0.078,4.06
2013-09-13,0.0,0.0
2013-09-14,0.0,0.0
2013-09-15,0.0,0.0
2013-09-16,0.033,3.43
2013-09-17,0.0,0.0
2013-09-18,0.0,0.0
2013-09-19,0.43,5.31
2013-09-20,0.0,0.0
2013-09-21,0.0,0.0
2013-09-22,0.0,0.0
2013-09-23,0.132,6.99
2013-09-24,0.0,0.0
2013-09-25,0.0,0.0
2013-09-26,0.0,0.0
2013-09-27,0.0,0.0
2013-09-28,0.869,5.33
2013-09-29,2.216,9.13
2013-09-30,1.356,12.94
2013-10-01,0.0,0.0
2013-10-02,4.75,11.77
2013-10-03,1.596,12.05
2013-10-04,1.125,9.0
2013-10-05,0.113,3.28
2013-10-06,0.153,7.24
2013-10-07,0.0,0.0
2013-10-08,0.0,0.0
2013-10-09,0.0,0.0
2013-10-10,0.711,6.29
2013-10-11,0.0,0.0
2013-10-12,0.0,0.0
2013-10-13,0.0,0.0
2013-10-14,0.078,5.54
2013-10-15,1.105,40.25
2013-10-16,0.98,33.15
2013-10-17,0.14,21.42
2013-10-18,0.0,0.0
2013-10-19,0.0,0.0
2013-10-20,0.0,0.0
2013-10-21,0.0,0.0
2013-10-22,0.048,7.58
2013-10-23,0.029,5.62
2013-10-24,0.0,0.0
2013-10-25,0.0,0.0
2013-10-26,0.0,0.0
2013-10-27,0.0,0.0
2013-10-28,0.113,5.14
2013-10-29,0.421,17.47
2013-10-30,0.023,4.0
2013-10-31,0.0,0.0
2013-11-01,0.06,3.52
2013-11-02,0.0,0.0
2013-11-03,0.151,8.46
2013-11-04,5.993,19.83
2013-11-05,0.086,5.93
2013-11-06,0.0,0.0
2013-11-07,0.0,0.0
2013-11-08,0.0,0.0
2013-11-09,0.0,0.0
2013-11-10,0.0,0.0
2013-11-11,0.0,0.0
2013-11-12,0.0,0.0
2013-11-13,0.006,2.86
2013-11-14,0.077,3.48
2013-11-15,0.0,0.0
2013-11-16,0.0,0.0
2013-11-17,0.057,4.6
2013-11-18,0.465,10.45
2013-11-19,0.0,0.0
2013-11-20,0.194,6.2
2013-11-21,0.032,3.18
2013-11-22,0.0,0.0
2013-11-23,0.0,0.0
2013-11-24,0.0,0.0
2013-11-25,0.0,0.0
2013-11-26,0.151,3.66
2013-11-27,0.0,0.0
2013-11-28,0.0,0.0
2013-11-29,0.0,0.0
2013-11-30,0.0,0.0
2013-12-01,0.0,0.0
2013-12-02,0.031,5.8
2013-12-03,0.0,0.0
2013-12-04,1.859,9.4
2013-12-05,0.0,0.0
2013-12-06,0.0,0.0
2013-12-07,0.0,0.0
2013-12-08,0.0,0.0
2013-12-09,3.479,10.22
2013-12-10,0.0,0.0
2013-12-11,0.076,4.96
2013-12-12,0.0,0.0
2013-12-13,0.034,6.53
2013-12-14,0.02,5.22
2013-12-15,0.0,0.0
2013-12-16,0.0,0.0
2013-12-17,0.0,0.0
2013-12-18,0.506,8.2
2013-12-19,0.304,6.05
2013-12-20,0.008,4.0
2013-12-21,3.245,12.03
2013-12-22,0.0,0.0
2013-12-23,0.0,0.0
2013-12-24,0.016,1.86
2013-12-25,0.0,0.0
2013-12-26,1.231,12.63
2013-12-27,0.0,0.0
2013-12-28,0.005,2.21
2013-12-29,0.334,7.28
2013-12-30,0.0,0.0
2013-12-31,7.757,12.74
2014-01-01,0.202,16.01
2014-01-02,0.118,10.3
2014-01-03,0.0,0.0
2014-01-04,0.0,0.0
2014-01-05,0.0,0.0
2014-01-06,6.543,120.2
2014-01-07,46.007,209.37
2014-01-08,0.214,22.21
2014-01-09,3.876,88.54
2014-01-10,1.22,59.63
2014-01-11,0.133,15.95
2014-01-12,0.433,37.66
2014-01-13,0.0,0.0
2014-01-14,0.0,0.0
2014-01-15,0.014,6.71
2014-01-16,0.0,0.0
2014-01-17,3.389,65.0
2014-01-18,0.05,9.82
2014-01-19,0.17,11.3
2014-01-20,1.898,67.97
2014-01-21,6.811,109.82
2014-01-22,8.901,188.4
2014-01-23,15.048,165.23
2014-01-24,1.936,104.8
2014-01-25,49.423,222.46
2014-01-26,37.994,200.32
2014-01-27,16.15,102.0
2014-01-28,0.248,17.73
2014-01-29,0.677,52.37
2014-01-30,0.533,31.77
2014-01-31,0.159,17.59
2014-02-01,0.0,0.0
2014-02-02,0.96,18.68
2014-02-03,8.79,85.83
2014-02-04,2.483,43.74
2014-02-05,21.134,128.83
2014-02-06,0.0,0.0
2014-02-07,0.145,33.31
2014-02-08,0.618,10.9
2014-02-09,1.01,13.22
2014-02-10,0.277,34.66
2014-02-11,0.0,0.0
2014-02-12,1.408,72.72
2014-02-13,4.224,30.95
2014-02-14,19.247,105.65
2014-02-15,21.612,145.4
2014-02-16,0.328,34.72
2014-02-17,26.319,110.22
2014-02-18,9.611,70.65
2014-02-19,0.0,0.0
2014-02-20,0.277,9.51
2014-02-21,0.544,47.4
2014-02-22,0.0,0.0
2014-02-23,0.757,49.63
2014-02-24,0.212,53.79
2014-02-25,20.908,79.6
2014-02-26,0.0,0.0
2014-02-27,1.881,29.02
2014-02-28,3.16,36.34
2014-03-01,21.355,83.27
2014-03-02,10.071,80.34
2014-03-03,26.261,75.7
2014-03-04,6.522,36.51
2014-03-05,0.0,0.0
2014-03-06,0.023,11.35
2014-03-07,0.0,0.0
2014-03-08,7.14,42.84
2014-03-09,67.24,114.88
2014-03-10,10.955,40.51
2014-03-11,24.52,71.76
2014-03-12,13.204,50.99
2014-03-13,38.06,107.42
2014-03-14,11.801,51.01
2014-03-15,5.563,67.5
2014-03-16,1.673,37.53
2014-03-17,0.954,31.85
2014-03-18,0.207,25.05
2014-03-19,0.0,0.0
2014-03-20,0.0,0.0
2014-03-21,0.084,9.75
2014-03-22,0.0,0.0
2014-03-23,8.31,56.69
2014-03-24,18.502,127.86
2014-03-25,11.582,76.37
2014-03-26,3.648,30.09
2014-03-27,39.929,82.18
2014-03-28,0.441,14.53
2014-03-29,3.412,68.78
2014-03-30,6.488,41.06
2014-03-31,4.305,49.38
2014-04-01,0.269,8.55
2014-04-02,0.351,19.35
2014-04-03,0.0,0.0
2014-04-04,1.963,17.95
2014-04-05,0.0,0.0
2014-04-06,0.017,8.32
2014-04-07,0.0,0.0
2014-04-08,0.042,7.38
2014-04-09,6.104,69.77
2014-04-10,6.03,62.14
2014-04-11,0.0,0.0
2014-04-12,0.0,0.0
2014-04-13,0.0,0.0
2014-04-14,0.794,36.65
2014-04-15,0.103,7.49
2014-04-16,0.223,15.41
2014-04-17,0.046,7.79
2014-04-18,1.873,81.1
2014-04-19,2.268,66.11
2014-04-20,1.756,49.29
2014-04-21,0.096,7.95
2014-04-22,0.0,0.0
2014-04-23,1.277,32.68
2014-04-24,15.313,67.22
2014-04-25,11.963,97.1
2014-04-26,9.789,71.17
2014-04-27,9.983,107.64
2014-04-28,1.682,16.47
2014-04-29,0.798,14.4
2014-04-30,0.175,8.7
2014-05-01,2.908,69.94
2014-05-02,5.792,97.48
2014-05-03,33.172,141.31
2014-05-04,3.737,106.9
2014-05-05,0.401,38.81
2014-05-06,19.102,83.49
2014-05-07,0.696,36.38
2014-05-08,31.202,83.76
2014-05-09,8.833,113.41
2014-05-10,40.801,180.33
2014-05-11,16.506,105.28
2014-05-12,17.557,84.47
2014-05-13,0.072,34.95
2014-05-14,0.0,0.0
2014-05-15,0.62,33.69
2014-05-16,6.511,48.28
2014-05-17,0.065,12.87
2014-05-18,1.737,45.8
2014-05-19,0.0,0.0
2014-05-20,0.184,23.13
2014-05-21,0.456,31.66
2014-05-22,0.0,0.0
2014-05-23,0.0,0.0
2014-05-24,0.0,0.0
2014-05-25,0.864,37.04
2014-05-26,0.0,0.0
2014-05-27,0.428,63.98
2014-05-28,0.0,0.0
2014-05-29,0.227,32.77
2014-05-30,0.0,0.0
2014-05-31,0.0,0.0
2014-06-01,0.0,0.0
2014-06-02,0.0,0.0
2014-06-03,0.011,5.56
2014-06-04,0.007,3.23
2014-06-05,0.0,0.0
2014-06-06,0.094,5.55
2014-06-07,0.0,0.0
2014-06-08,0.781,8.96
2014-06-09,0.0,0.0
2014-06-10,0.0,0.0
2014-06-11,6.808,53.52
2014-06-12,0.948,11.44
2014-06-13,0.106,10.57
2014-06-14,0.051,9.57
2014-06-15,0.189,8.07
2014-06-16,1.385,7.9
2014-06-17,2.399,7.54
2014-06-18,0.0,0.0
2014-06-19,0.0,0.0
2014-06-20,0.337,6.4
2014-06-21,0.0,0.0
2014-06-22,0.0,0.0
2014-06-23,0.0,0.0
2014-06-24,0.166,7.02
2014-06-25,6.088,12.4
2014-06-26,0.261,7.96
2014-06-27,1.685,8.62
2014-06-28,0.0,0.0
2014-06-29,0.0,0.0
2014-06-30,0.0,0.0
2014-07-01,0.257,5.11
2014-07-02,0.091,3.36
2014-07-03,0.292,6.56
2014-07-04,0.021,5.84
2014-07-05,0.0,0.0
2014-07-06,0.0,0.0
2014-07-07,1.303,7.05
2014-07-08,0.0,0.0
2014-07-09,0.0,0.0
2014-07-10,0.0,0.0
2014-07-11,0.0,0.0
2014-07-12,0.0,0.0
2014-07-13,0.0,0.0
2014-07-14,0.08,4.84
2014-07-15,0.0,0.0
2014-07-16,0.0,0.0
2014-07-17,0.229,6.13
2014-07-18,0.0,0.0
2014-07-19,0.0,0.0
2014-07-20,0.0,0.0
2014-07-21,0.0,0.0
2014-07-22,0.0,0.0
2014-07-23,0.0,0.0
2014-07-24,0.0,0.0
2014-07-25,0.049,3.96
2014-07-26,0.0,0.0
2014-07-27,0.0,0.0
2014-07-28,0.099,5.79
2014-07-29,0.524,7.07
2014-07-30,0.0,0.0
2014-07-31,0.013,3.46
2014-08-01,0.031,5.15
2014-08-02,0.0,0.0
2014-08-03,0.0,0.0
2014-08-04,1.081,8.08
2014-08-05,0.09,3.95
2014-08-06,0.0,0.0
2014-08-07,0.01,5.03
2014-08-08,0.673,20.62
2014-08-09,0.148,4.85
2014-08-10,0.023,3.05
2014-08-11,0.0,0.0
2014-08-12,0.0,0.0
2014-08-13,0.012,3.3
2014-08-14,0.066,4.77
2014-08-15,0.0,0.0
2014-08-16,0.0,0.0
2014-08-17,0.0,0.0
2014-08-18,0.233,8.6
2014-08-19,0.0,0.0
2014-08-20,0.0,0.0
2014-08-21,0.133,7.06
2014-08-22,0.0,0.0
2014-08-23,0.0,0.0
2014-08-24,0.0,0.0
2014-08-25,0.0,0.0
2014-08-26,0.0,0.0
2014-08-27,0.155,5.19
2014-08-28,0.007,3.29
2014-08-29,0.164,3.14
2014-08-30,0.015,2.71
2014-08-31,0.0,0.0
2014-09-01,0.0,0.0
2014-09-02,0.0,0.0
2014-09-03,0.169,7.27
2014-09-04,0.0,0.0
2014-09-05,0.026,2.75
2014-09-06,0.0,0.0
2014-09-07,0.004,1.95
2014-09-08,0.0,0.0
2014-09-09,0.0,0.0
2014-09-10,0.0,0.0
2014-09-11,0.0,0.0
2014-09-12,1.28,12.56
2014-09-13,0.007,3.33
2014-09-14,0.0,0.0
2014-09-15,1.021,5.79
2014-09-16,0.022,3.04
2014-09-17,0.0,0.0
2014-09-18,0.169,12.02
2014-09-19,0.1,5.68
2014-09-20,0.005,2.38
2014-09-21,0.075,5.1
2014-09-22,2.824,9.15
2014-09-23,0.204,9.78
2014-09-24,0.0,0.0
2014-09-25,0.0,0.0
2014-09-26,0.081,4.6
2014-09-27,0.0,0.0
2014-09-28,0.017,5.35
2014-09-29,0.0,0.0
2014-09-30,0.0,0.0
2014-10-01,0.066,5.73
2014-10-02,0.0,0.0
2014-10-03,0.0,0.0
2014-10-04,0.118,6.95
2014-10-05,0.0,0.0
2014-10-06,0.0,0.0
2014-10-07,0.0,0.0
2014-10-08,0.279,6.85
2014-10-09,0.0,0.0
2014-10-10,1.318,7.93
2014-10-11,6.807,47.52
2014-10-12,0.175,10.98
2014-10-13,0.021,5.49
2014-10-14,0.022,5.7
2014-10-15,0.0,0.0
2014-10-16,0.0,0.0
2014-10-17,0.0,0.0
2014-10-18,0.0,0.0
2014-10-19,0.048,6.53
2014-10-20,0.009,4.6
2014-10-21,0.0,0.0
2014-10-22,0.0,0.0
2014-10-23,0.0,0.0
2014-10-24,0.0,0.0
2014-10-25,0.622,6.14
2014-10-26,0.418,10.06
2014-10-27,0.0,0.0
2014-10-28,0.038,5.51
2014-10-29,0.105,9.92
2014-10-30,0.0,0.0
2014-10-31,0.0,0.0
2014-11-01,0.0,0.0
2014-11-02,0.0,0.0
2014-11-03,0.0,0.0
2014-11-04,0.0,0.0
2014-11-05,0.02,2.19
2014-11-06,2.65,24.53
2014-11-07,0.0,0.0
2014-11-08,0.0,0.0
2014-11-09,0.0,0.0
2014-11-10,0.278,3.7
2014-11-11,1.54,7.49
2014-11-12,0.246,6.31
2014-11-13,0.028,5.05
2014-11-14,0.009,1.66
2014-11-15,1.555,10.34
2014-11-16,0.11,6.2
2014-11-17,0.0,0.0
2014-11-18,0.0,0.0
2014-11-19,0.0,0.0
2014-11-20,0.0,0.0
2014-11-21,0.0,0.0
2014-11-22,0.0,0.0
2014-11-23,0.0,0.0
2014-11-24,0.0,0.0
2014-11-25,0.155,4.8
2014-11-26,0.368,6.4
2014-11-27,0.0,0.0
2014-11-28,0.0,0.0
2014-11-29,0.209,10.23
2014-11-30,0.0,0.0
2014-12-01,0.0,0.0
2014-12-02,0.0,0.0
2014-12-03,0.0,0.0
2014-12-04,0.034,13.0
2014-12-05,0.23,15.97
2014-12-06,0.142,6.92
2014-12-07,3.042,34.37
2014-12-08,0.859,24.57
2014-12-09,0.836,15.95
2014-12-10,0.09,10.17
2014-12-11,0.0,0.0
2014-12-12,1.983,30.76
2014-12-13,0.614,7.32
2014-12-14,0.0,0.0
2014-12-15,0.0,0.0
2014-12-16,0.016,7.95
2014-12-17,0.0,0.0
2014-12-18,0.0,0.0
2014-12-19,0.0,0.0
2014-12-20,0.0,0.0
2014-12-21,4.868,12.95
2014-12-22,0.013,6.29
2014-12-23,0.0,0.0
2014-12-24,0.0,0.0
2014-12-25,0.0,0.0
2014-12-26,0.0,0.0
2014-12-27,0.0,0.0
2014-12-28,0.048,6.51
2014-12-29,4.971,13.22
2014-12-30,0.575,8.9
2014-12-31,3.456,53.15
2015-01-01,0.62,42.27
2015-01-02,0.0,0.0
2015-01-03,0.0,0.0
2015-01-04,0.0,0.0
2015-01-05,0.058,6.04
2015-01-06,0.176,12.11
2015-01-07,0.0,0.0
2015-01-08,0.0,0.0
2015-01-09,0.0,0.0
2015-01-10,0.0,0.0
2015-01-11,0.0,0.0
2015-01-12,0.0,0.0
2015-01-13,1.751,94.83
2015-01-14,0.057,7.95
2015-01-15,0.044,8.63
2015-01-16,0.0,0.0
2015-01-17,45.147,157.56
2015-01-18,44.657,213.71
2015-01-19,0.201,55.82
2015-01-20,12.773,214.37
2015-01-21,1.262,81.08
2015-01-22,4.058,81.29
2015-01-23,9.153,151.23
2015-01-24,14.166,200.31
2015-01-25,3.936,146.18
2015-01-26,0.712,104.9
2015-01-27,0.192,28.62
2015-01-28,0.02,10.0
2015-01-29,0.599,118.4
2015-01-30,0.0,0.0
2015-01-31,0.0,0.0
2015-02-01,1.792,74.21
2015-02-02,0.634,11.58
2015-02-03,0.0,0.0
2015-02-04,0.316,8.06
2015-02-05,0.819,10.8
2015-02-06,7.393,106.94
2015-02-07,24.131,138.87
2015-02-08,16.83,150.84
2015-02-09,6.956,115.22
2015-02-10,0.0,0.0
2015-02-11,1.208,57.32
2015-02-12,0.183,9.28
2015-02-13,0.55,28.12
2015-02-14,12.778,80.4
2015-02-15,39.148,123.65
2015-02-16,1.089,61.71
2015-02-17,0.0,0.0
2015-02-18,2.075,22.28
2015-02-19,0.223,42.15
2015-02-20,0.612,66.68
2015-02-21,0.0,0.0
2015-02-22,0.0,0.0
2015-02-23,0.071,10.12
2015-02-24,44.438,138.33
2015-02-25,4.775,101.34
2015-02-26,35.164,97.6
2015-02-27,4.099,53.55
2015-02-28,0.0,0.0
2015-03-01,0.276,40.82
2015-03-02,2.733,33.81
2015-03-03,9.813,56.56
2015-03-04,0.0,0.0
2015-03-05,0.873,33.18
2015-03-06,0.0,0.0
2015-03-07,0.0,0.0
2015-03-08,1.477,49.39
2015-03-09,0.0,0.0
2015-03-10,0.0,0.0
2015-03-11,0.0,0.0
2015-03-12,0.079,38.38
2015-03-13,0.6,64.0
2015-03-14,4.619,62.03
2015-03-15,1.965,67.23
2015-03-16,0.0,0.0
2015-03-17,32.806,143.24
2015-03-18,0.163,27.74
2015-03-19,9.819,75.48
2015-03-20,38.208,124.04
2015-03-21,1.378,51.15
2015-03-22,17.26,110.21
2015-03-23,0.524,46.5
2015-03-24,1.263,43.34
2015-03-25,26.718,81.33
2015-03-26,4.189,83.38
2015-03-27,17.641,93.05
2015-03-28,19.414,97.37
2015-03-29,37.801,129.78
2015-03-30,8.053,106.12
2015-03-31,22.329,225.79
2015-04-01,1.222,30.6
2015-04-02,7.359,63.37
2015-04-03,9.194,68.13
2015-04-04,31.976,111.92
2015-04-05,17.146,65.3
2015-04-06,1.182,27.86
2015-04-07,0.0,0.0
2015-04-08,1.296,31.36
2015-04-09,0.219,21.58
2015-04-10,1.017,34.24
2015-04-11,0.411,19.3
2015-04-12,6.284,28.49
2015-04-13,21.806,70.69
2015-04-14,16.435,88.57
2015-04-15,26.806,73.14
2015-04-16,26.327,102.0
2015-04-17,15.098,81.84
2015-04-18,17.899,81.84
2015-04-19,1.417,54.62
2015-04-20,15.529,106.83
2015-04-21,21.96,83.22
2015-04-22,6.073,38.71
2015-04-23,9.227,72.23
2015-04-24,4.469,114.65
2015-04-25,0.748,22.65
2015-04-26,0.0,0.0
2015-04-27,0.0,0.0
2015-04-28,0.062,30.18
2015-04-29,0.883,40.28
2015-04-30,3.735,49.8
2015-05-01,13.06,45.32
2015-05-02,2.139,19.72
2015-05-03,16.737,77.48
2015-05-04,2.96,55.02
2015-05-05,18.331,64.79
2015-05-06,12.119,31.24
2015-05-07,8.511,57.87
2015-05-08,0.0,0.0
2015-05-09,0.099,10.92
2015-05-10,0.715,17.02
2015-05-11,0.0,0.0
2015-05-12,0.495,21.95
2015-05-13,0.232,15.43
2015-05-14,7.556,25.58
2015-05-15,29.253,91.18
2015-05-16,1.908,22.04
2015-05-17,0.02,9.83
2015-05-18,0.543,22.04
2015-05-19,3.993,67.79
2015-05-20,0.249,15.19
2015-05-21,7.971,59.48
2015-05-22,1.057,30.82
2015-05-23,0.454,29.41
2015-05-24,0.806,39.02
2015-05-25,11.401,55.43
2015-05-26,1.117,39.34
2015-05-27,1.403,35.07
2015-05-28,0.104,12.66
2015-05-29,0.0,0.0
2015-05-30,0.0,0.0
2015-05-31,1.423,43.73
2015-06-01,0.0,0.0
2015-06-02,1.215,45.47
2015-06-03,0.0,0.0
2015-06-04,0.0,0.0
2015-06-05,0.404,8.68
2015-06-06,0.0,0.0
2015-06-07,0.523,17.12
2015-06-08,0.149,17.34
2015-06-09,1.107,24.88
2015-06-10,18.672,59.26
2015-06-11,1.033,10.57
2015-06-12,0.165,8.39
2015-06-13,0.864,39.78
2015-06-14,6.36,59.76
2015-06-15,0.072,7.74
2015-06-16,0.242,34.67
2015-06-17,0.0,0.0
2015-06-18,0.726,24.65
2015-06-19,0.318,10.0
2015-06-20,0.056,7.38
2015-06-21,0.243,9.24
2015-06-22,0.01,4.95
2015-06-23,0.0,0.0
2015-06-24,0.335,9.63
2015-06-25,0.656,9.0
2015-06-26,0.845,9.99
2015-06-27,0.0,0.0
2015-06-28,0.0,0.0
2015-06-29,0.0,0.0
2015-06-30,0.011,5.17
2015-07-01,0.0,0.0
2015-07-02,0.182,4.94
2015-07-03,0.0,0.0
2015-07-04,0.572,5.01
2015-07-05,1.461,9.38
2015-07-06,0.052,14.45
2015-07-07,0.0,0.0
2015-07-08,0.0,0.0
2015-07-09,0.005,2.61
2015-07-10,0.0,0.0
2015-07-11,0.0,0.0
2015-07-12,0.0,0.0
2015-07-13,0.0,0.0
2015-07-14,0.0,0.0
2015-07-15,0.0,0.0
2015-07-16,0.0,0.0
2015-07-17,0.197,6.33
2015-07-18,0.081,9.06
2015-07-19,0.414,5.46
2015-07-20,0.084,4.67
2015-07-21,0.105,5.1
2015-07-22,0.54,17.15
2015-07-23,0.0,0.0
2015-07-24,0.0,0.0
2015-07-25,0.0,0.0
2015-07-26,0.0,0.0
2015-07-27,0.0,0.0
2015-07-28,0.0,0.0
2015-07-29,0.005,2.64
2015-07-30,0.131,5.92
2015-07-31,0.0,0.0
2015-08-01,0.156,4.41
2015-08-02,0.092,4.47
2015-08-03,0.0,0.0
2015-08-04,0.0,0.0
2015-08-05,0.0,0.0
2015-08-06,0.0,0.0
2015-08-07,0.0,0.0
2015-08-08,0.347,5.73
2015-08-09,0.316,6.19
2015-08-10,0.0,0.0
2015-08-11,0.0,0.0
2015-08-12,0.0,0.0
2015-08-13,0.0,0.0
2015-08-14,0.388,6.98
2015-08-15,0.0,0.0
2015-08-16,0.358,6.03
2015-08-17,0.0,0.0
2015-08-18,0.0,0.0
2015-08-19,0.0,0.0
2015-08-20,0.27,8.04
2015-08-21,0.0,0.0
2015-08-22,0.0,0.0
2015-08-23,0.0,0.0
2015-08-24,0.151,7.5
2015-08-25,0.0,0.0
2015-08-26,0.0,0.0
2015-08-27,0.558,5.74
2015-08-28,0.035,4.16
2015-08-29,0.0,0.0
2015-08-30,0.0,0.0
2015-08-31,0.0,0.0
2015-09-01,0.365,4.28
2015-09-02,0.117,5.13
2015-09-03,0.0,0.0
2015-09-04,0.0,0.0
2015-09-05,0.0,0.0
2015-09-06,0.0,0.0
2015-09-07,0.006,2.87
2015-09-08,0.0,0.0
2015-09-09,0.009,4.29
2015-09-10,0.009,4.5
2015-09-11,2.436,10.54
2015-09-12,0.047,2.54
2015-09-13,0.164,8.72
2015-09-14,0.0,0.0
2015-09-15,0.033,4.36
2015-09-16,0.0,0.0
2015-09-17,0.0,0.0
2015-09-18,0.0,0.0
2015-09-19,0.0,0.0
2015-09-20,0.326,3.91
2015-09-21,0.0,0.0
2015-09-22,0.0,0.0
2015-09-23,0.0,0.0
2015-09-24,0.027,4.74
2015-09-25,0.284,4.01
2015-09-26,0.0,0.0
2015-09-27,0.0,0.0
2015-09-28,0.0,0.0
2015-09-29,0.0,0.0
2015-09-30,1.18,8.0
2015-10-01,2.783,11.52
2015-10-02,0.0,0.0
2015-10-03,0.0,0.0
2015-10-04,0.029,3.52
2015-10-05,0.0,0.0
2015-10-06,0.0,0.0
2015-10-07,0.016,3.99
2015-10-08,0.517,6.18
2015-10-09,0.0,0.0
2015-10-10,0.0,0.0
2015-10-11,0.0,0.0
2015-10-12,0.0,0.0
2015-10-13,0.132,10.73
2015-10-14,0.734,20.12
2015-10-15,3.204,11.23
2015-10-16,0.615,9.88
2015-10-17,0.0,0.0
2015-10-18,0.029,4.49
2015-10-19,1.073,18.38
2015-10-20,0.0,0.0
2015-10-21,0.082,5.47
2015-10-22,0.008,3.77
2015-10-23,0.0,0.0
2015-10-24,0.0,0.0
2015-10-25,0.838,12.53
2015-10-26,0.0,0.0
2015-10-27,0.385,5.37
2015-10-28,0.39,12.77
2015-10-29,0.0,0.0
2015-10-30,0.0,0.0
2015-10-31,0.293,8.49
2015-11-01,1.375,9.17
2015-11-02,0.448,7.33
2015-11-03,0.053,5.46
2015-11-04,0.004,1.25
2015-11-05,0.0,0.0
2015-11-06,0.669,17.61
2015-11-07,4.077,21.65
2015-11-08,0.0,0.0
2015-11-09,0.09,7.79
2015-11-10,0.094,3.58
2015-11-11,0.0,0.0
2015-11-12,0.0,0.0
2015-11-13,0.0,0.0
2015-11-14,0.0,0.0
2015-11-15,0.289,6.69
2015-11-16,0.0,0.0
2015-11-17,0.0,0.0
2015-11-18,0.0,0.0
2015-11-19,0.0,0.0
2015-11-20,0.0,0.0
2015-11-21,0.0,0.0
2015-11-22,0.182,4.36
2015-11-23,0.0,0.0
2015-11-24,0.026,3.42
2015-11-25,0.137,6.76
2015-11-26,0.264,7.12
2015-11-27,1.614,13.81
2015-11-28,0.0,0.0
2015-11-29,0.0,0.0
2015-11-30,0.0,0.0
2015-12-01,0.0,0.0
2015-12-02,4.263,71.26
2015-12-03,1.124,48.34
2015-12-04,0.237,22.23
2015-12-05,5.219,47.3
2015-12-06,0.0,0.0
2015-12-07,1.465,30.09
2015-12-08,0.0,0.0
2015-12-09,0.013,6.49
2015-12-10,0.624,22.95
2015-12-11,0.0,0.0
2015-12-12,0.0,0.0
2015-12-13,0.0,0.0
2015-12-14,0.52,9.43
2015-12-15,8.844,57.76
2015-12-16,0.026,12.52
2015-12-17,0.0,0.0
2015-12-18,0.0,0.0
2015-12-19,0.054,10.65
2015-12-20,0.0,0.0
2015-12-21,0.726,8.03
2015-12-22,0.0,0.0
2015-12-23,0.0,0.0
2015-12-24,0.0,0.0
2015-12-25,0.0,0.0
2015-12-26,3.003,11.03
2015-12-27,1.176,8.95
2015-12-28,0.732,7.21
2015-12-29,0.102,7.83
2015-12-30,0.19,7.8
2015-12-31,1.051,8.39
2016-01-01,1.016,10.87
2016-01-02,1.138,75.65
2016-01-03,30.709,288.75
2016-01-04,3.019,19.86
2016-01-05,9.289,149.68
2016-01-06,5.255,74.79
2016-01-07,4.703,52.2
2016-01-08,0.912,13.48
2016-01-09,0.568,10.21
2016-01-10,7.188,22.21
2016-01-11,1.646,13.97
2016-01-12,3.199,51.82
2016-01-13,5.677,14.24
2016-01-14,0.012,6.04
2016-01-15,0.0,0.0
2016-01-16,0.0,0.0
2016-01-17,0.169,7.9
2016-01-18,0.0,0.0
2016-01-19,4.728,13.63
2016-01-20,7.555,146.11
2016-01-21,0.702,10.17
2016-01-22,5.759,202.9
2016-01-23,2.399,16.95
2016-01-24,2.419,108.65
2016-01-25,39.899,392.22
2016-01-26,11.731,137.27
2016-01-27,0.0,0.0
2016-01-28,0.014,6.82
2016-01-29,4.024,139.55
2016-01-30,12.209,28.8
2016-01-31,7.821,17.45
2016-02-01,0.074,9.42
2016-02-02,0.0,0.0
2016-02-03,1.469,63.71
2016-02-04,4.501,110.26
2016-02-05,0.069,8.7
2016-02-06,2.607,76.89
2016-02-07,0.0,0.0
2016-02-08,0.073,9.15
2016-02-09,0.0,0.0
2016-02-10,0.0,0.0
2016-02-11,1.141,50.03
2016-02-12,0.073,9.75
2016-02-13,12.678,102.26
2016-02-14,0.0,0.0
2016-02-15,0.017,8.08
2016-02-16,0.0,0.0
2016-02-17,0.597,60.82
2016-02-18,0.978,32.71
2016-02-19,14.919,76.38
2016-02-20,0.0,0.0
2016-02-21,0.0,0.0
2016-02-22,0.181,23.16
2016-02-23,1.548,37.37
2016-02-24,48.761,156.33
2016-02-25,50.261,140.37
2016-02-26,27.816,83.94
2016-02-27,1.244,32.78
2016-02-28,23.417,88.93
2016-02-29,29.979,88.26
2016-03-01,6.622,64.71
2016-03-02,0.976,62.17
2016-03-03,20.687,108.66
2016-03-04,2.61,40.63
2016-03-05,70.695,141.08
2016-03-06,36.889,81.22
2016-03-07,36.072,76.45
2016-03-08,2.526,27.31
2016-03-09,25.882,80.53
2016-03-10,10.942,57.56
2016-03-11,2.487,32.11
2016-03-12,7.463,42.34
2016-03-13,8.144,39.43
2016-03-14,11.268,47.5
2016-03-15,3.589,51.94
2016-03-16,0.0,0.0
2016-03-17,0.033,16.12
2016-03-18,0.0,0.0
2016-03-19,0.074,18.28
2016-03-20,15.812,102.65
2016-03-21,2.985,21.58
2016-03-22,2.475,35.22
2016-03-23,0.0,0.0
2016-03-24,0.0,0.0
2016-03-25,0.0,0.0
2016-03-26,0.0,0.0
2016-03-27,1.132,29.6
2016-03-28,0.041,11.05
2016-03-29,13.812,47.2
2016-03-30,35.182,76.65
2016-03-31,1.659,15.51
2016-04-01,45.726,167.73
2016-04-02,9.741,53.78
2016-04-03,12.543,72.08
2016-04-04,3.21,34.56
2016-04-05,16.484,90.26
2016-04-06,0.173,18.82
2016-04-07,0.083,18.16
2016-04-08,0.0,0.0
2016-04-09,0.0,0.0
2016-04-10,12.003,103.07
2016-04-11,0.265,18.37
2016-04-12,0.467,30.8
2016-04-13,43.216,112.8
2016-04-14,2.048,50.01
2016-04-15,0.0,0.0
2016-04-16,0.0,0.0
2016-04-17,0.243,30.44
2016-04-18,0.0,0.0
2016-04-19,0.024,11.92
2016-04-20,0.187,25.0
2016-04-21,0.0,0.0
2016-04-22,0.0,0.0
2016-04-23,14.839,65.4
2016-04-24,0.0,0.0
2016-04-25,0.481,21.79
2016-04-26,9.899,89.19
2016-04-27,0.231,34.06
2016-04-28,41.643,111.27
2016-04-29,2.955,45.69
2016-04-30,11.871,93.4
2016-05-01,0.59,17.24
2016-05-02,0.0,0.0
2016-05-03,0.0,0.0
2016-05-04,0.0,0.0
2016-05-05,0.197,26.49
2016-05-06,0.045,22.04
2016-05-07,0.0,0.0
2016-05-08,2.09,57.08
2016-05-09,0.445,31.94
2016-05-10,39.182,75.72
2016-05-11,0.987,22.85
2016-05-12,0.134,20.61
2016-05-13,0.0,0.0
2016-05-14,0.0,0.0
2016-05-15,0.015,7.22
2016-05-16,0.664,42.09
2016-05-17,0.0,0.0
2016-05-18,0.011,5.3
2016-05-19,0.0,0.0
2016-05-20,0.0,0.0
2016-05-21,0.0,0.0
2016-05-22,0.0,0.0
2016-05-23,0.07,6.23
2016-05-24,0.0,0.0
2016-05-25,0.064,5.9
2016-05-26,0.24,8.42
2016-05-27,0.0,0.0
2016-05-28,0.0,0.0
2016-05-29,0.0,0.0
2016-05-30,0.0,0.0
2016-05-31,0.617,10.39
2016-06-01,0.0,0.0
2016-06-02,0.0,0.0
2016-06-03,0.0,0.0
2016-06-04,0.528,5.17
2016-06-05,0.0,0.0
2016-06-06,1.814,11.1
2016-06-07,1.496,7.39
2016-06-08,0.291,17.95
2016-06-09,0.0,0.0
2016-06-10,4.289,28.95
2016-06-11,0.0,0.0
2016-06-12,0.019,3.64
2016-06-13,2.372,9.23
2016-06-14,0.075,18.53
2016-06-15,0.157,4.68
2016-06-16,0.0,0.0
2016-06-17,0.022,5.62
2016-06-18,0.23,6.14
2016-06-19,0.006,3.06
2016-06-20,0.1,5.38
2016-06-21,0.446,7.6
2016-06-22,0.0,0.0
2016-06-23,0.0,0.0
2016-06-24,0.0,0.0
2016-06-25,0.072,3.85
2016-06-26,0.268,5.51
2016-06-27,0.0,0.0
2016-06-28,0.007,3.55
2016-06-29,0.531,7.67
2016-06-30,0.016,7.63
2016-07-01,0.067,6.34
2016-07-02,1.183,7.22
2016-07-03,0.649,5.71
2016-07-04,0.0,0.0
2016-07-05,0.0,0.0
2016-07-06,0.008,3.73
2016-07-07,0.0,0.0
2016-07-08,0.152,4.63
2016-07-09,0.0,0.0
2016-07-10,0.303,6.5
2016-07-11,0.0,0.0
2016-07-12,0.0,0.0
2016-07-13,0.092,6.38
2016-07-14,0.0,0.0
2016-07-15,0.0,0.0
2016-07-16,0.072,5.44
2016-07-17,0.003,0.87
2016-07-18,0.0,0.0
2016-07-19,0.0,0.0
2016-07-20,0.0,0.0
2016-07-21,0.066,4.82
2016-07-22,0.0,0.0
2016-07-23,0.0,0.0
2016-07-24,0.028,3.66
2016-07-25,0.0,0.0
2016-07-26,0.0,0.0
2016-07-27,0.067,6.03
2016-07-28,0.0,0.0
2016-07-29,0.021,3.95
2016-07-30,0.078,5.8
2016-07-31,0.0,0.0
2016-08-01,0.0,0.0
2016-08-02,0.0,0.0
2016-08-03,0.0,0.0
2016-08-04,0.268,5.79
2016-08-05,0.0,0.0
2016-08-06,0.0,0.0
2016-08-07,0.325,6.31
2016-08-08,0.0,0.0
2016-08-09,0.188,6.66
2016-08-10,0.0,0.0
2016-08-11,0.132,9.23
2016-08-12,0.562,5.57
2016-08-13,0.0,0.0
2016-08-14,0.0,0.0
2016-08-15,0.0,0.0
2016-08-16,0.64,7.54
2016-08-17,0.01,4.69
2016-08-18,0.0,0.0
2016-08-19,0.0,0.0
2016-08-20,0.0,0.0
2016-08-21,0.0,0.0
2016-08-22,0.74,10.6
2016-08-23,0.0,0.0
2016-08-24,0.227,4.98
2016-08-25,0.057,5.81
2016-08-26,0.0,0.0
2016-08-27,0.0,0.0
2016-08-28,0.585,5.93
2016-08-29,0.0,0.0
2016-08-30,0.0,0.0
2016-08-31,0.079,5.29
2016-09-01,0.014,4.66
2016-09-02,0.0,0.0
2016-09-03,0.051,3.51
2016-09-04,0.0,0.0
2016-09-05,0.0,0.0
2016-09-06,0.201,9.3
2016-09-07,0.017,2.94
2016-09-08,0.0,0.0
2016-09-09,0.0,0.0
2016-09-10,0.03,9.3
2016-09-11,0.0,0.0
2016-09-12,0.007,3.36
2016-09-13,0.0,0.0
2016-09-14,1.919,9.57
2016-09-15,6.434,30.61
2016-09-16,0.288,5.39
2016-09-17,0.0,0.0
2016-09-18,0.0,0.0
2016-09-19,0.527,13.19
2016-09-20,0.0,0.0
2016-09-21,0.0,0.0
2016-09-22,0.0,0.0
2016-09-23,0.011,5.61
2016-09-24,0.0,0.0
2016-09-25,0.0,0.0
2016-09-26,0.0,0.0
2016-09-27,0.0,0.0
2016-09-28,0.0,0.0
2016-09-29,0.0,0.0
2016-09-30,0.0,0.0
2016-10-01,0.039,2.91
2016-10-02,0.492,6.05
2016-10-03,0.04,3.89
2016-10-04,0.0,0.0
2016-10-05,0.022,2.55
2016-10-06,0.0,0.0
2016-10-07,0.0,0.0
2016-10-08,0.0,0.0
2016-10-09,0.611,6.7
2016-10-10,0.0,0.0
2016-10-11,0.0,0.0
2016-10-12,0.0,0.0
2016-10-13,0.082,5.24
2016-10-14,0.004,1.86
2016-10-15,0.0,0.0
2016-10-16,0.193,11.5
2016-10-17,0.0,0.0
2016-10-18,0.0,0.0
2016-10-19,0.005,2.23
2016-10-20,0.011,5.17
2016-10-21,0.0,0.0
2016-10-22,0.0,0.0
2016-10-23,0.0,0.0
2016-10-24,0.0,0.0
2016-10-25,0.0,0.0
2016-10-26,0.258,7.04
2016-10-27,0.015,2.08
2016-10-28,4.283,17.06
2016-10-29,0.0,0.0
2016-10-30,0.0,0.0
2016-10-31,0.006,2.8
2016-11-01,0.0,0.0
2016-11-02,0.0,0.0
2016-11-03,0.078,3.29
2016-11-04,0.018,4.38
2016-11-05,0.077,4.02
2016-11-06,0.0,0.0
2016-11-07,0.0,0.0
2016-11-08,0.0,0.0
2016-11-09,0.0,0.0
2016-11-10,0.561,7.55
2016-11-11,0.394,6.9
2016-11-12,0.0,0.0
2016-11-13,0.013,2.77
2016-11-14,2.105,12.89
2016-11-15,0.033,12.66
2016-11-16,0.0,0.0
2016-11-17,0.0,0.0
2016-11-18,0.106,4.81
2016-11-19,1.779,10.82
2016-11-20,0.0,0.0
2016-11-21,0.084,4.49
2016-11-22,0.0,0.0
2016-11-23,0.01,2.47
2016-11-24,0.0,0.0
2016-11-25,0.907,6.46
2016-11-26,0.0,0.0
2016-11-27,0.0,0.0
2016-11-28,0.0,0.0
2016-11-29,0.073,5.23
2016-11-30,0.837,5.63
2016-12-01,0.0,0.0
2016-12-02,0.0,0.0
2016-12-03,0.0,0.0
2016-12-04,0.087,6.04
2016-12-05,0.0,0.0
2016-12-06,0.0,0.0
2016-12-07,0.024,6.28
2016-12-08,0.423,9.15
2016-12-09,0.0,0.0
2016-12-10,0.0,0.0
2016-12-11,0.0,0.0
2016-12-12,0.0,0.0
2016-12-13,0.0,0.0
2016-12-14,0.0,0.0
2016-12-15,1.904,8.86
2016-12-16,1.368,8.44
2016-12-17,0.0,0.0
2016-12-18,0.0,0.0
2016-12-19,0.0,0.0
2016-12-20,0.025,6.43
2016-12-21,0.0,0.0
2016-12-22,0.501,6.71
2016-12-23,2.181,9.95
2016-12-24,0.165,8.44
2016-12-25,0.0,0.0
2016-12-26,1.283,7.69
2016-12-27,4.318,10.02
2016-12-28,1.489,8.68
2016-12-29,0.696,8.83
2016-12-30,2.859,67.58
2016-12-31,0.837,10.33
2017-01-01,0.834,40.03
2017-01-02,38.54,184.5
2017-01-03,0.144,70.6
2017-01-04,1.309,124.64
2017-01-05,12.5,139.64
2017-01-06,0.029,14.08
2017-01-07,0.0,0.0
2017-01-08,0.029,14.17
2017-01-09,66.42,260.61
2017-01-10,4.053,134.17
2017-01-11,0.0,0.0
2017-01-12,0.0,0.0
2017-01-13,0.02,9.61
2017-01-14,13.585,202.67
2017-01-15,32.141,212.75
2017-01-16,0.275,42.75
2017-01-17,0.019,9.33
2017-01-18,0.017,8.19
2017-01-19,0.031,15.27
2017-01-20,54.034,241.46
2017-01-21,12.603,171.97
2017-01-22,0.0,0.0
2017-01-23,3.83,71.06
2017-01-24,0.0,0.0
2017-01-25,0.0,0.0
2017-01-26,6.263,214.76
2017-01-27,0.019,9.08
2017-01-28,0.0,0.0
2017-01-29,2.623,109.99
2017-01-30,19.682,198.85
2017-01-31,96.831,350.83
2017-02-01,1.602,32.72
2017-02-02,1.588,37.46
2017-02-03,15.57,69.17
2017-02-04,16.975,65.2
2017-02-05,18.984,75.45
2017-02-06,13.928,48.7
2017-02-07,5.021,42.13
2017-02-08,8.163,45.18
2017-02-09,5.949,31.01
2017-02-10,42.525,95.58
2017-02-11,3.926,52.79
2017-02-12,11.201,51.91
2017-02-13,9.029,73.44
2017-02-14,7.988,40.97
2017-02-15,17.643,74.9
2017-02-16,14.32,54.13
2017-02-17,9.509,42.85
2017-02-18,0.595,18.91
2017-02-19,1.779,49.65
2017-02-20,24.481,48.7
2017-02-21,11.525,32.51
2017-02-22,27.953,58.05
2017-02-23,2.369,19.59
2017-02-24,5.922,22.1
2017-02-25,18.34,57.97
2017-02-26,19.488,42.88
2017-02-27,3.985,26.25
2017-02-28,1.203,25.94
2017-03-01,28.64,129.81
2017-03-02,8.257,68.95
2017-03-03,28.328,110.95
2017-03-04,8.299,89.6
2017-03-05,16.995,90.36
2017-03-06,104.3,221.54
2017-03-07,55.744,182.66
2017-03-08,41.613,164.39
2017-03-09,56.369,209.41
2017-03-10,72.231,243.82
2017-03-11,21.908,183.95
2017-03-12,53.007,169.43
2017-03-13,15.508,111.91
2017-03-14,31.512,211.24
2017-03-15,23.967,115.26
2017-03-16,10.891,71.1
2017-03-17,19.624,76.62
2017-03-18,32.82,103.91
2017-03-19,46.22,111.93
2017-03-20,29.361,99.55
2017-03-21,19.673,95.54
2017-03-22,49.174,103.6
2017-03-23,4.65,37.38
2017-03-24,53.329,111.17
2017-03-25,4.206,72.94
2017-03-26,41.2,170.46
2017-03-27,63.853,145.99
2017-03-28,19.116,91.97
2017-03-29,124.016,288.25
2017-03-30,56.829,151.66
2017-03-31,22.834,115.56
2017-04-01,0.0,0.0
2017-04-02,3.444,48.11
2017-04-03,11.265,87.96
2017-04-04,58.325,156.12
2017-04-05,1.408,48.39
2017-04-06,8.627,59.19
2017-04-07,5.016,117.74
2017-04-08,7.961,111.83
2017-04-09,17.174,61.49
2017-04-10,2.595,104.51
2017-04-11,10.718,62.06
2017-04-12,6.322,34.78
2017-04-13,22.919,91.28
2017-04-14,4.228,41.58
2017-04-15,0.039,18.87
2017-04-16,16.549,103.45
2017-04-17,0.0,0.0
2017-04-18,47.03,171.72
2017-04-19,31.487,125.45
2017-04-20,8.742,58.1
2017-04-21,12.955,82.67
2017-04-22,6.496,52.67
2017-04-23,0.091,23.51
2017-04-24,2.091,29.1
2017-04-25,40.992,110.8
2017-04-26,25.241,136.98
2017-04-27,46.41,167.73
2017-04-28,1.348,53.24
2017-04-29,0.0,0.0
2017-04-30,20.077,103.33
2017-05-01,0.02,9.58
2017-05-02,15.59,61.11
2017-05-03,0.0,0.0
2017-05-04,4.452,40.59
2017-05-05,3.256,56.94
2017-05-06,0.032,15.48
2017-05-07,0.148,13.19
2017-05-08,21.361,77.56
2017-05-09,11.916,85.51
2017-05-10,26.342,85.21
2017-05-11,0.075,24.09
2017-05-12,3.943,67.35
2017-05-13,20.132,88.28
2017-05-14,28.605,96.31
2017-05-15,7.775,67.35
2017-05-16,13.5,55.31
2017-05-17,9.278,66.39
2017-05-18,10.847,76.79
2017-05-19,1.768,39.05
2017-05-20,0.132,13.69
2017-05-21,7.353,47.34
2017-05-22,6.0,54.58
2017-05-23,0.148,32.48
2017-05-24,0.0,0.0
2017-05-25,0.0,0.0
2017-05-26,0.053,8.32
2017-05-27,0.086,7.9
2017-05-28,0.0,0.0
2017-05-29,0.0,0.0
2017-05-30,0.0,0.0
2017-05-31,0.0,0.0
2017-06-01,0.018,5.22
2017-06-02,0.0,0.0
2017-06-03,0.0,0.0
2017-06-04,0.0,0.0
2017-06-05,0.0,0.0
2017-06-06,0.473,6.76
2017-06-07,0.731,8.23
2017-06-08,3.207,30.04
2017-06-09,3.724,42.63
2017-06-10,3.423,33.32
2017-06-11,0.163,7.55
2017-06-12,0.148,23.4
2017-06-13,1.885,30.07
2017-06-14,0.316,15.29
2017-06-15,0.0,0.0
2017-06-16,0.028,3.72
2017-06-17,0.0,0.0
2017-06-18,0.184,6.69
2017-06-19,0.521,8.62
2017-06-20,5.246,67.75
2017-06-21,0.372,19.67
2017-06-22,0.046,7.06
2017-06-23,1.197,10.51
2017-06-24,0.163,20.02
2017-06-25,0.0,0.0
2017-06-26,0.0,0.0
2017-06-27,0.097,6.94
2017-06-28,0.478,7.83
2017-06-29,0.0,0.0
2017-06-30,0.0,0.0
2017-07-01,0.0,0.0
2017-07-02,0.116,5.13
2017-07-03,0.142,5.31
2017-07-04,0.304,5.92
2017-07-05,0.542,6.34
2017-07-06,0.0,0.0
2017-07-07,0.037,2.93
2017-07-08,0.0,0.0
2017-07-09,0.0,0.0
2017-07-10,0.055,3.47
2017-07-11,0.012,3.18
2017-07-12,0.0,0.0
2017-07-13,0.0,0.0
2017-07-14,0.0,0.0
2017-07-15,0.0,0.0
2017-07-16,0.0,0.0
2017-07-17,0.0,0.0
2017-07-18,0.103,5.28
2017-07-19,0.0,0.0
2017-07-20,0.0,0.0
2017-07-21,0.0,0.0
2017-07-22,0.0,0.0
2017-07-23,0.0,0.0
2017-07-24,0.0,0.0
2017-07-25,0.803,6.93
2017-07-26,0.748,7.4
2017-07-27,0.0,0.0
2017-07-28,0.0,0.0
2017-07-29,0.0,0.0
2017-07-30,0.0,0.0
2017-07-31,0.037,4.62
2017-08-01,0.0,0.0
2017-08-02,0.109,5.68
2017-08-03,0.045,6.2
2017-08-04,0.0,0.0
2017-08-05,0.059,5.45
2017-08-06,0.0,0.0
2017-08-07,0.071,6.39
2017-08-08,0.0,0.0
2017-08-09,0.0,0.0
2017-08-10,0.0,0.0
2017-08-11,0.0,0.0
2017-08-12,0.145,7.0
2017-08-13,0.0,0.0
2017-08-14,0.0,0.0
2017-08-15,0.0,0.0
2017-08-16,0.213,9.0
2017-08-17,0.0,0.0
2017-08-18,0.0,0.0
2017-08-19,0.018,3.19
2017-08-20,0.074,5.2
2017-08-21,1.638,14.04
2017-08-22,1.644,18.42
2017-08-23,0.013,6.34
2017-08-24,0.0,0.0
2017-08-25,0.0,0.0
2017-08-26,0.075,4.95
2017-08-27,0.0,0.0
2017-08-28,0.0,0.0
2017-08-29,0.083,3.24
2017-08-30,0.462,8.3
2017-08-31,0.0,0.0
2017-09-01,0.14,4.51
2017-09-02,0.0,0.0
2017-09-03,0.0,0.0
2017-09-04,0.0,0.0
2017-09-05,0.0,0.0
2017-09-06,0.0,0.0
2017-09-07,0.0,0.0
2017-09-08,0.0,0.0
2017-09-09,0.0,0.0
2017-09-10,0.079,4.07
2017-09-11,0.674,12.93
2017-09-12,2.39,12.78
2017-09-13,2.078,27.81
2017-09-14,0.269,9.38
2017-09-15,0.194,6.19
2017-09-16,0.073,3.93
2017-09-17,0.0,0.0
2017-09-18,0.012,3.06
2017-09-19,0.0,0.0
2017-09-20,0.0,0.0
2017-09-21,0.005,2.45
2017-09-22,0.0,0.0
2017-09-23,0.206,6.94
2017-09-24,0.078,5.23
2017-09-25,0.06,6.92
2017-09-26,0.0,0.0
2017-09-27,0.0,0.0
2017-09-28,0.149,4.58
2017-09-29,0.0,0.0
2017-09-30,0.138,6.04
2017-10-01,0.0,0.0
2017-10-02,0.0,0.0
2017-10-03,0.093,5.24
2017-10-04,0.432,10.43
2017-10-05,0.0,0.0
2017-10-06,0.219,5.44
2017-10-07,0.0,0.0
2017-10-08,0.009,4.52
2017-10-09,0.049,4.53
2017-10-10,0.0,0.0
2017-10-11,0.0,0.0
2017-10-12,0.033,5.69
2017-10-13,0.0,0.0
2017-10-14,0.0,0.0
2017-10-15,0.0,0.0
2017-10-16,0.116,6.57
2017-10-17,0.195,7.04
2017-10-18,0.0,0.0
2017-10-19,0.0,0.0
2017-10-20,0.0,0.0
2017-10-21,0.0,0.0
2017-10-22,0.0,0.0
2017-10-23,0.0,0.0
2017-10-24,0.0,0.0
2017-10-25,0.0,0.0
2017-10-26,0.174,6.64
2017-10-27,0.044,5.76
2017-10-28,4.028,13.88
2017-10-29,0.829,9.69
2017-10-30,0.518,10.81
2017-10-31,0.0,0.0
2017-11-01,0.0,0.0
2017-11-02,0.977,6.86
2017-11-03,0.0,0.0
2017-11-04,0.0,0.0
2017-11-05,0.0,0.0
2017-11-06,0.0,0.0
2017-11-07,0.018,4.38
2017-11-08,0.0,0.0
2017-11-09,0.0,0.0
2017-11-10,0.144,2.51
2017-11-11,0.592,4.65
2017-11-12,0.0,0.0
2017-11-13,0.0,0.0
2017-11-14,0.0,0.0
2017-11-15,0.0,0.0
2017-11-16,0.025,2.87
2017-11-17,0.138,10.46
2017-11-18,0.0,0.0
2017-11-19,0.0,0.0
2017-11-20,0.358,7.18
2017-11-21,1.343,17.83
2017-11-22,0.0,0.0
2017-11-23,1.177,8.27
2017-11-24,0.0,0.0
2017-11-25,0.0,0.0
2017-11-26,0.0,0.0
2017-11-27,0.0,0.0
2017-11-28,0.0,0.0
2017-11-29,0.0,0.0
2017-11-30,0.383,5.7
2017-12-01,0.0,0.0
2017-12-02,0.25,13.9
2017-12-03,0.0,0.0
2017-12-04,0.016,7.72
2017-12-05,0.0,0.0
2017-12-06,0.0,0.0
2017-12-07,0.0,0.0
2017-12-08,0.441,8.81
2017-12-09,0.0,0.0
2017-12-10,0.416,8.59
2017-12-11,2.926,19.6
2017-12-12,6.273,28.01
2017-12-13,0.0,0.0
2017-12-14,0.099,8.56
2017-12-15,0.679,10.86
2017-12-16,0.0,0.0
2017-12-17,0.0,0.0
2017-12-18,0.027,6.64
2017-12-19,0.0,0.0
2017-12-20,0.111,8.28
2017-12-21,1.783,11.03
2017-12-22,0.0,0.0
2017-12-23,0.0,0.0
2017-12-24,0.0,0.0
2017-12-25,0.108,8.22
2017-12-26,1.749,10.39
2017-12-27,1.027,7.61
2017-12-28,0.411,8.14
2017-12-29,2.271,49.87
2017-12-30,10.016,62.07
2017-12-31,6.711,53.96
2018-01-01,67.448,240.46
2018-01-02,0.062,10.88
2018-01-03,0.01,4.87
2018-01-04,3.46,20.17
2018-01-05,11.151,106.37
2018-01-06,7.306,63.25
2018-01-07,0.0,0.0
2018-01-08,0.0,0.0
2018-01-09,0.038,6.43
2018-01-10,0.924,12.61
2018-01-11,0.0,0.0
2018-01-12,0.0,0.0
2018-01-13,1.053,8.53
2018-01-14,4.008,119.38
2018-01-15,3.76,56.6
2018-01-16,0.182,63.47
2018-01-17,1.334,69.28
2018-01-18,3.99,14.27
2018-01-19,0.0,0.0
2018-01-20,0.298,9.13
2018-01-21,0.0,0.0
2018-01-22,0.0,0.0
2018-01-23,0.932,59.38
2018-01-24,0.917,9.09
2018-01-25,0.0,0.0
2018-01-26,1.542,9.62
2018-01-27,0.0,0.0
2018-01-28,0.0,0.0
2018-01-29,0.0,0.0
2018-01-30,0.131,7.84
2018-01-31,3.624,13.13
2018-02-01,0.57,12.53
2018-02-02,5.676,17.09
2018-02-03,4.03,22.68
2018-02-04,10.637,24.03
2018-02-05,11.166,25.55
2018-02-06,7.335,17.22
2018-02-07,4.464,12.81
2018-02-08,4.72,13.72
2018-02-09,6.39,20.23
2018-02-10,7.893,24.64
2018-02-11,3.265,22.98
2018-02-12,6.896,15.21
2018-02-13,1.487,14.38
2018-02-14,1.004,15.36
2018-02-15,8.82,29.0
2018-02-16,4.135,30.3
2018-02-17,0.53,11.89
2018-02-18,14.812,223.8
2018-02-19,14.976,173.72
2018-02-20,31.483,238.24
2018-02-21,13.879,105.67
2018-02-22,15.648,207.61
2018-02-23,11.876,98.94
2018-02-24,7.194,174.3
2018-02-25,1.501,99.64
2018-02-26,0.503,10.77
2018-02-27,1.11,39.49
2018-02-28,2.468,82.52
2018-03-01,0.0,0.0
2018-03-02,2.462,66.4
2018-03-03,3.27,78.61
2018-03-04,0.0,0.0
2018-03-05,0.892,62.11
2018-03-06,1.175,16.33
2018-03-07,0.0,0.0
2018-03-08,0.0,0.0
2018-03-09,2.224,42.92
2018-03-10,0.0,0.0
2018-03-11,0.0,0.0
2018-03-12,0.0,0.0
2018-03-13,0.328,61.14
2018-03-14,2.557,39.33
2018-03-15,7.697,65.71
2018-03-16,8.437,105.55
2018-03-17,24.105,103.91
2018-03-18,9.863,103.52
2018-03-19,0.93,33.63
2018-03-20,6.141,77.08
2018-03-21,5.395,57.4
2018-03-22,6.605,56.93
2018-03-23,28.115,98.51
2018-03-24,2.37,72.18
2018-03-25,0.357,23.89
2018-03-26,1.72,48.55
2018-03-27,0.334,25.04
2018-03-28,3.266,49.32
2018-03-29,4.531,32.48
2018-03-30,1.531,43.09
2018-03-31,22.927,116.33
2018-04-01,23.367,109.7
2018-04-02,0.887,34.04
2018-04-03,0.965,32.12
2018-04-04,1.956,52.75
2018-04-05,23.284,91.31
2018-04-06,12.546,73.27
2018-04-07,10.157,83.2
2018-04-08,0.602,13.46
2018-04-09,1.019,21.99
2018-04-10,0.0,0.0
2018-04-11,0.0,0.0
2018-04-12,0.013,6.43
2018-04-13,3.906,56.91
2018-04-14,0.0,0.0
2018-04-15,0.0,0.0
2018-04-16,0.0,0.0
2018-04-17,0.236,10.66
2018-04-18,0.0,0.0
2018-04-19,0.0,0.0
2018-04-20,0.474,10.75
2018-04-21,0.0,0.0
2018-04-22,0.0,0.0
2018-04-23,0.778,19.52
2018-04-24,0.0,0.0
2018-04-25,0.308,37.19
2018-04-26,0.0,0.0
2018-04-27,0.035,8.92
2018-04-28,10.364,45.6
2018-04-29,1.134,63.88
2018-04-30,5.448,52.52
2018-05-01,0.201,38.23
2018-05-02,2.084,47.88
2018-05-03,1.385,18.01
2018-05-04,0.494,13.54
2018-05-05,18.256,122.42
2018-05-06,0.293,56.37
2018-05-07,0.322,30.71
2018-05-08,0.372,8.65
2018-05-09,6.105,96.62
2018-05-10,1.187,76.23
2018-05-11,14.448,90.92
2018-05-12,0.093,10.72
2018-05-13,4.073,26.08
2018-05-14,0.88,25.07
2018-05-15,0.0,0.0
2018-05-16,1.649,37.35
2018-05-17,0.0,0.0
2018-05-18,2.677,13.17
2018-05-19,0.528,7.4
2018-05-20,0.0,0.0
2018-05-21,3.248,21.84
2018-05-22,0.0,0.0
2018-05-23,0.147,7.3
2018-05-24,1.276,70.2
2018-05-25,0.737,9.81
2018-05-26,0.044,7.6
2018-05-27,1.236,7.96
2018-05-28,3.655,11.62
2018-05-29,0.914,12.9
2018-05-30,0.148,7.64
2018-05-31,0.037,6.24
2018-06-01,0.169,4.72
2018-06-02,0.319,6.23
2018-06-03,0.0,0.0
2018-06-04,0.159,7.17
2018-06-05,0.0,0.0
2018-06-06,0.305,6.49
2018-06-07,0.215,5.78
2018-06-08,0.013,6.44
2018-06-09,0.049,5.32
2018-06-10,0.0,0.0
2018-06-11,0.024,5.57
2018-06-12,2.163,9.29
2018-06-13,0.0,0.0
2018-06-14,0.368,10.08
2018-06-15,0.0,0.0
2018-06-16,0.314,4.65
2018-06-17,0.119,5.77
2018-06-18,0.0,0.0
2018-06-19,0.0,0.0
2018-06-20,2.148,6.27
2018-06-21,0.028,3.45
2018-06-22,0.0,0.0
2018-06-23,0.0,0.0
2018-06-24,0.0,0.0
2018-06-25,5.78,11.43
2018-06-26,0.074,5.56
2018-06-27,0.522,6.98
2018-06-28,0.069,5.85
2018-06-29,0.0,0.0
2018-06-30,0.0,0.0
2018-07-01,1.36,8.74
2018-07-02,0.0,0.0
2018-07-03,0.0,0.0
2018-07-04,0.0,0.0
2018-07-05,0.072,6.17
2018-07-06,0.0,0.0
2018-07-07,0.167,4.49
2018-07-08,0.17,5.32
2018-07-09,0.0,0.0
2018-07-10,0.11,5.62
2018-07-11,0.0,0.0
2018-07-12,0.0,0.0
2018-07-13,0.0,0.0
2018-07-14,0.0,0.0
2018-07-15,0.0,0.0
2018-07-16,0.0,0.0
2018-07-17,0.0,0.0
2018-07-18,0.049,3.99
2018-07-19,0.0,0.0
2018-07-20,0.0,0.0
2018-07-21,0.0,0.0
2018-07-22,0.099,3.96
2018-07-23,0.0,0.0
2018-07-24,0.0,0.0
2018-07-25,0.0,0.0
2018-07-26,0.0,0.0
2018-07-27,0.0,0.0
2018-07-28,0.0,0.0
2018-07-29,0.0,0.0
2018-07-30,0.103,5.04
2018-07-31,0.746,7.63
2018-08-01,0.119,4.42
2018-08-02,0.192,6.12
2018-08-03,0.157,5.94
2018-08-04,0.979,17.2
2018-08-05,0.099,5.52
2018-08-06,0.0,0.0
2018-08-07,0.0,0.0
2018-08-08,0.052,6.58
2018-08-09,0.0,0.0
2018-08-10,0.569,6.7
2018-08-11,0.059,6.74
2018-08-12,0.0,0.0
2018-08-13,0.0,0.0
2018-08-14,0.006,2.83
2018-08-15,0.037,3.04
2018-08-16,0.644,9.21
2018-08-17,0.51,3.46
2018-08-18,0.268,1.12
2018-08-19,0.215,0.87
2018-08-20,0.155,4.61
2018-08-21,0.117,6.3
2018-08-22,0.0,0.0
2018-08-23,0.0,0.0
2018-08-24,0.281,5.03
2018-08-25,0.0,0.0
2018-08-26,0.0,0.0
2018-08-27,0.794,9.27
2018-08-28,0.0,0.0
2018-08-29,0.022,3.25
2018-08-30,0.0,0.0
2018-08-31,0.094,3.0
2018-09-01,0.0,0.0
2018-09-02,0.549,4.17
2018-09-03,0.0,0.0
2018-09-04,2.808,26.39
2018-09-05,0.0,0.0
2018-09-06,0.0,0.0
2018-09-07,0.0,0.0
2018-09-08,0.0,0.0
2018-09-09,0.0,0.0
2018-09-10,0.0,0.0
2018-09-11,0.0,0.0
2018-09-12,0.159,4.8
2018-09-13,0.057,3.7
2018-09-14,0.152,8.38
2018-09-15,0.24,6.07
2018-09-16,1.709,10.14
2018-09-17,0.07,6.72
2018-09-18,0.0,0.0
2018-09-19,0.0,0.0
2018-09-20,0.02,3.75
2018-09-21,0.007,3.21
2018-09-22,0.075,7.1
2018-09-23,0.0,0.0
2018-09-24,0.0,0.0
2018-09-25,0.0,0.0
2018-09-26,0.637,4.6
2018-09-27,0.02,3.86
2018-09-28,0.0,0.0
2018-09-29,0.036,4.75
2018-09-30,0.0,0.0
2018-10-01,0.046,7.18
2018-10-02,0.011,5.21
2018-10-03,0.0,0.0
2018-10-04,0.0,0.0
2018-10-05,0.187,4.84
2018-10-06,0.339,11.64
2018-10-07,0.207,20.67
2018-10-08,0.159,5.5
2018-10-09,0.766,39.24
2018-10-10,2.539,17.29
2018-10-11,0.994,10.91
2018-10-12,0.0,0.0
2018-10-13,0.822,13.67
2018-10-14,0.104,6.43
2018-10-15,0.0,0.0
2018-10-16,0.0,0.0
2018-10-17,0.0,0.0
2018-10-18,0.012,5.85
2018-10-19,0.532,16.19
2018-10-20,1.059,18.28
2018-10-21,0.25,20.54
2018-10-22,0.019,2.92
2018-10-23,0.0,0.0
2018-10-24,1.959,10.07
2018-10-25,0.406,7.18
2018-10-26,1.515,14.52
2018-10-27,0.0,0.0
2018-10-28,0.268,5.91
2018-10-29,0.0,0.0
2018-10-30,0.083,5.41
2018-10-31,0.0,0.0
2018-11-01,0.0,0.0
2018-11-02,0.0,0.0
2018-11-03,0.046,6.3
2018-11-04,0.0,0.0
2018-11-05,0.378,4.72
2018-11-06,0.015,7.34
2018-11-07,0.0,0.0
2018-11-08,0.085,3.63
2018-11-09,0.0,0.0
2018-11-10,0.134,3.79
2018-11-11,0.0,0.0
2018-11-12,0.219,3.82
2018-11-13,0.097,8.41
2018-11-14,0.0,0.0
2018-11-15,0.0,0.0
2018-11-16,0.0,0.0
2018-11-17,0.074,12.2
2018-11-18,0.067,5.42
2018-11-19,0.131,14.3
2018-11-20,0.458,10.67
2018-11-21,0.063,5.24
2018-11-22,1.682,9.11
2018-11-23,0.0,0.0
2018-11-24,0.0,0.0
2018-11-25,0.0,0.0
2018-11-26,0.807,7.1
2018-11-27,1.156,7.89
2018-11-28,0.0,0.0
2018-11-29,2.032,13.0
2018-11-30,0.0,0.0
2018-12-01,0.0,0.0
2018-12-02,0.039,18.99
2018-12-03,1.671,10.65
2018-12-04,0.053,7.04
2018-12-05,0.048,15.39
2018-12-06,0.0,0.0
2018-12-07,0.823,13.11
2018-12-08,0.142,10.05
2018-12-09,0.0,0.0
2018-12-10,0.36,10.5
2018-12-11,2.623,52.58
2018-12-12,2.589,76.59
2018-12-13,0.654,9.78
2018-12-14,1.147,9.53
2018-12-15,8.056,111.24
2018-12-16,0.0,0.0
2018-12-17,0.0,0.0
2018-12-18,0.375,10.16
2018-12-19,0.495,10.17
2018-12-20,0.085,9.36
2018-12-21,7.306,22.23
2018-12-22,7.023,22.6
2018-12-23,6.477,25.84
2018-12-24,4.211,19.23
2018-12-25,2.994,15.45
2018-12-26,0.316,7.6
2018-12-27,0.791,10.18
2018-12-28,5.031,16.18
2018-12-29,6.638,18.69
2018-12-30,3.117,14.53
2018-12-31,1.148,9.89
2019-01-01,0.009,4.34
2019-01-02,0.0,0.0
2019-01-03,0.0,0.0
2019-01-04,0.049,10.04
2019-01-05,1.492,61.94
2019-01-06,5.742,221.9
2019-01-07,108.01,349.0
2019-01-08,47.865,225.13
2019-01-09,0.809,60.43
2019-01-10,10.155,167.05
2019-01-11,2.787,81.09
2019-01-12,19.538,150.1
2019-01-13,0.0,0.0
2019-01-14,1.33,111.65
2019-01-15,4.677,113.72
2019-01-16,0.011,5.56
2019-01-17,0.025,7.24
2019-01-18,0.0,0.0
2019-01-19,0.009,4.43
2019-01-20,0.0,0.0
2019-01-21,0.043,8.4
2019-01-22,0.046,8.75
2019-01-23,0.0,0.0
2019-01-24,0.0,0.0
2019-01-25,0.0,0.0
2019-01-26,0.049,9.5
2019-01-27,0.074,14.37
2019-01-28,0.258,47.73
2019-01-29,14.657,236.61
2019-01-30,135.716,356.67
2019-01-31,3.333,88.46
2019-02-01,1.69,42.72
2019-02-02,1.744,18.68
2019-02-03,1.325,13.45
2019-02-04,0.152,7.38
2019-02-05,0.288,12.34
2019-02-06,8.89,102.93
2019-02-07,0.31,9.12
2019-02-08,2.782,76.64
2019-02-09,1.142,14.77
2019-02-10,2.148,55.27
2019-02-11,1.392,15.08
2019-02-12,8.441,170.98
2019-02-13,14.757,181.43
2019-02-14,35.699,269.67
2019-02-15,0.252,68.82
2019-02-16,0.213,10.43
2019-02-17,1.648,43.78
2019-02-18,15.01,120.58
2019-02-19,5.965,94.21
2019-02-20,20.19,191.3
2019-02-21,31.478,166.88
2019-02-22,1.268,55.61
2019-02-23,9.744,99.55
2019-02-24,27.914,152.23
2019-02-25,0.854,161.15
2019-02-26,35.229,131.73
2019-02-27,3.935,81.84
2019-02-28,5.694,89.4
2019-03-01,18.461,76.37
2019-03-02,10.322,47.68
2019-03-03,17.184,61.75
2019-03-04,20.159,54.41
2019-03-05,18.963,79.33
2019-03-06,17.819,58.95
2019-03-07,17.956,60.63
2019-03-08,0.152,15.13
2019-03-09,0.169,16.03
2019-03-10,7.713,37.7
2019-03-11,2.936,31.9
2019-03-12,5.241,31.6
2019-03-13,30.123,67.5
2019-03-14,30.889,57.01
2019-03-15,14.357,37.09
2019-03-16,29.214,84.8
2019-03-17,43.638,110.51
2019-03-18,3.08,26.74
2019-03-19,19.179,65.2
2019-03-20,4.608,65.52
2019-03-21,17.508,78.42
2019-03-22,44.343,91.91
2019-03-23,0.952,30.02
2019-03-24,6.688,43.4
2019-03-25,0.801,43.39
2019-03-26,0.0,0.0
2019-03-27,3.78,43.34
2019-03-28,0.0,0.0
2019-03-29,0.0,0.0
2019-03-30,0.238,26.83
2019-03-31,0.076,11.49
2019-04-01,3.1,60.09
2019-04-02,0.0,0.0
2019-04-03,12.57,76.28
2019-04-04,10.141,62.43
2019-04-05,0.351,48.2
2019-04-06,0.586,16.88
2019-04-07,0.036,17.74
2019-04-08,0.136,6.4
2019-04-09,0.0,0.0
2019-04-10,0.0,0.0
2019-04-11,0.282,20.2
2019-04-12,0.0,0.0
2019-04-13,0.0,0.0
2019-04-14,0.059,8.74
2019-04-15,2.225,30.16
2019-04-16,0.064,11.06
2019-04-17,5.728,49.5
2019-04-18,0.425,9.65
2019-04-19,8.77,69.12
2019-04-20,0.037,17.9
2019-04-21,5.775,17.12
2019-04-22,12.557,34.37
2019-04-23,12.138,38.19
2019-04-24,7.271,24.39
2019-04-25,3.408,11.49
2019-04-26,2.293,36.99
2019-04-27,14.825,54.27
2019-04-28,5.211,52.2
2019-04-29,2.082,39.09
2019-04-30,8.149,65.2
2019-05-01,11.874,72.97
2019-05-02,4.04,91.36
2019-05-03,4.345,78.55
2019-05-04,0.31,26.87
2019-05-05,0.0,0.0
2019-05-06,0.0,0.0
2019-05-07,0.0,0.0
2019-05-08,0.0,0.0
2019-05-09,0.0,0.0
2019-05-10,0.432,33.36
2019-05-11,0.031,8.03
2019-05-12,1.711,34.11
2019-05-13,3.687,43.71
2019-05-14,3.777,42.48
2019-05-15,7.747,37.38
2019-05-16,11.412,70.94
2019-05-17,0.355,25.65
2019-05-18,0.023,5.97
2019-05-19,6.517,37.89
2019-05-20,0.215,10.44
2019-05-21,1.292,46.68
2019-05-22,0.027,6.68
2019-05-23,0.014,6.6
2019-05-24,1.586,30.47
2019-05-25,0.0,0.0
2019-05-26,3.896,36.98
2019-05-27,0.326,12.98
2019-05-28,0.443,25.23
2019-05-29,10.332,79.0
2019-05-30,0.469,21.31
2019-05-31,0.152,13.1
2019-06-01,3.169,11.22
2019-06-02,0.376,22.0
2019-06-03,1.884,34.12
2019-06-04,0.034,8.55
2019-06-05,0.399,10.91
2019-06-06,0.0,0.0
2019-06-07,0.017,4.11
2019-06-08,0.0,0.0
2019-06-09,0.48,8.52
2019-06-10,0.0,0.0
2019-06-11,0.605,13.72
2019-06-12,0.917,19.18
2019-06-13,1.25,26.06
2019-06-14,1.222,24.53
2019-06-15,1.462,31.66
2019-06-16,0.024,4.03
2019-06-17,2.616,8.93
2019-06-18,0.62,9.78
2019-06-19,1.324,8.08
2019-06-20,0.011,5.4
2019-06-21,1.273,12.26
2019-06-22,0.029,3.79
2019-06-23,0.0,0.0
2019-06-24,0.1,5.45
2019-06-25,4.462,14.82
2019-06-26,0.03,7.56
2019-06-27,0.0,0.0
2019-06-28,0.091,7.28
2019-06-29,4.743,10.67
2019-06-30,1.223,8.49
2019-07-01,0.418,6.8
2019-07-02,0.283,5.51
2019-07-03,0.0,0.0
2019-07-04,0.803,6.4
2019-07-05,0.0,0.0
2019-07-06,0.0,0.0
2019-07-07,0.114,4.59
2019-07-08,0.012,3.46
2019-07-09,0.0,0.0
2019-07-10,0.057,3.03
2019-07-11,0.0,0.0
2019-07-12,0.0,0.0
2019-07-13,0.0,0.0
2019-07-14,0.284,6.0
2019-07-15,0.0,0.0
2019-07-16,0.0,0.0
2019-07-17,0.0,0.0
2019-07-18,0.0,0.0
2019-07-19,0.0,0.0
2019-07-20,0.0,0.0
2019-07-21,0.0,0.0
2019-07-22,0.0,0.0
2019-07-23,0.0,0.0
2019-07-24,0.0,0.0
2019-07-25,0.374,5.98
2019-07-26,0.0,0.0
2019-07-27,0.75,6.92
2019-07-28,0.109,4.89
2019-07-29,0.0,0.0
2019-07-30,0.0,0.0
2019-07-31,0.0,0.0
2019-08-01,0.0,0.0
2019-08-02,0.0,0.0
2019-08-03,0.111,4.88
2019-08-04,0.516,7.55
2019-08-05,0.0,0.0
2019-08-06,0.0,0.0
2019-08-07,0.024,3.03
2019-08-08,0.021,5.63
2019-08-09,0.0,0.0
2019-08-10,0.0,0.0
2019-08-11,0.0,0.0
2019-08-12,0.0,0.0
2019-08-13,0.0,0.0
2019-08-14,0.546,8.9
2019-08-15,0.705,7.41
2019-08-16,0.008,4.11
2019-08-17,0.557,5.38
2019-08-18,0.0,0.0
2019-08-19,0.0,0.0
2019-08-20,0.013,6.3
2019-08-21,0.0,0.0
2019-08-22,0.099,5.27
2019-08-23,0.0,0.0
2019-08-24,0.004,2.05
2019-08-25,0.0,0.0
2019-08-26,0.0,0.0
2019-08-27,0.006,2.72
2019-08-28,0.921,9.87
2019-08-29,0.0,0.0
2019-08-30,0.0,0.0
2019-08-31,0.0,0.0
2019-09-01,0.0,0.0
2019-09-02,0.0,0.0
2019-09-03,0.0,0.0
2019-09-04,0.0,0.0
2019-09-05,0.0,0.0
2019-09-06,0.0,0.0
2019-09-07,0.0,0.0
2019-09-08,0.0,0.0
2019-09-09,0.0,0.0
2019-09-10,0.0,0.0
2019-09-11,0.0,0.0
2019-09-12,0.0,0.0
2019-09-13,0.0,0.0
2019-09-14,0.0,0.0
2019-09-15,0.0,0.0
2019-09-16,0.0,0.0
2019-09-17,0.0,0.0
2019-09-18,0.985,10.34
2019-09-19,0.49,4.32
2019-09-20,4.08,12.64
2019-09-21,2.768,13.54
2019-09-22,0.763,4.93
2019-09-23,0.819,6.77
2019-09-24,0.297,3.25
2019-09-25,0.0,0.0
2019-09-26,0.117,4.01
2019-09-27,0.0,0.0
2019-09-28,0.02,2.69
2019-09-29,0.0,0.0
2019-09-30,0.0,0.0
2019-10-01,1.035,16.34
2019-10-02,1.675,11.7
2019-10-03,1.905,20.39
2019-10-04,0.0,0.0
2019-10-05,0.045,4.65
2019-10-06,2.097,11.06
2019-10-07,0.0,0.0
2019-10-08,0.389,26.11
2019-10-09,0.0,0.0
2019-10-10,0.0,0.0
2019-10-11,0.0,0.0
2019-10-12,0.0,0.0
2019-10-13,0.688,10.2
2019-10-14,0.0,0.0
2019-10-15,0.064,5.82
2019-10-16,0.117,8.21
2019-10-17,0.109,3.74
2019-10-18,0.0,0.0
2019-10-19,0.443,9.61
2019-10-20,0.0,0.0
2019-10-21,0.0,0.0
2019-10-22,0.217,5.16
2019-10-23,0.114,8.01
2019-10-24,0.135,10.07
2019-10-25,0.0,0.0
2019-10-26,0.0,0.0
2019-10-27,0.0,0.0
2019-10-28,0.0,0.0
2019-10-29,0.0,0.0
2019-10-30,0.167,5.89
2019-10-31,0.067,3.43
2019-11-01,0.0,0.0
2019-11-02,0.748,15.11
2019-11-03,0.0,0.0
2019-11-04,0.0,0.0
2019-11-05,0.0,0.0
2019-11-06,0.0,0.0
2019-11-07,0.102,7.15
2019-11-08,0.095,6.54
2019-11-09,0.0,0.0
2019-11-10,0.089,6.4
2019-11-11,1.944,6.37
2019-11-12,0.779,3.75
2019-11-13,0.557,2.88
2019-11-14,0.756,2.92
2019-11-15,0.461,1.93
2019-11-16,1.197,9.69
2019-11-17,0.114,3.77
2019-11-18,0.0,0.0
2019-11-19,0.0,0.0
2019-11-20,0.634,8.27
2019-11-21,0.154,6.44
2019-11-22,0.119,4.63
2019-11-23,6.277,21.51
2019-11-24,0.0,0.0
2019-11-25,0.0,0.0
2019-11-26,0.0,0.0
2019-11-27,0.0,0.0
2019-11-28,0.0,0.0
2019-11-29,0.039,7.48
2019-11-30,0.008,3.9
2019-12-01,0.0,0.0
2019-12-02,0.0,0.0
2019-12-03,0.057,8.21
2019-12-04,0.125,8.11
2019-12-05,2.292,90.1
2019-12-06,2.476,13.79
2019-12-07,0.347,58.94
2019-12-08,2.02,10.25
2019-12-09,0.544,9.04
2019-12-10,0.0,0.0
2019-12-11,0.961,10.4
2019-12-12,4.612,18.24
2019-12-13,2.895,16.98
2019-12-14,0.0,0.0
2019-12-15,0.033,16.08
2019-12-16,0.0,0.0
2019-12-17,0.574,9.2
2019-12-18,3.561,13.54
2019-12-19,0.063,6.7
2019-12-20,0.0,0.0
2019-12-21,0.377,7.69
2019-12-22,0.0,0.0
2019-12-23,2.635,8.55
2019-12-24,0.0,0.0
2019-12-25,3.953,12.76
2019-12-26,0.382,8.29
2019-12-27,1.55,9.67
2019-12-28,0.014,6.85
2019-12-29,6.738,88.73
2019-12-30,8.967,16.93
2019-12-31,11.444,72.3
2020-01-01,4.318,87.61
2020-01-02,0.13,7.43
2020-01-03,0.097,11.44
2020-01-04,0.0,0.0
2020-01-05,0.496,9.93
2020-01-06,0.021,6.46
2020-01-07,0.167,7.42
2020-01-08,0.88,13.59
2020-01-09,0.229,8.82
2020-01-10,0.0,0.0
2020-01-11,0.0,0.0
2020-01-12,0.387,8.33
2020-01-13,0.078,8.34
2020-01-14,0.0,0.0
2020-01-15,0.48,8.82
2020-01-16,0.0,0.0
2020-01-17,0.0,0.0
2020-01-18,0.0,0.0
2020-01-19,0.0,0.0
2020-01-20,1.124,17.73
2020-01-21,131.683,320.72
2020-01-22,0.149,45.79
2020-01-23,4.625,173.84
2020-01-24,4.515,70.03
2020-01-25,2.346,78.91
2020-01-26,32.727,150.48
2020-01-27,7.995,126.06
2020-01-28,5.275,63.44
2020-01-29,16.29,191.53
2020-01-30,0.078,37.9
2020-01-31,19.749,217.75
2020-02-01,4.628,89.98
2020-02-02,7.645,117.17
2020-02-03,16.841,123.54
2020-02-04,1.117,69.61
2020-02-05,0.05,9.24
2020-02-06,0.838,41.69
2020-02-07,0.0,0.0
2020-02-08,0.074,12.83
2020-02-09,7.983,86.95
2020-02-10,4.248,97.06
2020-02-11,0.0,0.0
2020-02-12,0.0,0.0
2020-02-13,0.06,9.93
2020-02-14,12.716,109.34
2020-02-15,0.685,57.88
2020-02-16,0.0,0.0
2020-02-17,0.0,0.0
2020-02-18,0.0,0.0
2020-02-19,0.0,0.0
2020-02-20,4.994,70.37
2020-02-21,5.079,91.36
2020-02-22,23.435,98.4
2020-02-23,25.719,135.07
2020-02-24,108.566,244.04
2020-02-25,0.057,10.07
2020-02-26,1.521,44.51
2020-02-27,13.412,94.7
2020-02-28,57.791,154.43
2020-02-29,65.073,182.46
2020-03-01,1.452,9.8
2020-03-02,1.077,65.53
2020-03-03,0.0,0.0
2020-03-04,6.247,109.77
2020-03-05,2.758,68.92
2020-03-06,18.772,158.32
2020-03-07,4.97,70.99
2020-03-08,42.76,171.83
2020-03-09,0.148,46.05
2020-03-10,1.425,58.45
2020-03-11,3.519,73.47
2020-03-12,13.539,141.81
2020-03-13,13.358,172.46
2020-03-14,29.881,189.54
2020-03-15,0.0,0.0
2020-03-16,3.549,49.59
2020-03-17,0.819,35.72
2020-03-18,5.321,58.07
2020-03-19,1.682,35.53
2020-03-20,20.262,123.98
2020-03-21,6.073,31.83
2020-03-22,0.0,0.0
2020-03-23,0.15,8.86
2020-03-24,0.299,9.49
2020-03-25,0.26,28.34
2020-03-26,1.461,11.42
2020-03-27,2.418,15.36
2020-03-28,0.0,0.0
2020-03-29,0.128,8.17
2020-03-30,0.03,7.51
2020-03-31,1.026,12.51
2020-04-01,0.975,24.12
2020-04-02,0.529,30.93
2020-04-03,17.409,55.32
2020-04-04,0.0,0.0
2020-04-05,0.0,0.0
2020-04-06,4.914,51.79
2020-04-07,0.0,0.0
2020-04-08,0.0,0.0
2020-04-09,19.262,124.59
2020-04-10,0.206,15.64
2020-04-11,5.744,89.45
2020-04-12,19.926,99.01
2020-04-13,25.553,106.5
2020-04-14,27.146,93.79
2020-04-15,16.263,77.98
2020-04-16,9.172,91.93
2020-04-17,1.39,50.48
2020-04-18,26.319,111.71
2020-04-19,26.91,86.31
2020-04-20,0.691,42.89
2020-04-21,0.0,0.0
2020-04-22,0.0,0.0
2020-04-23,5.235,44.34
2020-04-24,0.746,48.09
2020-04-25,0.411,22.26
2020-04-26,0.0,0.0
2020-04-27,0.388,33.66
2020-04-28,4.275,66.21
2020-04-29,0.536,71.78
2020-04-30,0.0,0.0
2020-05-01,0.039,7.12
2020-05-02,0.027,6.9
2020-05-03,0.282,54.65
2020-05-04,4.517,57.56
2020-05-05,1.689,15.3
2020-05-06,0.172,27.54
2020-05-07,0.458,11.91
2020-05-08,1.745,31.39
2020-05-09,0.0,0.0
2020-05-10,0.0,0.0
2020-05-11,0.7,11.53
2020-05-12,11.122,53.85
2020-05-13,3.894,91.84
2020-05-14,0.024,5.97
2020-05-15,1.704,61.84
2020-05-16,0.19,8.25
2020-05-17,0.0,0.0
2020-05-18,0.0,0.0
2020-05-19,0.0,0.0
2020-05-20,1.821,8.11
2020-05-21,1.641,7.9
2020-05-22,3.878,7.67
2020-05-23,2.106,7.55
2020-05-24,0.535,5.88
2020-05-25,0.839,6.77
2020-05-26,0.0,0.0
2020-05-27,0.0,0.0
2020-05-28,0.532,8.25
2020-05-29,0.0,0.0
2020-05-30,5.402,13.41
2020-05-31,0.545,34.85
2020-06-01,1.952,16.3
2020-06-02,2.235,15.3
2020-06-03,1.759,10.3
2020-06-04,1.002,9.69
2020-06-05,0.286,2.68
2020-06-06,0.0,0.0
2020-06-07,0.0,0.0
2020-06-08,0.0,0.0
2020-06-09,0.103,10.32
2020-06-10,0.0,0.0
2020-06-11,2.336,6.51
2020-06-12,1.52,4.35
2020-06-13,0.28,1.59
2020-06-14,1.378,9.67
2020-06-15,0.751,3.59
2020-06-16,0.0,0.0
2020-06-17,0.0,0.0
2020-06-18,0.425,7.12
2020-06-19,0.0,0.0
2020-06-20,0.0,0.0
2020-06-21,1.536,22.68
2020-06-22,0.008,4.12
2020-06-23,0.0,0.0
2020-06-24,0.869,12.79
2020-06-25,0.038,5.91
2020-06-26,0.0,0.0
2020-06-27,0.83,24.17
2020-06-28,0.0,0.0
2020-06-29,0.025,4.18
2020-06-30,0.0,0.0
2020-07-01,0.0,0.0
2020-07-02,0.309,6.66
2020-07-03,0.974,6.47
2020-07-04,0.0,0.0
2020-07-05,0.375,17.28
2020-07-06,0.0,0.0
2020-07-07,0.065,5.18
2020-07-08,0.006,2.84
2020-07-09,0.0,0.0
2020-07-10,1.269,8.1
2020-07-11,0.635,9.79
2020-07-12,1.831,10.05
2020-07-13,0.241,21.04
2020-07-14,0.075,11.57
2020-07-15,0.0,0.0
2020-07-16,0.255,5.2
2020-07-17,0.247,3.97
2020-07-18,0.13,2.7
2020-07-19,0.099,1.84
2020-07-20,0.226,5.08
2020-07-21,0.0,0.0
2020-07-22,0.0,0.0
2020-07-23,0.0,0.0
2020-07-24,0.017,5.33
2020-07-25,0.006,3.15
2020-07-26,1.466,20.86
2020-07-27,1.006,12.47
2020-07-28,0.096,6.89
2020-07-29,0.0,0.0
2020-07-30,0.0,0.0
2020-07-31,0.0,0.0
2020-08-01,0.0,0.0
2020-08-02,0.0,0.0
2020-08-03,0.0,0.0
2020-08-04,0.0,0.0
2020-08-05,0.0,0.0
2020-08-06,0.0,0.0
2020-08-07,0.0,0.0
2020-08-08,0.0,0.0
2020-08-09,0.0,0.0
2020-08-10,0.0,0.0
2020-08-11,0.0,0.0
2020-08-12,0.0,0.0
2020-08-13,0.0,0.0
2020-08-14,0.0,0.0
2020-08-15,0.0,0.0
2020-08-16,0.0,0.0
2020-08-17,0.006,3.04
2020-08-18,0.163,7.29
2020-08-19,0.0,0.0
2020-08-20,0.372,12.67
2020-08-21,6.047,36.75
2020-08-22,0.701,7.52
2020-08-23,0.0,0.0
2020-08-24,0.0,0.0
2020-08-25,0.0,0.0
2020-08-26,0.0,0.0
2020-08-27,0.006,3.1
2020-08-28,0.004,2.06
2020-08-29,0.002,0.88
2020-08-30,0.0,0.0
2020-08-31,0.024,4.45
2020-09-01,1.801,8.55
2020-09-02,0.128,4.94
2020-09-03,0.143,5.25
2020-09-04,0.0,0.0
2020-09-05,0.062,5.35
2020-09-06,0.0,0.0
2020-09-07,0.081,6.92
2020-09-08,0.949,7.23
2020-09-09,0.747,8.93
2020-09-10,0.0,0.0
2020-09-11,0.0,0.0
2020-09-12,0.0,0.0
2020-09-13,0.0,0.0
2020-09-14,0.603,8.75
2020-09-15,0.0,0.0
2020-09-16,0.32,2.13
2020-09-17,0.655,3.93
2020-09-18,0.823,3.65
2020-09-19,0.391,3.0
2020-09-20,0.07,1.13
2020-09-21,0.0,0.0
2020-09-22,0.0,0.0
2020-09-23,0.4,6.91
2020-09-24,0.0,0.0
2020-09-25,0.03,3.49
2020-09-26,0.003,1.65
2020-09-27,0.0,0.0
2020-09-28,0.0,0.0
2020-09-29,0.385,6.59
2020-09-30,0.0,0.0
2020-10-01,0.0,0.0
2020-10-02,0.0,0.0
2020-10-03,0.008,2.66
2020-10-04,0.0,0.0
2020-10-05,0.0,0.0
2020-10-06,0.0,0.0
2020-10-07,0.0,0.0
2020-10-08,0.022,4.16
2020-10-09,0.537,7.57
2020-10-10,0.005,2.26
2020-10-11,0.0,0.0
2020-10-12,0.091,6.37
2020-10-13,0.0,0.0
2020-10-14,0.0,0.0
2020-10-15,0.0,0.0
2020-10-16,0.0,0.0
2020-10-17,0.0,0.0
2020-10-18,0.0,0.0
2020-10-19,0.276,6.54
2020-10-20,0.0,0.0
2020-10-21,0.0,0.0
2020-10-22,0.0,0.0
2020-10-23,0.0,0.0
2020-10-24,0.0,0.0
2020-10-25,0.005,2.5
2020-10-26,0.998,5.71
2020-10-27,3.162,16.02
2020-10-28,1.428,10.05
2020-10-29,0.227,2.63
2020-10-30,0.072,0.62
2020-10-31,0.382,3.15
2020-11-01,0.053,2.65
2020-11-02,0.0,0.0
2020-11-03,0.0,0.0
2020-11-04,0.037,4.26
2020-11-05,0.378,6.99
2020-11-06,0.0,0.0
2020-11-07,0.288,4.87
2020-11-08,0.0,0.0
2020-11-09,0.0,0.0
2020-11-10,0.0,0.0
2020-11-11,0.0,0.0
2020-11-12,0.0,0.0
2020-11-13,0.015,1.48
2020-11-14,0.078,3.83
2020-11-15,1.211,5.61
2020-11-16,0.148,4.48
2020-11-17,0.715,20.17
2020-11-18,0.594,7.67
2020-11-19,0.453,25.55
2020-11-20,0.0,0.0
2020-11-21,0.125,6.34
2020-11-22,0.0,0.0
2020-11-23,0.0,0.0
2020-11-24,0.0,0.0
2020-11-25,0.006,2.85
2020-11-26,0.004,1.91
2020-11-27,2.912,13.25
2020-11-28,0.01,4.94
2020-11-29,0.0,0.0
2020-11-30,0.336,7.02
2020-12-01,0.016,7.7
2020-12-02,0.0,0.0
2020-12-03,0.0,0.0
2020-12-04,0.0,0.0
2020-12-05,0.313,18.27
2020-12-06,0.0,0.0
2020-12-07,0.118,11.66
2020-12-08,3.618,90.35
2020-12-09,2.275,115.0
2020-12-10,22.138,69.6
2020-12-11,0.0,0.0
2020-12-12,0.0,0.0
2020-12-13,0.954,65.07
2020-12-14,1.166,42.64
2020-12-15,0.428,66.68
2020-12-16,0.078,8.65
2020-12-17,0.292,12.38
2020-12-18,0.053,7.77
2020-12-19,6.805,82.77
2020-12-20,0.0,0.0
2020-12-21,0.019,4.92
2020-12-22,0.0,0.0
2020-12-23,0.026,12.65
2020-12-24,0.749,21.01
2020-12-25,0.623,17.49
2020-12-26,0.582,11.24
2020-12-27,0.0,0.0
2020-12-28,5.917,79.13
2020-12-29,0.726,66.66
2020-12-30,0.593,21.45
2020-12-31,0.987,15.34
2021-01-01,3.621,21.84
2021-01-02,0.16,13.72
2021-01-03,0.942,79.01
2021-01-04,20.344,162.39
2021-01-05,0.512,12.72
2021-01-06,1.999,17.03
2021-01-07,2.721,17.28
2021-01-08,1.266,16.0
2021-01-09,0.02,9.87
2021-01-10,3.851,214.51
2021-01-11,0.016,7.81
2021-01-12,0.013,6.53
2021-01-13,0.0,0.0
2021-01-14,1.607,12.68
2021-01-15,3.66,18.49
2021-01-16,1.143,63.45
2021-01-17,2.143,12.78
2021-01-18,1.158,10.78
2021-01-19,0.221,78.43
2021-01-20,0.11,9.23
2021-01-21,1.47,72.93
2021-01-22,2.871,213.67
2021-01-23,9.818,265.69
2021-01-24,65.095,302.95
2021-01-25,58.026,294.85
2021-01-26,1.789,143.44
2021-01-27,1.01,13.63
2021-01-28,3.602,24.23
2021-01-29,1.946,12.63
2021-01-30,3.238,214.61
2021-01-31,0.044,12.2
2021-02-01,0.0,0.0
2021-02-02,1.759,11.54
2021-02-03,5.193,15.44
2021-02-04,4.738,86.2
2021-02-05,5.887,139.03
2021-02-06,1.557,48.51
2021-02-07,5.088,22.02
2021-02-08,11.382,119.34
2021-02-09,6.656,98.05
2021-02-10,38.371,191.03
2021-02-11,42.503,192.9
2021-02-12,0.0,0.0
2021-02-13,0.271,10.73
2021-02-14,12.026,139.74
2021-02-15,3.957,53.28
2021-02-16,5.207,69.69
2021-02-17,5.093,87.0
2021-02-18,0.125,24.61
2021-02-19,0.351,9.26
2021-02-20,6.126,25.99
2021-02-21,0.283,10.96
2021-02-22,2.33,13.76
2021-02-23,6.923,151.0
2021-02-24,0.634,9.05
2021-02-25,0.032,7.83
2021-02-26,0.0,0.0
2021-02-27,0.0,0.0
2021-02-28,6.17,66.32
2021-03-01,9.022,83.46
2021-03-02,17.662,82.26
2021-03-03,5.749,42.31
2021-03-04,15.058,60.66
2021-03-05,63.208,166.21
2021-03-06,15.578,73.33
2021-03-07,7.889,104.85
2021-03-08,9.236,70.59
2021-03-09,30.895,96.08
2021-03-10,5.289,38.8
2021-03-11,19.188,53.39
2021-03-12,23.169,67.05
2021-03-13,42.265,124.91
2021-03-14,28.034,79.61
2021-03-15,21.017,64.24
2021-03-16,17.188,52.76
2021-03-17,7.965,34.17
2021-03-18,28.513,69.8
2021-03-19,0.235,18.05
2021-03-20,22.475,69.52
2021-03-21,5.837,48.17
2021-03-22,0.02,9.66
2021-03-23,2.37,26.73
2021-03-24,1.629,36.9
2021-03-25,0.692,21.82
2021-03-26,10.355,90.45
2021-03-27,2.119,47.29
2021-03-28,0.85,37.01
2021-03-29,0.0,0.0
2021-03-30,0.0,0.0
2021-03-31,0.0,0.0
2021-04-01,0.0,0.0
2021-04-02,3.577,60.75
2021-04-03,16.405,120.72
2021-04-04,0.106,17.78
2021-04-05,0.425,26.07
2021-04-06,0.0,0.0
2021-04-07,0.787,50.12
2021-04-08,13.821,62.88
2021-04-09,1.503,36.93
2021-04-10,18.931,70.53
2021-04-11,0.41,20.25
2021-04-12,0.057,13.85
2021-04-13,0.0,0.0
2021-04-14,0.0,0.0
2021-04-15,5.291,36.71
2021-04-16,21.198,74.75
2021-04-17,2.547,35.2
2021-04-18,7.965,38.69
2021-04-19,2.086,21.39
2021-04-20,0.066,23.86
2021-04-21,0.547,27.51
2021-04-22,1.126,54.95
2021-04-23,0.046,17.49
2021-04-24,3.103,42.27
2021-04-25,0.518,45.28
2021-04-26,2.121,49.0
2021-04-27,3.896,71.65
2021-04-28,14.053,108.68
2021-04-29,0.209,36.94
2021-04-30,39.272,205.37
2021-05-01,3.54,48.53
2021-05-02,0.292,22.96
2021-05-03,6.835,87.8
2021-05-04,1.394,69.41
2021-05-05,3.75,48.53
2021-05-06,1.122,12.13
2021-05-07,6.232,80.57
2021-05-08,0.141,9.99
2021-05-09,0.01,4.76
2021-05-10,0.0,0.0
2021-05-11,0.0,0.0
2021-05-12,0.0,0.0
2021-05-13,1.287,10.67
2021-05-14,0.0,0.0
2021-05-15,0.013,6.15
2021-05-16,1.124,13.25
2021-05-17,2.199,19.28
2021-05-18,36.327,88.66
2021-05-19,0.114,7.32
2021-05-20,0.009,4.48
2021-05-21,0.0,0.0
2021-05-22,0.0,0.0
2021-05-23,0.03,6.0
2021-05-24,0.0,0.0
2021-05-25,0.0,0.0
2021-05-26,0.436,8.46
2021-05-27,0.0,0.0
2021-05-28,0.012,5.85
2021-05-29,0.038,5.65
2021-05-30,0.135,6.82
2021-05-31,0.007,3.65
2021-06-01,0.0,0.0
2021-06-02,0.0,0.0
2021-06-03,0.0,0.0
2021-06-04,0.0,0.0
2021-06-05,0.0,0.0
2021-06-06,0.0,0.0
2021-06-07,0.0,0.0
2021-06-08,0.0,0.0
2021-06-09,0.0,0.0
2021-06-10,0.0,0.0
2021-06-11,0.008,4.07
2021-06-12,0.0,0.0
2021-06-13,1.231,18.7
2021-06-14,1.019,26.0
2021-06-15,2.718,26.06
2021-06-16,1.016,7.51
2021-06-17,0.0,0.0
2021-06-18,0.011,5.62
2021-06-19,0.0,0.0
2021-06-20,0.04,4.81
2021-06-21,0.155,6.57
2021-06-22,0.0,0.0
2021-06-23,0.0,0.0
2021-06-24,2.646,6.59
2021-06-25,0.0,0.0
2021-06-26,0.0,0.0
2021-06-27,0.258,6.0
2021-06-28,1.904,6.71
2021-06-29,0.011,5.14
2021-06-30,0.189,8.0
2021-07-01,0.0,0.0
2021-07-02,1.001,6.89
2021-07-03,0.462,5.61
2021-07-04,0.0,0.0
2021-07-05,0.0,0.0
2021-07-06,0.0,0.0
2021-07-07,0.0,0.0
2021-07-08,0.0,0.0
2021-07-09,0.0,0.0
2021-07-10,0.01,4.85
2021-07-11,0.0,0.0
2021-07-12,0.0,0.0
2021-07-13,0.0,0.0
2021-07-14,0.0,0.0
2021-07-15,0.0,0.0
2021-07-16,0.0,0.0
2021-07-17,0.0,0.0
2021-07-18,0.0,0.0
2021-07-19,0.208,4.76
2021-07-20,0.0,0.0
2021-07-21,0.0,0.0
2021-07-22,0.053,3.63
2021-07-23,0.0,0.0
2021-07-24,0.0,0.0
2021-07-25,0.12,4.33
2021-07-26,0.0,0.0
2021-07-27,0.491,6.36
2021-07-28,0.0,0.0
2021-07-29,0.0,0.0
2021-07-30,0.133,6.41
2021-07-31,0.0,0.0
2021-08-01,0.0,0.0
2021-08-02,0.0,0.0
2021-08-03,0.0,0.0
2021-08-04,0.0,0.0
2021-08-05,0.0,0.0
2021-08-06,0.0,0.0
2021-08-07,0.0,0.0
2021-08-08,0.117,3.24
2021-08-09,0.004,2.16
2021-08-10,0.03,6.55
2021-08-11,0.02,3.6
2021-08-12,0.0,0.0
2021-08-13,0.481,13.15
2021-08-14,0.0,0.0
2021-08-15,0.278,19.89
2021-08-16,0.014,6.64
2021-08-17,0.051,3.92
2021-08-18,0.047,2.17
2021-08-19,0.005,2.55
2021-08-20,0.0,0.0
2021-08-21,0.0,0.0
2021-08-22,0.0,0.0
2021-08-23,0.0,0.0
2021-08-24,0.0,0.0
2021-08-25,0.0,0.0
2021-08-26,0.034,2.94
2021-08-27,1.378,21.06
2021-08-28,0.562,9.21
2021-08-29,0.242,5.29
2021-08-30,1.586,11.35
2021-08-31,0.228,4.93
2021-09-01,0.0,0.0
2021-09-02,3.087,14.48
2021-09-03,0.0,0.0
2021-09-04,0.176,6.47
2021-09-05,0.29,6.65
2021-09-06,3.214,28.79
2021-09-07,0.149,5.88
2021-09-08,0.089,6.26
2021-09-09,0.0,0.0
2021-09-10,0.008,3.85
2021-09-11,0.315,6.49
2021-09-12,0.349,7.72
2021-09-13,0.022,10.74
2021-09-14,0.083,3.76
2021-09-15,0.0,0.0
2021-09-16,0.003,1.64
2021-09-17,0.0,0.0
2021-09-18,0.0,0.0
2021-09-19,0.06,3.55
2021-09-20,0.0,0.0
2021-09-21,0.0,0.0
2021-09-22,0.02,2.78
2021-09-23,0.0,0.0
2021-09-24,0.0,0.0
2021-09-25,0.0,0.0
2021-09-26,0.3,8.2
2021-09-27,0.0,0.0
2021-09-28,0.0,0.0
2021-09-29,0.007,3.56
2021-09-30,0.203,4.27
2021-10-01,0.0,0.0
2021-10-02,0.0,0.0
2021-10-03,0.031,3.21
2021-10-04,0.0,0.0
2021-10-05,0.0,0.0
2021-10-06,0.0,0.0
2021-10-07,0.027,3.96
2021-10-08,0.0,0.0
2021-10-09,0.0,0.0
2021-10-10,0.73,6.89
2021-10-11,0.0,0.0
2021-10-12,0.0,0.0
2021-10-13,0.152,5.5
2021-10-14,0.011,5.46
2021-10-15,0.69,8.46
2021-10-16,0.0,0.0
2021-10-17,0.638,10.32
2021-10-18,0.565,9.66
2021-10-19,0.071,4.87
2021-10-20,0.064,3.32
2021-10-21,0.192,5.09
2021-10-22,0.056,2.56
2021-10-23,0.013,1.25
2021-10-24,0.238,10.11
2021-10-25,1.127,9.69
2021-10-26,3.856,33.32
2021-10-27,0.143,8.46
2021-10-28,0.025,2.87
2021-10-29,0.0,0.0
2021-10-30,0.056,11.43
2021-10-31,0.071,3.25
2021-11-01,1.411,12.45
2021-11-02,0.0,0.0
2021-11-03,0.0,0.0
2021-11-04,0.0,0.0
2021-11-05,0.0,0.0
2021-11-06,0.049,4.18
2021-11-07,0.0,0.0
2021-11-08,0.884,13.86
2021-11-09,0.103,5.05
2021-11-10,0.02,3.91
2021-11-11,0.0,0.0
2021-11-12,0.0,0.0
2021-11-13,0.111,4.09
2021-11-14,0.387,5.18
2021-11-15,0.0,0.0
2021-11-16,0.0,0.0
2021-11-17,0.152,8.54
2021-11-18,0.045,4.65
2021-11-19,0.0,0.0
2021-11-20,0.0,0.0
2021-11-21,0.0,0.0
2021-11-22,0.0,0.0
2021-11-23,0.0,0.0
2021-11-24,0.37,5.12
2021-11-25,3.326,26.52
2021-11-26,1.623,16.75
2021-11-27,0.141,9.61
2021-11-28,0.034,3.36
2021-11-29,0.161,6.49
2021-11-30,0.877,8.41
2021-12-01,2.248,15.71
2021-12-02,1.637,12.91
2021-12-03,1.092,43.74
2021-12-04,0.0,0.0
2021-12-05,0.851,60.61
2021-12-06,4.341,89.37
2021-12-07,0.0,0.0
2021-12-08,0.347,11.86
2021-12-09,1.083,16.2
2021-12-10,7.762,28.33
2021-12-11,4.292,13.74
2021-12-12,0.855,11.07
2021-12-13,0.0,0.0
2021-12-14,0.728,12.22
2021-12-15,0.0,0.0
2021-12-16,0.08,10.24
2021-12-17,0.0,0.0
2021-12-18,0.0,0.0
2021-12-19,0.748,9.65
2021-12-20,1.79,12.16
2021-12-21,5.334,13.33
2021-12-22,0.32,11.12
2021-12-23,0.0,0.0
2021-12-24,0.314,7.45
2021-12-25,0.535,10.52
2021-12-26,1.57,17.43
2021-12-27,2.648,18.78
2021-12-28,8.18,65.32
2021-12-29,12.601,153.66
2021-12-30,6.28,22.99
2021-12-31,7.232,25.32
2022-01-01,0.169,20.54
2022-01-02,0.0,0.0
2022-01-03,0.0,0.0
2022-01-04,0.0,0.0
2022-01-05,0.0,0.0
2022-01-06,0.0,0.0
2022-01-07,0.0,0.0
2022-01-08,0.0,0.0
2022-01-09,0.0,0.0
2022-01-10,0.0,0.0
2022-01-11,0.0,0.0
2022-01-12,0.0,0.0
2022-01-13,0.0,0.0
2022-01-14,0.0,0.0
2022-01-15,0.408,43.11
2022-01-16,0.0,0.0
2022-01-17,0.0,0.0
2022-01-18,0.0,0.0
2022-01-19,0.0,0.0
2022-01-20,0.0,0.0
2022-01-21,0.0,0.0
2022-01-22,0.0,0.0
2022-01-23,22.438,101.49
2022-01-24,2.182,55.6
2022-01-25,11.375,90.72
2022-01-26,33.021,139.47
2022-01-27,29.948,91.78
2022-01-28,51.691,213.16
2022-01-29,7.244,65.17
2022-01-30,23.937,104.6
2022-01-31,1.21,105.11
2022-02-01,0.0,0.0
2022-02-02,0.336,17.16
2022-02-03,0.0,0.0
2022-02-04,0.168,27.5
2022-02-05,4.663,47.7
2022-02-06,44.874,144.76
2022-02-07,1.517,53.35
2022-02-08,37.412,131.6
2022-02-09,0.0,0.0
2022-02-10,0.144,10.96
2022-02-11,0.333,16.92
2022-02-12,7.336,205.43
2022-02-13,1.387,72.78
2022-02-14,31.755,135.13
2022-02-15,16.35,89.27
2022-02-16,13.313,57.08
2022-02-17,7.001,48.02
2022-02-18,6.536,122.89
2022-02-19,0.187,31.7
2022-02-20,0.161,31.82
2022-02-21,0.0,0.0
2022-02-22,0.031,7.51
2022-02-23,0.194,11.74
2022-02-24,0.259,12.14
2022-02-25,0.0,0.0
2022-02-26,0.0,0.0
2022-02-27,0.0,0.0
2022-02-28,0.0,0.0
2022-03-01,0.099,48.25
2022-03-02,3.351,113.42
2022-03-03,36.302,131.25
2022-03-04,11.702,81.2
2022-03-05,14.32,151.85
2022-03-06,8.185,45.54
2022-03-07,3.906,53.14
2022-03-08,23.392,75.08
2022-03-09,1.843,38.18
2022-03-10,2.416,35.03
2022-03-11,13.653,52.74
2022-03-12,6.83,26.36
2022-03-13,7.038,44.21
2022-03-14,25.606,60.01
2022-03-15,1.51,30.79
2022-03-16,4.659,48.3
2022-03-17,14.486,51.9
2022-03-18,3.247,42.53
2022-03-19,30.882,62.73
2022-03-20,5.546,41.94
2022-03-21,30.253,69.67
2022-03-22,9.044,52.59
2022-03-23,9.97,61.57
2022-03-24,1.871,28.63
2022-03-25,2.771,23.38
2022-03-26,23.516,75.38
2022-03-27,3.776,34.61
2022-03-28,19.63,76.86
2022-03-29,20.59,61.93
2022-03-30,12.995,53.44
2022-03-31,15.733,73.56
2022-04-01,45.278,132.4
2022-04-02,14.662,75.74
2022-04-03,8.324,87.79
2022-04-04,0.76,32.88
2022-04-05,5.186,93.62
2022-04-06,0.467,28.56
2022-04-07,0.308,18.97
2022-04-08,10.649,65.47
2022-04-09,14.621,101.48
2022-04-10,4.096,71.41
2022-04-11,3.577,37.43
2022-04-12,1.6,43.16
2022-04-13,0.0,0.0
2022-04-14,0.0,0.0
2022-04-15,0.0,0.0
2022-04-16,1.953,86.26
2022-04-17,1.895,67.97
2022-04-18,0.798,55.99
2022-04-19,33.708,156.92
2022-04-20,3.027,49.67
2022-04-21,1.195,47.8
2022-04-22,4.951,104.57
2022-04-23,0.0,0.0
2022-04-24,0.0,0.0
2022-04-25,0.0,0.0
2022-04-26,0.0,0.0
2022-04-27,0.0,0.0
2022-04-28,2.548,56.16
2022-04-29,1.761,74.62
2022-04-30,0.078,38.16
2022-05-01,0.0,0.0
2022-05-02,0.0,0.0
2022-05-03,0.0,0.0
2022-05-04,0.156,10.98
2022-05-05,0.069,8.86
2022-05-06,0.07,8.03
2022-05-07,0.0,0.0
2022-05-08,0.31,11.98
2022-05-09,0.0,0.0
2022-05-10,0.61,22.16
2022-05-11,0.0,0.0
2022-05-12,0.0,0.0
2022-05-13,0.0,0.0
2022-05-14,0.038,10.56
2022-05-15,0.095,7.11
2022-05-16,0.442,16.06
2022-05-17,0.453,20.2
2022-05-18,11.098,62.31
2022-05-19,10.657,55.1
2022-05-20,7.19,50.9
2022-05-21,4.712,38.89
2022-05-22,4.358,28.62
2022-05-23,0.111,7.94
2022-05-24,0.0,0.0
2022-05-25,0.0,0.0
2022-05-26,0.019,4.86
2022-05-27,0.0,0.0
2022-05-28,0.0,0.0
2022-05-29,0.0,0.0
2022-05-30,0.0,0.0
2022-05-31,0.021,5.43
2022-06-01,0.243,59.3
2022-06-02,0.264,13.31
2022-06-03,9.223,42.73
2022-06-04,12.12,68.45
2022-06-05,0.592,23.49
2022-06-06,0.449,20.8
2022-06-07,0.0,0.0
2022-06-08,0.067,18.27
2022-06-09,0.381,34.97
2022-06-10,0.015,7.29
2022-06-11,0.0,0.0
2022-06-12,0.0,0.0
2022-06-13,0.009,4.31
2022-06-14,0.0,0.0
2022-06-15,0.0,0.0
2022-06-16,0.295,1.8
2022-06-17,1.1,5.53
2022-06-18,2.492,11.08
2022-06-19,2.063,7.87
2022-06-20,0.989,4.9
2022-06-21,0.151,7.85
2022-06-22,0.0,0.0
2022-06-23,0.0,0.0
2022-06-24,0.0,0.0
2022-06-25,0.0,0.0
2022-06-26,0.368,16.73
2022-06-27,0.0,0.0
2022-06-28,0.042,6.17
2022-06-29,0.0,0.0
2022-06-30,0.0,0.0
2022-07-01,0.0,0.0
2022-07-02,0.0,0.0
2022-07-03,0.208,5.27
2022-07-04,1.026,8.94
2022-07-05,0.0,0.0
2022-07-06,0.0,0.0
2022-07-07,0.075,6.38
2022-07-08,0.195,16.32
2022-07-09,0.246,5.44
2022-07-10,0.189,7.48
2022-07-11,0.0,0.0
2022-07-12,0.0,0.0
2022-07-13,0.0,0.0
2022-07-14,0.0,0.0
2022-07-15,0.0,0.0
2022-07-16,0.174,5.72
2022-07-17,0.083,8.52
2022-07-18,0.0,0.0
2022-07-19,0.107,11.93
2022-07-20,0.0,0.0
2022-07-21,0.0,0.0
2022-07-22,0.0,0.0
2022-07-23,0.071,3.89
2022-07-24,0.337,6.62
2022-07-25,0.0,0.0
2022-07-26,0.458,13.3
2022-07-27,0.308,7.59
2022-07-28,0.044,5.03
2022-07-29,0.0,0.0
2022-07-30,0.0,0.0
2022-07-31,0.0,0.0
2022-08-01,0.0,0.0
2022-08-02,0.0,0.0
2022-08-03,0.0,0.0
2022-08-04,0.0,0.0
2022-08-05,0.0,0.0
2022-08-06,0.075,6.02
2022-08-07,0.0,0.0
2022-08-08,0.0,0.0
2022-08-09,0.0,0.0
2022-08-10,0.247,8.52
2022-08-11,0.649,9.03
2022-08-12,0.0,0.0
2022-08-13,0.03,4.88
2022-08-14,0.0,0.0
2022-08-15,0.0,0.0
2022-08-16,0.239,8.41
2022-08-17,0.209,6.82
2022-08-18,0.043,5.08
2022-08-19,0.017,5.22
2022-08-20,3.288,23.64
2022-08-21,0.0,0.0
2022-08-22,0.0,0.0
2022-08-23,0.0,0.0
2022-08-24,0.0,0.0
2022-08-25,0.007,3.27
2022-08-26,0.0,0.0
2022-08-27,0.054,5.52
2022-08-28,0.0,0.0
2022-08-29,0.101,5.3
2022-08-30,0.467,9.37
2022-08-31,0.0,0.0
2022-09-01,0.0,0.0
2022-09-02,0.0,0.0
2022-09-03,0.0,0.0
2022-09-04,0.0,0.0
2022-09-05,0.0,0.0
2022-09-06,0.0,0.0
2022-09-07,0.142,6.53
2022-09-08,0.0,0.0
2022-09-09,0.007,3.56
2022-09-10,1.048,16.52
2022-09-11,0.0,0.0
2022-09-12,0.0,0.0
2022-09-13,0.0,0.0
2022-09-14,0.0,0.0
2022-09-15,0.022,10.7
2022-09-16,4.999,26.07
2022-09-17,0.08,9.29
2022-09-18,0.017,8.28
2022-09-19,0.292,6.42
2022-09-20,0.273,20.95
2022-09-21,0.269,4.92
2022-09-22,0.089,11.18
2022-09-23,1.305,14.14
2022-09-24,3.703,20.37
2022-09-25,0.455,11.26
2022-09-26,1.156,19.44
2022-09-27,0.264,1.89
2022-09-28,1.755,8.61
2022-09-29,0.972,7.34
2022-09-30,0.394,5.42
2022-10-01,0.564,10.81
2022-10-02,0.005,2.43
2022-10-03,0.087,4.15
2022-10-04,0.115,4.57
2022-10-05,0.0,0.0
2022-10-06,0.883,6.8
2022-10-07,1.059,11.71
2022-10-08,0.082,6.59
2022-10-09,0.0,0.0
2022-10-10,0.0,0.0
2022-10-11,0.0,0.0
2022-10-12,0.0,0.0
2022-10-13,0.0,0.0
2022-10-14,0.018,4.73
2022-10-15,0.511,13.16
2022-10-16,0.0,0.0
2022-10-17,0.0,0.0
2022-10-18,0.0,0.0
2022-10-19,1.216,12.44
2022-10-20,0.25,6.41
2022-10-21,0.007,3.51
2022-10-22,0.033,3.97
2022-10-23,0.0,0.0
2022-10-24,1.183,12.55
2022-10-25,0.0,0.0
2022-10-26,2.294,9.88
2022-10-27,0.0,0.0
2022-10-28,0.049,3.54
2022-10-29,0.099,6.12
2022-10-30,0.0,0.0
2022-10-31,0.0,0.0
2022-11-01,0.0,0.0
2022-11-02,1.465,22.94
2022-11-03,0.209,6.96
2022-11-04,0.0,0.0
2022-11-05,0.429,5.89
2022-11-06,0.0,0.0
2022-11-07,0.0,0.0
2022-11-08,0.0,0.0
2022-11-09,0.054,3.26
2022-11-10,2.225,9.4
2022-11-11,0.129,4.5
2022-11-12,0.073,4.3
2022-11-13,0.0,0.0
2022-11-14,0.0,0.0
2022-11-15,0.215,4.52
2022-11-16,0.0,0.0
2022-11-17,0.0,0.0
2022-11-18,0.0,0.0
2022-11-19,0.0,0.0
2022-11-20,0.0,0.0
2022-11-21,0.0,0.0
2022-11-22,0.163,3.88
2022-11-23,0.0,0.0
2022-11-24,0.005,2.55
2022-11-25,0.0,0.0
2022-11-26,0.018,4.45
2022-11-27,0.088,3.16
2022-11-28,0.149,5.38
2022-11-29,1.412,7.46
2022-11-30,0.0,0.0
2022-12-01,0.0,0.0
2022-12-02,0.0,0.0
2022-12-03,0.06,5.82
2022-12-04,0.009,4.61
2022-12-05,0.0,0.0
2022-12-06,0.0,0.0
2022-12-07,0.009,4.57
2022-12-08,0.0,0.0
2022-12-09,0.0,0.0
2022-12-10,0.0,0.0
2022-12-11,0.109,5.66
2022-12-12,0.0,0.0
2022-12-13,0.106,15.58
2022-12-14,0.093,17.43
2022-12-15,0.0,0.0
2022-12-16,0.036,17.48
2022-12-17,0.251,13.26
2022-12-18,4.415,65.46
2022-12-19,6.995,51.47
2022-12-20,0.137,7.54
2022-12-21,0.0,0.0
2022-12-22,0.0,0.0
2022-12-23,0.0,0.0
2022-12-24,1.819,83.63
2022-12-25,0.114,4.64
2022-12-26,0.0,0.0
2022-12-27,1.049,7.39
2022-12-28,0.0,0.0
2022-12-29,0.017,4.14
2022-12-30,1.894,8.57
2022-12-31,6.632,52.43
2023-01-01,0.926,34.0
2023-01-02,31.699,151.57
2023-01-03,0.083,40.7
2023-01-04,0.0,0.0
2023-01-05,18.368,106.62
2023-01-06,0.121,15.48
2023-01-07,1.001,44.07
2023-01-08,0.0,0.0
2023-01-09,0.0,0.0
2023-01-10,10.911,136.36
2023-01-11,0.0,0.0
2023-01-12,4.411,77.04
2023-01-13,0.892,50.43
2023-01-14,22.913,109.68
2023-01-15,54.44,155.09
2023-01-16,0.687,60.21
2023-01-17,4.473,59.37
2023-01-18,12.988,151.89
2023-01-19,3.569,57.64
2023-01-20,9.779,57.74
2023-01-21,0.0,0.0
2023-01-22,0.0,0.0
2023-01-23,0.0,0.0
2023-01-24,2.771,39.7
2023-01-25,0.0,0.0
2023-01-26,4.207,116.72
2023-01-27,0.043,21.07
2023-01-28,10.418,105.52
2023-01-29,0.0,0.0
2023-01-30,0.0,0.0
2023-01-31,0.0,0.0
2023-02-01,0.0,0.0
2023-02-02,0.0,0.0
2023-02-03,0.0,0.0
2023-02-04,0.0,0.0
2023-02-05,0.0,0.0
2023-02-06,0.0,0.0
2023-02-07,0.0,0.0
2023-02-08,0.0,0.0
2023-02-09,0.261,29.55
2023-02-10,2.234,50.85
2023-02-11,2.872,79.14
2023-02-12,0.0,0.0
2023-02-13,5.948,105.01
2023-02-14,9.221,121.64
2023-02-15,9.761,138.27
2023-02-16,15.098,150.15
2023-02-17,22.581,196.52
2023-02-18,26.645,115.18
2023-02-19,7.108,98.71
2023-02-20,28.563,149.41
2023-02-21,66.963,185.03
2023-02-22,32.251,112.54
2023-02-23,32.545,90.27
2023-02-24,26.723,83.92
2023-02-25,62.996,134.2
2023-02-26,0.398,18.44
2023-02-27,8.237,30.9
2023-02-28,11.039,44.78
2023-03-01,0.0,0.0
2023-03-02,0.0,0.0
2023-03-03,15.465,125.1
2023-03-04,0.214,24.94
2023-03-05,21.969,82.6
2023-03-06,30.188,105.56
2023-03-07,38.65,80.43
2023-03-08,15.903,55.72
2023-03-09,47.595,94.66
2023-03-10,43.895,155.67
2023-03-11,6.259,38.69
2023-03-12,14.667,55.7
2023-03-13,16.663,69.68
2023-03-14,50.994,116.38
2023-03-15,9.656,75.44
2023-03-16,4.99,41.13
2023-03-17,28.091,103.22
2023-03-18,9.598,82.86
2023-03-19,14.274,75.04
2023-03-20,27.058,88.43
2023-03-21,5.295,35.68
2023-03-22,21.301,178.51
2023-03-23,73.16,145.76
2023-03-24,16.812,77.37
2023-03-25,7.053,64.46
2023-03-26,17.009,68.43
2023-03-27,41.86,170.87
2023-03-28,14.115,79.01
2023-03-29,41.125,130.58
2023-03-30,13.532,54.34
2023-03-31,11.373,56.54
2023-04-01,10.201,50.49
2023-04-02,25.697,67.97
2023-04-03,31.252,74.37
2023-04-04,86.176,165.81
2023-04-05,18.38,65.45
2023-04-06,106.194,244.54
2023-04-07,2.535,40.63
2023-04-08,4.441,49.07
2023-04-09,29.95,138.42
2023-04-10,53.307,132.71
2023-04-11,8.877,46.33
2023-04-12,29.286,70.98
2023-04-13,6.214,53.85
2023-04-14,40.145,193.81
2023-04-15,34.38,101.83
2023-04-16,97.685,240.99
2023-04-17,143.77,368.33
2023-04-18,4.149,75.53
2023-04-19,1.495,38.59
2023-04-20,3.764,57.98
2023-04-21,43.878,101.63
2023-04-22,18.49,130.72
2023-04-23,73.079,222.95
2023-04-24,1.075,40.01
2023-04-25,23.653,153.55
2023-04-26,80.64,199.73
2023-04-27,28.18,125.79
2023-04-28,83.803,201.0
2023-04-29,16.986,152.67
2023-04-30,26.718,106.39
2023-05-01,4.32,17.7
2023-05-02,0.005,2.25
2023-05-03,4.649,47.44
2023-05-04,5.373,35.4
2023-05-05,4.183,36.36
2023-05-06,1.724,31.5
2023-05-07,0.649,17.25
2023-05-08,0.083,14.14
2023-05-09,0.635,14.9
2023-05-10,3.557,30.58
2023-05-11,11.215,56.34
2023-05-12,5.718,30.74
2023-05-13,1.486,33.7
2023-05-14,3.214,23.53
2023-05-15,0.149,12.63
2023-05-16,8.638,43.63
2023-05-17,0.8,19.74
2023-05-18,0.0,0.0
2023-05-19,0.554,35.61
2023-05-20,5.397,38.39
2023-05-21,4.564,39.91
2023-05-22,0.016,7.61
2023-05-23,17.257,44.39
2023-05-24,0.11,21.01
2023-05-25,4.734,76.01
2023-05-26,0.0,0.0
2023-05-27,9.916,48.5
2023-05-28,0.507,24.35
2023-05-29,0.16,17.11
2023-05-30,3.823,32.87
2023-05-31,0.0,0.0
2023-06-01,2.006,14.0
2023-06-02,0.102,8.0
2023-06-03,0.069,7.2
2023-06-04,9.755,61.63
2023-06-05,2.896,32.01
2023-06-06,1.828,28.79
2023-06-07,7.996,35.67
2023-06-08,0.821,30.99
2023-06-09,4.791,40.87
2023-06-10,1.573,26.18
2023-06-11,0.657,12.25
2023-06-12,1.094,29.41
2023-06-13,0.0,0.0
2023-06-14,0.0,0.0
2023-06-15,0.0,0.0
2023-06-16,0.226,6.76
2023-06-17,0.0,0.0
2023-06-18,0.0,0.0
2023-06-19,0.0,0.0
2023-06-20,0.0,0.0
2023-06-21,0.0,0.0
2023-06-22,0.024,4.33
2023-06-23,0.0,0.0
2023-06-24,0.027,5.08
2023-06-25,0.093,7.56
2023-06-26,0.0,0.0
2023-06-27,1.635,26.42
2023-06-28,1.834,18.83
2023-06-29,0.0,0.0
2023-06-30,0.0,0.0
2023-07-01,0.0,0.0
2023-07-02,0.0,0.0
2023-07-03,1.179,18.14
2023-07-04,0.537,9.46
2023-07-05,0.213,11.33
2023-07-06,2.482,49.34
2023-07-07,1.618,32.31
2023-07-08,7.92,53.14
2023-07-09,0.029,7.56
2023-07-10,2.653,41.55
2023-07-11,0.0,0.0
2023-07-12,0.0,0.0
2023-07-13,0.0,0.0
2023-07-14,0.568,32.98
2023-07-15,0.03,7.87
2023-07-16,0.0,0.0
2023-07-17,0.0,0.0
2023-07-18,0.0,0.0
2023-07-19,0.0,0.0
2023-07-20,0.0,0.0
2023-07-21,0.047,4.15
2023-07-22,0.64,33.35
2023-07-23,0.0,0.0
2023-07-24,0.0,0.0
2023-07-25,0.042,7.34
2023-07-26,0.0,0.0
2023-07-27,0.0,0.0
2023-07-28,0.04,4.76
2023-07-29,0.0,0.0
2023-07-30,0.024,3.15
2023-07-31,0.0,0.0
2023-08-01,0.0,0.0
2023-08-02,0.12,6.21
2023-08-03,0.024,4.05
2023-08-04,0.0,0.0
2023-08-05,0.164,7.59
2023-08-06,0.0,0.0
2023-08-07,0.302,6.07
2023-08-08,0.116,5.64
2023-08-09,0.016,5.12
2023-08-10,0.0,0.0
2023-08-11,0.0,0.0
2023-08-12,0.0,0.0
2023-08-13,0.0,0.0
2023-08-14,0.109,6.22
2023-08-15,0.339,7.64
2023-08-16,0.0,0.0
2023-08-17,0.0,0.0
2023-08-18,0.0,0.0
2023-08-19,0.0,0.0
2023-08-20,0.175,5.12
2023-08-21,0.213,7.03
2023-08-22,0.003,1.55
2023-08-23,0.0,0.0
2023-08-24,0.009,4.36
2023-08-25,0.052,4.06
2023-08-26,0.525,9.06
2023-08-27,0.041,3.68
2023-08-28,3.095,13.13
2023-08-29,0.0,0.0
2023-08-30,0.0,0.0
2023-08-31,0.0,0.0
2023-09-01,0.0,0.0
2023-09-02,0.0,0.0
2023-09-03,0.082,4.45
2023-09-04,0.834,5.59
2023-09-05,0.061,8.05
2023-09-06,0.264,7.64
2023-09-07,0.0,0.0
2023-09-08,0.0,0.0
2023-09-09,0.0,0.0
2023-09-10,0.0,0.0
2023-09-11,0.009,4.54
2023-09-12,0.0,0.0
2023-09-13,0.19,5.65
2023-09-14,0.175,9.2
2023-09-15,0.0,0.0
2023-09-16,0.494,5.62
2023-09-17,0.0,0.0
2023-09-18,0.276,6.27
2023-09-19,0.0,0.0
2023-09-20,0.147,11.88
2023-09-21,0.77,8.56
2023-09-22,0.015,3.78
2023-09-23,0.081,4.98
2023-09-24,0.145,5.59
2023-09-25,0.473,20.56
2023-09-26,0.0,0.0
2023-09-27,0.242,4.36
2023-09-28,0.0,0.0
2023-09-29,0.0,0.0
2023-09-30,0.451,7.41
2023-10-01,0.155,2.54
2023-10-02,0.0,0.0
2023-10-03,0.0,0.0
2023-10-04,0.0,0.0
2023-10-05,0.998,6.12
2023-10-06,0.265,2.83
2023-10-07,0.042,1.62
2023-10-08,0.215,7.33
2023-10-09,0.173,5.27
2023-10-10,0.834,9.37
2023-10-11,0.006,2.76
2023-10-12,0.021,3.06
2023-10-13,0.0,0.0
2023-10-14,1.417,12.09
2023-10-15,0.0,0.0
2023-10-16,0.038,4.04
2023-10-17,0.136,9.03
2023-10-18,0.0,0.0
2023-10-19,0.0,0.0
2023-10-20,0.0,0.0
2023-10-21,0.0,0.0
2023-10-22,0.616,9.56
2023-10-23,0.045,3.49
2023-10-24,0.307,4.66
2023-10-25,0.172,3.19
2023-10-26,0.073,2.67
2023-10-27,0.384,6.27
2023-10-28,0.445,3.0
2023-10-29,5.352,18.81
2023-10-30,1.432,4.68
2023-10-31,0.259,6.27
2023-11-01,0.594,6.85
2023-11-02,2.415,10.71
2023-11-03,0.0,0.0
2023-11-04,0.051,4.67
2023-11-05,0.037,4.4
2023-11-06,0.0,0.0
2023-11-07,0.012,5.92
2023-11-08,0.108,3.79
2023-11-09,0.0,0.0
2023-11-10,0.0,0.0
2023-11-11,0.0,0.0
2023-11-12,0.0,0.0
2023-11-13,0.0,0.0
2023-11-14,0.0,0.0
2023-11-15,0.083,4.54
2023-11-16,0.0,0.0
2023-11-17,0.016,3.96
2023-11-18,0.076,5.19
2023-11-19,0.003,1.47
2023-11-20,2.693,10.47
2023-11-21,0.839,11.54
2023-11-22,0.11,5.78
2023-11-23,0.771,10.02
2023-11-24,0.487,7.44
2023-11-25,0.392,13.45
2023-11-26,0.185,5.14
2023-11-27,0.0,0.0
2023-11-28,0.0,0.0
2023-11-29,0.0,0.0
2023-11-30,0.179,5.33
2023-12-01,0.0,0.0
2023-12-02,0.0,0.0
2023-12-03,0.0,0.0
2023-12-04,0.0,0.0
2023-12-05,0.0,0.0
2023-12-06,0.139,10.57
2023-12-07,3.727,34.76
2023-12-08,0.317,39.24
2023-12-09,0.0,0.0
2023-12-10,0.0,0.0
2023-12-11,0.0,0.0
2023-12-12,0.082,8.34
2023-12-13,0.0,0.0
2023-12-14,0.0,0.0
2023-12-15,0.033,6.0
2023-12-16,0.51,18.91
2023-12-17,4.286,43.12
2023-12-18,1.153,25.62
2023-12-19,0.074,12.58
2023-12-20,0.064,21.68
2023-12-21,0.211,10.71
2023-12-22,0.225,8.65
2023-12-23,0.134,13.51
2023-12-24,0.0,0.0
2023-12-25,2.386,47.37
2023-12-26,0.19,28.21
2023-12-27,34.018,130.07
2023-12-28,6.206,199.13
2023-12-29,9.243,138.7
2023-12-30,2.809,53.99
2023-12-31,13.785,121.28
2024-01-01,6.26,62.67
2024-01-02,14.756,85.88
2024-01-03,2.384,55.27
2024-01-04,2.44,37.26
2024-01-05,2.478,39.92
2024-01-06,0.037,18.16
2024-01-07,0.0,0.0
2024-01-08,0.098,26.93
2024-01-09,0.369,10.08
2024-01-10,1.373,41.12
2024-01-11,53.424,151.92
2024-01-12,7.933,76.55
2024-01-13,16.336,154.86
2024-01-14,6.275,124.61
2024-01-15,25.983,137.39
2024-01-16,0.284,38.49
2024-01-17,0.0,0.0
2024-01-18,9.815,84.28
2024-01-19,0.0,0.0
2024-01-20,0.291,10.66
2024-01-21,0.331,9.06
2024-01-22,0.681,38.98
2024-01-23,0.0,0.0
2024-01-24,0.0,0.0
2024-01-25,0.0,0.0
2024-01-26,12.286,263.58
2024-01-27,0.355,60.26
2024-01-28,1.326,47.33
2024-01-29,27.901,103.87
2024-01-30,0.42,11.11
2024-01-31,16.708,124.6
2024-02-01,9.33,178.67
2024-02-02,42.856,209.47
2024-02-03,5.528,110.52
2024-02-04,37.92,231.64
2024-02-05,8.507,177.9
2024-02-06,0.0,0.0
2024-02-07,1.979,56.27
2024-02-08,33.211,111.22
2024-02-09,110.744,231.78
2024-02-10,1.609,91.69
2024-02-11,1.27,147.97
2024-02-12,13.114,196.53
2024-02-13,2.832,160.46
2024-02-14,0.499,124.21
2024-02-15,0.0,0.0
2024-02-16,0.0,0.0
2024-02-17,0.37,35.26
2024-02-18,10.076,90.83
2024-02-19,119.938,373.86
2024-02-20,132.251,257.49
2024-02-21,158.98,379.96
2024-02-22,5.186,194.08
2024-02-23,27.661,264.15
2024-02-24,0.0,0.0
2024-02-25,0.735,59.51
2024-02-26,26.279,138.07
2024-02-27,30.273,126.19
2024-02-28,4.447,84.71
2024-02-29,44.73,208.24
2024-03-01,45.895,99.97
2024-03-02,4.344,63.54
2024-03-03,0.0,0.0
2024-03-04,14.069,74.03
2024-03-05,7.677,45.25
2024-03-06,1.393,30.33
2024-03-07,1.009,42.08
2024-03-08,0.801,32.12
2024-03-09,10.386,53.63
2024-03-10,0.117,20.58
2024-03-11,2.203,43.58
2024-03-12,0.0,0.0
2024-03-13,0.46,37.94
2024-03-14,0.0,0.0
2024-03-15,0.439,16.93
2024-03-16,0.0,0.0
2024-03-17,0.0,0.0
2024-03-18,0.509,23.41
2024-03-19,0.859,20.77
2024-03-20,5.576,28.97
2024-03-21,7.529,38.23
2024-03-22,18.991,47.18
2024-03-23,1.471,25.28
2024-03-24,3.587,26.82
2024-03-25,0.169,11.63
2024-03-26,8.64,40.86
2024-03-27,0.0,0.0
2024-03-28,0.0,0.0
2024-03-29,2.461,60.78
2024-03-30,0.0,0.0
2024-03-31,4.896,69.67
2024-04-01,6.379,118.48
2024-04-02,3.47,75.12
2024-04-03,0.237,31.79
2024-04-04,4.568,71.19
2024-04-05,0.0,0.0
2024-04-06,0.0,0.0
2024-04-07,0.071,13.21
2024-04-08,0.0,0.0
2024-04-09,0.0,0.0
2024-04-10,0.0,0.0
2024-04-11,1.212,3.96
2024-04-12,1.532,7.82
2024-04-13,2.139,11.81
2024-04-14,2.332,13.87
2024-04-15,3.583,19.51
2024-04-16,0.0,0.0
2024-04-17,0.0,0.0
2024-04-18,0.041,7.45
2024-04-19,38.22,96.99
2024-04-20,1.508,40.51
2024-04-21,48.483,174.58
2024-04-22,8.775,68.6
2024-04-23,1.573,68.28
2024-04-24,17.972,138.93
2024-04-25,1.982,34.52
2024-04-26,0.0,0.0
2024-04-27,0.0,0.0
2024-04-28,0.022,5.55
2024-04-29,27.357,111.44
2024-04-30,0.973,43.21
2024-05-01,0.0,0.0
2024-05-02,0.167,7.9
2024-05-03,1.54,10.32
2024-05-04,0.148,7.7
2024-05-05,2.267,45.13
2024-05-06,0.0,0.0
2024-05-07,0.0,0.0
2024-05-08,0.695,32.12
2024-05-09,0.0,0.0
2024-05-10,0.206,7.51
2024-05-11,2.843,67.27
2024-05-12,1.16,18.27
2024-05-13,0.328,19.91
2024-05-14,0.059,6.46
2024-05-15,0.087,24.48
2024-05-16,2.11,13.25
2024-05-17,2.211,10.32
2024-05-18,0.723,6.89
2024-05-19,0.148,1.95
2024-05-20,0.262,7.02
2024-05-21,0.0,0.0
2024-05-22,0.0,0.0
2024-05-23,1.332,6.03
2024-05-24,4.216,8.57
2024-05-25,0.012,5.8
2024-05-26,5.424,19.37
2024-05-27,0.676,7.58
2024-05-28,3.589,13.06
2024-05-29,0.0,0.0
2024-05-30,0.0,0.0
2024-05-31,0.0,0.0
2024-06-01,0.0,0.0
2024-06-02,0.0,0.0
2024-06-03,0.0,0.0
2024-06-04,0.0,0.0
2024-06-05,0.0,0.0
2024-06-06,0.0,0.0
2024-06-07,0.0,0.0
2024-06-08,0.0,0.0
2024-06-09,0.0,0.0
2024-06-10,0.0,0.0
2024-06-11,0.354,1.82
2024-06-12,1.23,4.93
2024-06-13,2.176,6.43
2024-06-14,3.69,10.59
2024-06-15,1.022,3.2
2024-06-16,17.904,95.41
2024-06-17,0.047,8.4
2024-06-18,0.043,7.79
2024-06-19,0.013,6.58
2024-06-20,0.015,7.23
2024-06-21,0.137,9.67
2024-06-22,0.0,0.0
2024-06-23,0.0,0.0
2024-06-24,0.0,0.0
2024-06-25,7.27,71.81
2024-06-26,0.0,0.0
2024-06-27,0.0,0.0
2024-06-28,0.0,0.0
2024-06-29,0.0,0.0
2024-06-30,0.021,10.06
2024-07-01,0.089,5.51
2024-07-02,0.014,3.74
2024-07-03,0.0,0.0
2024-07-04,0.015,4.44
2024-07-05,0.01,2.65
2024-07-06,0.869,6.47
2024-07-07,0.318,8.48
2024-07-08,0.0,0.0
2024-07-09,0.264,5.56
2024-07-10,0.117,3.98
2024-07-11,0.241,6.23
2024-07-12,0.091,4.63
2024-07-13,1.132,19.92
2024-07-14,0.223,6.79
2024-07-15,0.0,0.0
2024-07-16,0.0,0.0
2024-07-17,0.0,0.0
2024-07-18,0.0,0.0
2024-07-19,0.0,0.0
2024-07-20,0.04,5.54
2024-07-21,0.087,5.32
2024-07-22,0.0,0.0
2024-07-23,0.0,0.0
2024-07-24,0.0,0.0
2024-07-25,0.0,0.0
2024-07-26,0.025,5.8
2024-07-27,0.023,4.86
2024-07-28,0.0,0.0
2024-07-29,0.0,0.0
2024-07-30,0.076,5.45
2024-07-31,0.0,0.0
2024-08-01,0.0,0.0
2024-08-02,0.0,0.0
2024-08-03,0.0,0.0
2024-08-04,0.0,0.0
2024-08-05,0.0,0.0
2024-08-06,0.0,0.0
2024-08-07,0.0,0.0
2024-08-08,0.0,0.0
2024-08-09,0.379,14.63
2024-08-10,0.026,1.81
2024-08-11,0.008,3.88
2024-08-12,0.0,0.0
2024-08-13,0.0,0.0
2024-08-14,0.0,0.0
2024-08-15,0.0,0.0
2024-08-16,0.0,0.0
2024-08-17,0.0,0.0
2024-08-18,0.0,0.0
2024-08-19,0.0,0.0
2024-08-20,0.0,0.0
2024-08-21,0.215,4.66
2024-08-22,0.296,1.25
2024-08-23,0.888,4.22
2024-08-24,0.485,2.63
2024-08-25,0.187,1.37
2024-08-26,0.463,2.66
2024-08-27,1.136,10.34
2024-08-28,0.812,2.17
2024-08-29,0.228,0.83
2024-08-30,0.097,0.8
2024-08-31,0.143,1.05
2024-09-01,0.0,0.0
2024-09-02,0.0,0.0
2024-09-03,0.0,0.0
2024-09-04,0.0,0.0
2024-09-05,0.0,0.0
2024-09-06,0.0,0.0
2024-09-07,0.0,0.0
2024-09-08,0.0,0.0
2024-09-09,0.0,0.0
2024-09-10,0.0,0.0
2024-09-11,0.561,1.57
2024-09-12,0.316,1.08
2024-09-13,0.484,1.29
2024-09-14,0.267,0.99
2024-09-15,0.234,2.29
2024-09-16,0.046,3.41
2024-09-17,0.0,0.0
2024-09-18,0.0,0.0
2024-09-19,0.0,0.0
2024-09-20,0.0,0.0
2024-09-21,0.0,0.0
2024-09-22,0.0,0.0
2024-09-23,0.0,0.0
2024-09-24,0.0,0.0
2024-09-25,0.0,0.0
2024-09-26,0.0,0.0
2024-09-27,1.738,15.98
2024-09-28,4.723,16.9
2024-09-29,0.336,4.04
2024-09-30,0.411,13.07
2024-10-01,1.663,11.44
2024-10-02,0.948,4.29
2024-10-03,0.207,2.1
2024-10-04,0.223,3.15
2024-10-05,0.701,6.17
2024-10-06,0.0,0.0
2024-10-07,0.0,0.0
2024-10-08,0.048,4.19
2024-10-09,0.019,2.81
2024-10-10,0.0,0.0
2024-10-11,0.081,4.66
2024-10-12,0.0,0.0
2024-10-13,0.0,0.0
2024-10-14,0.0,0.0
2024-10-15,0.0,0.0
2024-10-16,0.0,0.0
2024-10-17,0.0,0.0
2024-10-18,0.0,0.0
2024-10-19,0.0,0.0
2024-10-20,0.013,6.36
2024-10-21,0.0,0.0
2024-10-22,0.0,0.0
2024-10-23,0.0,0.0
2024-10-24,0.0,0.0
2024-10-25,0.0,0.0
2024-10-26,0.0,0.0
2024-10-27,0.004,1.92
2024-10-28,3.198,14.77
2024-10-29,0.468,11.72
2024-10-30,0.0,0.0
2024-10-31,0.127,6.34
2024-11-01,0.0,0.0
2024-11-02,1.252,7.6
2024-11-03,0.963,12.79
2024-11-04,5.288,25.58
2024-11-05,0.114,3.46
2024-11-06,0.156,10.55
2024-11-07,0.576,7.56
2024-11-08,0.349,10.99
2024-11-09,1.376,22.61
2024-11-10,1.224,14.1
2024-11-11,0.153,3.93
2024-11-12,0.0,0.0
2024-11-13,0.0,0.0
2024-11-14,1.538,9.67
2024-11-15,0.0,0.0
2024-11-16,0.0,0.0
2024-11-17,0.0,0.0
2024-11-18,0.0,0.0
2024-11-19,0.0,0.0
2024-11-20,0.0,0.0
2024-11-21,2.104,21.36
2024-11-22,0.042,6.11
2024-11-23,0.197,7.08
2024-11-24,0.0,0.0
2024-11-25,0.0,0.0
2024-11-26,0.0,0.0
2024-11-27,0.358,7.37
2024-11-28,0.137,8.78
2024-11-29,0.0,0.0
2024-11-30,0.0,0.0
2024-12-01,0.0,0.0
2024-12-02,0.0,0.0
2024-12-03,0.059,8.05
2024-12-04,0.09,8.46
2024-12-05,0.166,7.51
2024-12-06,0.239,18.58
2024-12-07,0.63,12.91
2024-12-08,0.0,0.0
2024-12-09,0.759,29.5
2024-12-10,0.051,14.61
2024-12-11,0.014,6.86
2024-12-12,0.212,22.19
2024-12-13,1.561,86.05
2024-12-14,9.429,79.06
2024-12-15,0.0,0.0
2024-12-16,0.029,7.62
2024-12-17,0.0,0.0
2024-12-18,0.0,0.0
2024-12-19,0.0,0.0
2024-12-20,0.693,11.81
2024-12-21,8.213,53.65
2024-12-22,0.015,7.49
2024-12-23,0.018,8.97
2024-12-24,0.138,10.04
2024-12-25,0.034,9.44
2024-12-26,0.312,10.66
2024-12-27,27.433,125.48
2024-12-28,7.204,69.22
2024-12-29,9.026,177.3
2024-12-30,0.79,34.62
2024-12-31,4.025,104.69
2025-01-01,0.0,0.0
2025-01-02,0.0,0.0
2025-01-03,0.0,0.0
2025-01-04,0.02,4.92
2025-01-05,0.356,37.47
2025-01-06,4.189,58.47
2025-01-07,3.885,62.75
2025-01-08,29.666,187.25
2025-01-09,9.462,123.8
2025-01-10,12.544,102.77
2025-01-11,0.056,22.33
2025-01-12,1.018,66.83
2025-01-13,11.759,86.27
2025-01-14,2.625,81.78
2025-01-15,29.451,133.03
2025-01-16,12.306,142.88
2025-01-17,38.415,134.65
2025-01-18,2.778,80.68
2025-01-19,3.173,85.2
2025-01-20,0.669,76.76
2025-01-21,9.282,25.71
2025-01-22,4.015,14.92
2025-01-23,3.365,10.31
2025-01-24,2.476,7.2
2025-01-25,3.972,11.82
2025-01-26,0.0,0.0
2025-01-27,0.0,0.0
2025-01-28,0.44,9.36
2025-01-29,0.035,6.58
2025-01-30,0.0,0.0
2025-01-31,0.009,4.39
2025-02-01,0.0,0.0
2025-02-02,0.0,0.0
2025-02-03,0.0,0.0
2025-02-04,0.626,33.85
2025-02-05,0.048,23.45
2025-02-06,13.589,41.8
2025-02-07,14.785,48.06
2025-02-08,14.89,40.91
2025-02-09,15.99,35.19
2025-02-10,12.753,32.89
2025-02-11,18.196,87.62
2025-02-12,3.708,64.11
2025-02-13,13.458,100.78
2025-02-14,50.717,147.91
2025-02-15,7.996,78.03
2025-02-16,41.254,269.82
2025-02-17,13.646,221.38
2025-02-18,16.626,158.76
2025-02-19,26.999,136.69
2025-02-20,41.217,227.82
2025-02-21,14.664,114.69
2025-02-22,29.785,156.29
2025-02-23,15.615,123.96
2025-02-24,13.649,96.97
2025-02-25,38.231,203.56
2025-02-26,43.927,99.86
2025-02-27,12.788,31.32
2025-02-28,18.215,52.49
2025-03-01,5.794,42.29
2025-03-02,13.363,45.5
2025-03-03,17.18,45.29
2025-03-04,37.518,100.37
2025-03-05,25.464,67.37
2025-03-06,10.515,33.1
2025-03-07,2.718,19.67
2025-03-08,16.692,92.86
2025-03-09,17.918,53.31
2025-03-10,8.743,34.75
2025-03-11,27.089,73.75
2025-03-12,7.193,27.04
2025-03-13,13.519,57.72
2025-03-14,10.86,37.77
2025-03-15,30.304,75.33
2025-03-16,7.297,50.8
2025-03-17,23.056,77.62
2025-03-18,1.006,25.24
2025-03-19,16.73,65.24
2025-03-20,28.161,90.94
2025-03-21,1.593,27.25
2025-03-22,0.0,0.0
2025-03-23,0.164,20.06
2025-03-24,0.0,0.0
2025-03-25,5.928,26.67
2025-03-26,27.275,91.46
2025-03-27,26.895,89.51
2025-03-28,26.498,76.08
2025-03-29,31.227,72.5
2025-03-30,45.568,119.2
2025-03-31,8.323,75.86
2025-04-01,6.584,35.75
2025-04-02,42.734,76.52
2025-04-03,33.537,87.82
2025-04-04,3.511,39.47
2025-04-05,19.776,91.58
2025-04-06,36.617,103.52
2025-04-07,13.246,57.22
2025-04-08,50.21,123.12
2025-04-09,27.239,93.05
2025-04-10,62.105,142.42
2025-04-11,47.513,134.27
2025-04-12,0.495,42.11
2025-04-13,45.859,136.75
2025-04-14,4.937,32.26
2025-04-15,6.137,80.92
2025-04-16,10.509,83.12
2025-04-17,5.23,52.71
2025-04-18,20.696,52.29
2025-04-19,0.0,0.0
2025-04-20,6.247,36.84
2025-04-21,3.666,42.82
2025-04-22,23.55,114.9
2025-04-23,8.761,60.4
2025-04-24,22.167,71.79
2025-04-25,3.689,75.29
2025-04-26,3.147,36.44
2025-04-27,0.223,18.02
2025-04-28,4.384,40.42
2025-04-29,0.0,0.0
2025-04-30,0.0,0.0
2025-05-01,2.431,20.29
2025-05-02,0.349,20.84
2025-05-03,5.092,37.89
2025-05-04,18.889,117.16
2025-05-05,0.009,4.57
2025-05-06,4.006,21.44
2025-05-07,0.923,4.37
2025-05-08,2.019,8.11
2025-05-09,1.204,7.96
2025-05-10,1.09,7.26
2025-05-11,0.0,0.0
2025-05-12,0.0,0.0
2025-05-13,0.0,0.0
2025-05-14,0.0,0.0
2025-05-15,0.0,0.0
2025-05-16,1.566,8.12
2025-05-17,2.827,12.31
2025-05-18,4.758,28.89
2025-05-19,3.413,27.59
2025-05-20,2.867,18.37
2025-05-21,0.0,0.0
2025-05-22,0.0,0.0
2025-05-23,0.0,0.0
2025-05-24,0.0,0.0
2025-05-25,0.0,0.0
2025-05-26,2.608,36.5
2025-05-27,0.676,52.31
2025-05-28,0.0,0.0
2025-05-29,0.0,0.0
2025-05-30,0.0,0.0
2025-05-31,0.0,0.0
2025-06-01,0.01,5.08
2025-06-02,0.051,6.07
2025-06-03,0.0,0.0
2025-06-04,0.0,0.0
2025-06-05,0.0,0.0
2025-06-06,0.0,0.0
2025-06-07,0.348,7.76
2025-06-08,0.0,0.0
2025-06-09,0.0,0.0
2025-06-10,0.0,0.0
2025-06-11,0.554,9.43
2025-06-12,1.402,20.28
2025-06-13,0.756,9.94
2025-06-14,1.076,12.23
2025-06-15,0.983,11.41
2025-06-16,0.39,7.47
2025-06-17,0.132,6.44
2025-06-18,1.504,9.05
2025-06-19,0.0,0.0
2025-06-20,0.01,5.0
2025-06-21,0.0,0.0
2025-06-22,0.016,4.43
2025-06-23,2.429,10.98
2025-06-24,2.023,7.85
2025-06-25,8.07,35.68
2025-06-26,0.0,0.0
2025-06-27,0.043,6.71
2025-06-28,0.0,0.0
2025-06-29,0.0,0.0
2025-06-30,0.0,0.0
2025-07-01,1.123,6.6
2025-07-02,0.88,5.95
2025-07-03,0.443,1.64
2025-07-04,0.291,1.4
2025-07-05,0.112,0.71
2025-07-06,0.018,3.27
2025-07-07,0.053,3.25
2025-07-08,0.0,0.0
2025-07-09,0.019,3.45
2025-07-10,0.0,0.0
2025-07-11,0.037,4.18
2025-07-12,0.068,4.06
2025-07-13,0.0,0.0
2025-07-14,0.0,0.0
2025-07-15,0.0,0.0
2025-07-16,0.0,0.0
2025-07-17,0.015,3.89
2025-07-18,0.121,5.69
2025-07-19,0.0,0.0
2025-07-20,0.0,0.0
2025-07-21,0.054,2.94
2025-07-22,0.249,8.02
2025-07-23,0.033,3.51
2025-07-24,0.439,8.61
2025-07-25,0.437,6.17
2025-07-26,0.006,2.91
2025-07-27,0.0,0.0
2025-07-28,0.0,0.0
2025-07-29,0.0,0.0
2025-07-30,0.084,4.44
2025-07-31,0.0,0.0
2025-08-01,0.0,0.0
2025-08-02,0.0,0.0
2025-08-03,0.196,3.74
2025-08-04,0.054,4.14
2025-08-05,0.035,5.29
2025-08-06,0.717,9.74
2025-08-07,0.0,0.0
2025-08-08,0.0,0.0
2025-08-09,0.0,0.0
2025-08-10,0.0,0.0
2025-08-11,0.786,8.45
2025-08-12,0.011,3.0
2025-08-13,0.0,0.0
2025-08-14,0.0,0.0
2025-08-15,0.285,8.98
2025-08-16,0.02,5.96
2025-08-17,0.188,7.08
2025-08-18,0.276,18.73
2025-08-19,0.035,10.79
2025-08-20,0.041,6.02
2025-08-21,0.054,4.98
2025-08-22,0.473,6.84
2025-08-23,0.0,0.0
2025-08-24,0.0,0.0
2025-08-25,0.538,7.54
2025-08-26,0.538,7.36
2025-08-27,0.057,6.29
2025-08-28,0.0,0.0
2025-08-29,0.0,0.0
2025-08-30,0.0,0.0
2025-08-31,0.0,0.0
2025-09-01,0.0,0.0
2025-09-02,0.0,0.0
2025-09-03,0.0,0.0
2025-09-04,0.0,0.0
2025-09-05,0.723,4.36
2025-09-06,0.037,3.28
2025-09-07,0.746,5.94
2025-09-08,0.0,0.0
2025-09-09,0.0,0.0
2025-09-10,0.171,6.86
2025-09-11,0.034,6.15
2025-09-12,0.103,6.17
2025-09-13,0.0,0.0
2025-09-14,0.0,0.0
2025-09-15,0.0,0.0
2025-09-16,0.597,5.54
2025-09-17,0.0,0.0
2025-09-18,0.015,2.51
2025-09-19,0.025,3.88
2025-09-20,1.086,22.86
2025-09-21,0.166,6.45
2025-09-22,0.114,5.63
2025-09-23,0.89,4.65
2025-09-24,0.0,0.0
2025-09-25,0.0,0.0
2025-09-26,0.649,10.28
2025-09-27,0.0,0.0
2025-09-28,0.0,0.0
2025-09-29,0.028,2.72
2025-09-30,0.018,4.95
2025-10-01,0.07,5.09
2025-10-02,0.185,9.48
2025-10-03,0.295,7.3
2025-10-04,0.446,4.41
2025-10-05,0.0,0.0
2025-10-06,0.227,1.05
2025-10-07,0.361,2.33
2025-10-08,0.317,1.8
2025-10-09,0.714,5.38
2025-10-10,0.171,1.21
2025-10-11,0.0,0.0
2025-10-12,1.218,14.75
2025-10-13,1.432,9.92
2025-10-14,0.112,8.94
2025-10-15,0.0,0.0
2025-10-16,0.017,1.61
2025-10-17,0.223,5.48
2025-10-18,0.0,0.0
2025-10-19,0.0,0.0
2025-10-20,0.0,0.0
2025-10-21,0.0,0.0
2025-10-22,0.003,0.91
2025-10-23,0.006,1.48
2025-10-24,0.0,0.0
2025-10-25,0.0,0.0
2025-10-26,0.026,6.3
2025-10-27,0.235,8.88
2025-10-28,0.217,6.4
2025-10-29,4.572,16.38
2025-10-30,0.059,7.03
2025-10-31,0.016,1.86
2025-11-01,0.0,0.0
2025-11-02,0.0,0.0
2025-11-03,0.0,0.0
2025-11-04,0.015,4.14
2025-11-05,0.07,5.93
2025-11-06,0.008,2.02
2025-11-07,0.0,0.0
2025-11-08,0.0,0.0
2025-11-09,0.0,0.0
2025-11-10,0.0,0.0
2025-11-11,0.0,0.0
2025-11-12,0.0,0.0
2025-11-13,0.0,0.0
2025-11-14,0.0,0.0
2025-11-15,0.024,6.71
2025-11-16,0.0,0.0
2025-11-17,0.017,4.35
2025-11-18,0.0,0.0
2025-11-19,0.0,0.0
2025-11-20,0.0,0.0
2025-11-21,1.056,4.34
2025-11-22,0.844,3.02
2025-11-23,0.435,1.21
2025-11-24,1.062,2.84
2025-11-25,0.696,3.22
2025-11-26,1.631,3.93
2025-11-27,1.304,3.81
2025-11-28,0.802,3.31
2025-11-29,1.119,4.62
2025-11-30,1.159,5.24
2025-12-01,0.366,8.71
2025-12-02,0.145,6.71
2025-12-03,0.0,0.0
2025-12-04,0.0,0.0
2025-12-05,0.0,0.0
2025-12-06,0.647,7.61
2025-12-07,0.0,0.0
2025-12-08,0.0,0.0
2025-12-09,0.0,0.0
2025-12-10,3.484,10.86
2025-12-11,0.0,0.0
2025-12-12,0.0,0.0
2025-12-13,0.0,0.0
2025-12-14,0.01,4.91
2025-12-15,0.316,7.56
2025-12-16,0.0,0.0
2025-12-17,0.0,0.0
2025-12-18,0.0,0.0
2025-12-19,0.609,8.62
2025-12-20,1.225,8.79
2025-12-21,1.199,7.49
2025-12-22,0.254,7.69
2025-12-23,0.035,3.73
2025-12-24,0.578,7.45
2025-12-25,0.0,0.0
2025-12-26,0.121,5.0
2025-12-27,5.838,21.73
2025-12-28,3.067,8.56
2025-12-29,0.604,6.16
2025-12-30,0.0,0.0
2025-12-31,3.387,8.7
2026-01-01,0.087,8.21
2026-01-02,10.273,171.59
2026-01-03,1.946,13.55
2026-01-04,7.687,123.32
2026-01-05,5.742,111.9
2026-01-06,5.981,168.31
2026-01-07,2.008,15.19
2026-01-08,0.0,0.0
2026-01-09,1.48,9.45
2026-01-10,0.242,7.44
2026-01-11,0.742,15.17
2026-01-12,17.435,164.83
2026-01-13,45.842,315.49
2026-01-14,1.042,22.63
2026-01-15,3.924,29.6
2026-01-16,0.0,0.0
2026-01-17,0.111,5.86
2026-01-18,0.0,0.0
2026-01-19,0.0,0.0
2026-01-20,3.448,17.16
2026-01-21,4.707,28.54
2026-01-22,4.102,47.26
2026-01-23,9.082,72.24
2026-01-24,12.331,105.92
2026-01-25,50.131,250.12
2026-01-26,0.0,0.0
2026-01-27,0.748,9.46
2026-01-28,6.465,150.15
2026-01-29,7.626,118.42
2026-01-30,0.0,0.0
2026-01-31,0.412,8.66
2026-02-01,0.0,0.0
2026-02-02,3.608,41.61
2026-02-03,0.0,0.0
2026-02-04,34.822,83.75
2026-02-05,0.088,21.66
2026-02-06,5.959,20.96
2026-02-07,35.991,81.8
2026-02-08,0.011,5.5
2026-02-09,22.791,49.65
2026-02-10,1.216,19.01
2026-02-11,2.296,20.35
2026-02-12,1.869,35.15
2026-02-13,28.066,97.06
2026-02-14,2.63,16.6
2026-02-15,22.968,52.21
2026-02-16,15.667,53.69
2026-02-17,5.003,32.12
2026-02-18,51.408,108.48
2026-02-19,7.581,45.06
2026-02-20,25.705,66.08
2026-02-21,19.479,41.33
2026-02-22,10.958,21.73
2026-02-23,31.817,63.64
2026-02-24,54.781,84.66
2026-02-25,19.346,30.6
2026-02-26,2.281,21.69
2026-02-27,16.243,39.43
2026-02-28,12.476,31.56
2026-03-01,80.39,150.6
2026-03-02,2.549,48.59
2026-03-03,61.781,131.39
2026-03-04,10.072,54.47
2026-03-05,0.065,16.28
2026-03-06,1.707,75.05
2026-03-07,9.794,81.71
2026-03-08,3.331,49.81
2026-03-09,9.45,72.9
2026-03-10,64.597,111.5
2026-03-11,18.527,59.17
2026-03-12,44.015,107.49
2026-03-13,6.313,68.66
2026-03-14,0.191,11.97
2026-03-15,0.061,15.9
2026-03-16,0.098,7.52
2026-03-17,3.149,20.75
2026-03-18,11.844,31.94
2026-03-19,0.533,12.04
2026-03-20,1.122,25.2
2026-03-21,4.394,24.12
2026-03-22,1.209,24.07
2026-03-23,4.074,19.86
2026-03-24,0.173,9.09
2026-03-25,1.736,36.72
2026-03-26,8.422,62.77
2026-03-27,2.752,37.16
2026-03-28,0.727,20.77
2026-03-29,0.0,0.0
2026-03-30,0.095,29.43
2026-03-31,2.014,32.85
2026-04-01,0.361,17.64
2026-04-02,0.079,7.25
2026-04-03,0.0,0.0
2026-04-04,0.0,0.0
2026-04-05,0.015,2.81
2026-04-06,0.56,8.17
2026-04-07,0.045,17.69
2026-04-08,0.47,23.15
2026-04-09,6.501,56.81
2026-04-10,0.0,0.0
2026-04-11,0.0,0.0
2026-04-12,0.631,39.68
2026-04-13,3.578,65.19
2026-04-14,8.163,63.43
2026-04-15,17.467,122.6
2026-04-16,8.572,72.8
2026-04-17,15.5,101.48
2026-04-18,5.384,63.86
2026-04-19,9.894,92.63
2026-04-20,20.943,79.59
2026-04-21,10.644,55.47
2026-04-22,6.668,62.47
2026-04-23,7.474,63.53
2026-04-24,1.944,31.31
2026-04-25,0.392,8.2
2026-04-26,0.0,0.0
2026-04-27,0.291,33.06
2026-04-28,0.0,0.0
2026-04-29,0.724,66.11
2026-04-30,1.28,12.46
2026-05-01,2.546,7.46
2026-05-02,1.777,6.08
2026-05-03,2.636,7.7
2026-05-04,3.081,9.09
2026-05-05,4.232,14.6
2026-05-06,0.0,0.0
2026-05-07,29.648,114.83
2026-05-08,11.632,52.03
2026-05-09,0.019,9.44
2026-05-10,0.106,22.27
2026-05-11,0.0,0.0
2026-05-12,6.917,43.69
2026-05-13,0.0,0.0
2026-05-14,0.0,0.0
2026-05-15,0.0,0.0
2026-05-16,0.0,0.0
2026-05-17,4.853,43.74
2026-05-18,1.645,32.11
2026-05-19,0.03,14.58
2026-05-20,0.012,6.11
2026-05-21,0.014,6.83
2026-05-22,0.0,0.0
2026-05-23,0.133,23.81
2026-05-24,0.0,0.0
2026-05-25,0.0,0.0
2026-05-26,1.26,3.96
2026-05-27,1.73,4.85
2026-05-28,0.878,2.23
2026-05-29,1.565,4.12
2026-05-30,2.242,6.83
2026-05-31,1.356,5.23
2026-06-01,0.107,1.03
2026-06-02,0.198,2.17
2026-06-03,0.235,5.89
2026-06-04,0.955,9.04
2026-06-05,1.234,5.79
2026-06-06,3.461,58.41
2026-06-07,2.393,21.58
2026-06-08,16.341,51.91
2026-06-09,14.228,48.37
2026-06-10,0.0,0.0
2026-06-11,0.0,0.0
2026-06-12,0.0,0.0
2026-06-13,0.0,0.0
2026-06-14,0.047,5.85
2026-06-15,0.254,6.49
2026-06-16,1.778,32.35
2026-06-17,0.355,17.08
2026-06-18,0.0,0.0
2026-06-19,0.0,0.0
2026-06-20,0.0,0.0
2026-06-21,0.0,0.0
2026-06-22,0.0,0.0
2026-06-23,0.0,0.0
2026-06-24,0.0,0.0
2026-06-25,0.0,0.0
2026-06-26,0.01,4.85
2026-06-27,0.05,5.59
2026-06-28,0.0,0.0
2026-06-29,0.566,17.05
2026-06-30,0.0,0.0
2026-07-01,0.234,6.67
2026-07-02,1.622,20.75
2026-07-03,0.157,4.97
2026-07-04,0.0,0.0
2026-07-05,0.007,3.45
2026-07-06,0.0,0.0
2026-07-07,0.0,0.0
2026-07-08,0.064,7.38
2026-07-09,0.076,6.3
2026-07-10,0.489,6.85
2026-07-11,0.095,5.48
2026-07-12,0.037,5.43
2026-07-13,0.0,0.0
2026-07-14,0.0,0.0
2026-07-15,0.012,3.16
2026-07-16,0.0,0.0
2026-07-17,0.023,4.31
2026-07-18,0.0,0.0
2026-07-19,0.004,2.19
2026-07-20,0.239,6.05
2026-07-21,0.006,3.12
2026-07-22,0.004,1.78
2026-07-23,0.284,6.37
2026-07-24,0.009,2.16
2026-07-25,0.228,7.2
2026-07-26,1.672,19.89
2026-07-27,0.0,0.0
2026-07-28,0.14,5.74
2026-07-29,0.0,0.0
2026-07-30,0.086,5.72
2026-07-31,0.0,0.0
