date,mean_mm
2000-06-01,2.8318173248484264
2000-06-02,0.0324519620072955
2000-06-03,0.0463823824350576
2000-06-04,0.18285554746600438
2000-06-05,0.2311970215531165
2000-06-06,0.07315796687746191
2000-06-07,1.1309728827970298
2000-06-08,0.08019247657714675
2000-06-09,0.1611230694008665
2000-06-10,0.08547772215776965
2000-06-11,0.22947034844018332
2000-06-12,0.1991983739386822
2000-06-13,0.3146547705846603
2000-06-14,0.014586037114591608
2000-06-15,0.034957937741529034
2000-06-16,1.017411571299324
2000-06-17,14.30430339175799
2000-06-18,4.398335620748112
2000-06-19,0.106117706852269
2000-06-20,0.0568744929888393
2000-06-21,0.10996974864576273
2000-06-22,1.062055297174023
2000-06-23,0.7670889692452144
2000-06-24,0.17866029300132275
2000-06-25,0.1952879534532706
2000-06-26,0.04864025774670391
2000-06-27,0.1360596561164396
2000-06-28,0.33958405305699674
2000-06-29,0.0520009374686175
2000-06-30,0.10420922493948348
2000-07-01,0.07248516045485373
2000-07-02,0.1280318903963933
2000-07-03,0.04072441828220434
2000-07-04,0.3279670216525265
2000-07-05,0.12219110258994954
2000-07-06,0.15629885476154431
2000-07-07,0.04728330588857794
2000-07-08,0.022862241846956573
2000-07-09,0.02470847096221999
2000-07-10,0.026059174467441076
2000-07-11,0.031054157191359233
2000-07-12,0.04945264068563026
2000-07-13,0.7603075168264557
2000-07-14,0.130516572552749
2000-07-15,0.05056721837594659
2000-07-16,0.027411926895123364
2000-07-17,0.08323384967606759
2000-07-18,0.022083237689487473
2000-07-19,0.04015520755758504
2000-07-20,0.3206371847427708
2000-07-21,1.456298358610941
2000-07-22,0.04367720332763465
2000-07-23,0.10171214675910402
2000-07-24,0.09341727474017822
2000-07-25,0.10966836720483655
2000-07-26,0.021796074439862558
2000-07-27,0.06673999116967762
2000-07-28,0.025604140131436855
2000-07-29,0.46519129511194507
2000-07-30,1.1849177264891972
2000-07-31,0.04666717055259233
2000-08-01,0.6001051440987033
2000-08-02,0.07305977841344377
2000-08-03,0.363707362021785
2000-08-04,1.504977075111365
2000-08-05,0.2571352486337243
2000-08-06,0.12602764862522925
2000-08-07,0.36281757057598746
2000-08-08,0.6653859406298956
2000-08-09,1.0284028677097092
2000-08-10,1.0722413609451147
2000-08-11,0.46513094247106307
2000-08-12,0.13663035510131663
2000-08-13,0.0810943238513921
2000-08-14,0.16862411216623324
2000-08-15,0.09070142931303568
2000-08-16,0.02298796193142934
2000-08-17,0.08732011368113297
2000-08-18,0.06076080620064141
2000-08-19,0.026430532964340815
2000-08-20,0.057227687868953964
2000-08-21,0.046086804316269915
2000-08-22,0.015324234505547197
2000-08-23,0.02376742901171662
2000-08-24,0.026880272443497503
2000-08-25,1.3262952349879
2000-08-26,0.2586673111276384
2000-08-27,0.17463742113877717
2000-08-28,0.20966922987157052
2000-08-29,0.048916952946855816
2000-08-30,0.003072841058574858
2000-08-31,0.22615122228535722
2000-09-01,0.4211979776332771
2000-09-02,0.0420023424621415
2000-09-03,0.08162606564820618
2000-09-04,5.568942064341961
2000-09-05,3.359062584348212
2000-09-06,1.5964468484089753
2000-09-07,3.1080154241169646
2000-09-08,0.626028901040467
2000-09-09,0.10868178132396973
2000-09-10,0.6727764744310467
2000-09-11,0.032867872324378135
2000-09-12,0.0240892730168506
2000-09-13,0.9633768262352945
2000-09-14,2.1567547419402704
2000-09-15,0.4043888689757847
2000-09-16,0.4990555067805216
2000-09-17,0.6588374263562159
2000-09-18,0.026962267203998722
2000-09-19,0.03421157787440694
2000-09-20,0.03925231742581622
2000-09-21,0.03310441539649103
2000-09-22,0.12222640815754483
2000-09-23,0.9525546700507067
2000-09-24,0.9808032309096486
2000-09-25,0.2704346973646291
2000-09-26,0.6353757280222103
2000-09-27,0.17506151648191756
2000-09-28,0.07719142066142301
2000-09-29,0.1133300116623185
2000-09-30,0.2914149219347681
2000-10-01,0.18767248752411367
2000-10-02,0.14611654857704487
2000-10-03,0.002827038725892763
2000-10-04,0.09273238259691131
2000-10-05,0.032041335443443925
2000-10-06,0.3670001741078561
2000-10-07,0.12332078578124661
2000-10-08,0.08405835492581898
2000-10-09,0.02778063096734626
2000-10-10,0.13908652894090529
2000-10-11,0.027289586793271953
2000-10-12,0.6026888829683097
2000-10-13,0.5148137086621698
2000-10-14,0.1895029652227433
2000-10-15,0.22207261605061976
2000-10-16,0.3462068609047332
2000-10-17,0.06546345331200484
2000-10-18,0.06736756187991262
2000-10-19,0.1622534759964471
2000-10-20,0.2203489976724526
2000-10-21,0.3756295125157158
2000-10-22,0.38806316649969963
2000-10-23,0.611566923815974
2000-10-24,0.43942674724763786
2000-10-25,0.410067790106876
2000-10-26,0.15963110366219363
2000-10-27,1.0972550332777666
2000-10-28,0.30824983483517576
2000-10-29,0.10526379598561762
2000-10-30,0.1036845388926061
2000-10-31,0.1375366941202048
2000-11-01,0.028434655083599956
2000-11-02,0.0022535173477590768
2000-11-03,0.006557031310845127
2000-11-04,0.20274723732291028
2000-11-05,0.0
2000-11-06,0.28976217810293103
2000-11-07,1.780485417849669
2000-11-08,0.7997982651102112
2000-11-09,0.07328419283883365
2000-11-10,0.0355316990642942
2000-11-11,0.0770817997470333
2000-11-12,0.002091075929105082
2000-11-13,0.012463945868514043
2000-11-14,0.16359921091126725
2000-11-15,0.1643911586719232
2000-11-16,1.2179658363123598
2000-11-17,0.7964697041389068
2000-11-18,0.9755702531075668
2000-11-19,0.3044937100134641
2000-11-20,0.08471760885031457
2000-11-21,0.23570179129616733
2000-11-22,0.5177505516448907
2000-11-23,0.39566718623632396
2000-11-24,0.1624417648239204
2000-11-25,0.36498346144161287
2000-11-26,0.24790918724514466
2000-11-27,0.15942380615201843
2000-11-28,0.4407368724294696
2000-11-29,0.1049026467491409
2000-11-30,0.255820278987799
2000-12-01,0.5387287726540604
2000-12-02,0.9920114641870268
2000-12-03,0.5196161369672351
2000-12-04,0.5873606665988731
2000-12-05,0.6788286424636241
2000-12-06,0.46697892106954897
2000-12-07,0.14169295583852784
2000-12-08,0.8741996170396831
2000-12-09,0.21992230856114628
2000-12-10,0.27908016819831644
2000-12-11,0.4901803759333984
2000-12-12,0.12448687389810222
2000-12-13,0.8984921803945899
2000-12-14,2.14504668824605
2000-12-15,0.06981007856963217
2000-12-16,0.017821086738857853
2000-12-17,0.014298515826517354
2000-12-18,0.012575062791804897
2000-12-19,0.035478841327107526
2000-12-20,0.09968892492336533
2000-12-21,0.26428466494005975
2000-12-22,0.21825655824250045
2000-12-23,0.23554758575424195
2000-12-24,0.1862050190866649
2000-12-25,1.0067647329848397
2000-12-26,0.5409193444671028
2000-12-27,0.443338988396407
2000-12-28,11.884192064758059
2000-12-29,5.5348258076073344
2000-12-30,1.9932675296130982
2000-12-31,1.5523197636991852
2001-01-01,1.6297439960883333
2001-01-02,5.48624907010995
2001-01-03,0.24419186261700696
2001-01-04,5.476398157453043
2001-01-05,19.239751304211357
2001-01-06,1.9884849254222845
2001-01-07,4.563590478872569
2001-01-08,15.309514244249833
2001-01-09,9.913414083839353
2001-01-10,3.414080366570876
2001-01-11,4.643396306607574
2001-01-12,2.5575770315475004
2001-01-13,2.2944560085511254
2001-01-14,2.2539069913595178
2001-01-15,8.571893877111613
2001-01-16,16.906500880817248
2001-01-17,14.94311133494651
2001-01-18,15.168085118645875
2001-01-19,41.43450559110887
2001-01-20,11.277300411775402
2001-01-21,9.885695016068844
2001-01-22,43.88054130806415
2001-01-23,17.30190775530274
2001-01-24,3.1944936107596558
2001-01-25,16.5440626064786
2001-01-26,3.763838476275811
2001-01-27,1.0097267828104797
2001-01-28,0.6981927980789582
2001-01-29,8.531096378297466
2001-01-30,0.5065626313883776
2001-01-31,1.9854087441884216
2001-02-01,6.770020610980374
2001-02-02,7.204227710167918
2001-02-03,12.197233538826271
2001-02-04,22.210194330415288
2001-02-05,10.624802738622407
2001-02-06,2.624746838102021
2001-02-07,0.30945759626832664
2001-02-08,0.34893847609833734
2001-02-09,0.4211601706504176
2001-02-10,0.43967844635874415
2001-02-11,0.24662819736076347
2001-02-12,0.5052850151535823
2001-02-13,0.7207825323752296
2001-02-14,0.2367694696477957
2001-02-15,1.0282380048745492
2001-02-16,4.02107824359489
2001-02-17,0.605380291827869
2001-02-18,2.464676611997555
2001-02-19,8.543145336906573
2001-02-20,3.1689612889237546
2001-02-21,13.32143738470861
2001-02-22,18.71658521431649
2001-02-23,16.770177391935757
2001-02-24,16.441304552537876
2001-02-25,50.69451671018048
2001-02-26,6.963050957335985
2001-02-27,18.08799599649961
2001-02-28,0.5713624339578022
2001-03-01,0.26794155965180405
2001-03-02,0.7408768166557448
2001-03-03,11.036052012769183
2001-03-04,6.4800346819586405
2001-03-05,5.101370551572243
2001-03-06,21.297250812254703
2001-03-07,2.458876864341849
2001-03-08,4.675851817057625
2001-03-09,2.712608046005172
2001-03-10,7.267476307534785
2001-03-11,8.021825470158744
2001-03-12,3.4497187884312615
2001-03-13,0.45177243760179486
2001-03-14,3.6446169989131425
2001-03-15,39.17506607565948
2001-03-16,14.896150000577645
2001-03-17,6.6220037709402195
2001-03-18,29.912010301994325
2001-03-19,35.76002778396323
2001-03-20,9.967780026130033
2001-03-21,22.108856338950208
2001-03-22,11.945409291100828
2001-03-23,17.668100139485514
2001-03-24,18.972646573317203
2001-03-25,23.63346358115267
2001-03-26,9.95542778812228
2001-03-27,18.44949942957571
2001-03-28,13.236852244195259
2001-03-29,23.975231575901443
2001-03-30,19.21013767796275
2001-03-31,8.35943859751762
2001-04-01,60.094023034971364
2001-04-02,8.33878101764161
2001-04-03,10.731638106311369
2001-04-04,8.752348435701107
2001-04-05,5.565968697775124
2001-04-06,11.559719692704153
2001-04-07,7.6926772765069815
2001-04-08,16.744468069056705
2001-04-09,3.3205246374406125
2001-04-10,5.265085574103865
2001-04-11,2.0855262311257827
2001-04-12,4.831432962768875
2001-04-13,13.291783055956266
2001-04-14,19.188568791658955
2001-04-15,6.102321288724545
2001-04-16,2.0672701761391603
2001-04-17,12.833824115470867
2001-04-18,8.297385628499232
2001-04-19,5.163450899529451
2001-04-20,4.92632291285067
2001-04-21,2.443418896416107
2001-04-22,2.6272507962371945
2001-04-23,4.909026976933799
2001-04-24,0.07151086288122502
2001-04-25,0.11802191617102142
2001-04-26,0.293962634365379
2001-04-27,0.4270224442669942
2001-04-28,0.2459514472288921
2001-04-29,0.5150572110307992
2001-04-30,0.6142479429673032
2001-05-01,1.8767335425165221
2001-05-02,0.1838565273697039
2001-05-03,9.421222546461824
2001-05-04,0.7325925259695919
2001-05-05,4.2423428750452885
2001-05-06,1.031972303927499
2001-05-07,0.49768848962991136
2001-05-08,0.3701783276041056
2001-05-09,0.3239383609865139
2001-05-10,5.534486690782574
2001-05-11,0.16031091166394634
2001-05-12,0.3024326772710622
2001-05-13,0.2756533579196429
2001-05-14,3.1990180369867107
2001-05-15,3.3917555491987494
2001-05-16,0.27162863488658645
2001-05-17,0.20659620343273483
2001-05-18,0.9115013754939492
2001-05-19,3.6530141272828005
2001-05-20,1.1321771844702622
2001-05-21,1.3149761312974582
2001-05-22,2.4594576302473192
2001-05-23,0.5072079204515395
2001-05-24,0.4487582602058312
2001-05-25,0.36911601536706595
2001-05-26,0.9876855883744354
2001-05-27,0.2599502552182969
2001-05-28,0.7630396410341556
2001-05-29,0.8798357577689486
2001-05-30,0.1721090120827982
2001-05-31,0.11990614387500362
2001-06-01,0.18904157775096528
2001-06-02,2.0466302037700825
2001-06-03,0.35576744681707867
2001-06-04,1.2484427861903595
2001-06-05,0.9473491226571059
2001-06-06,0.21921493258094019
2001-06-07,0.05244334937800411
2001-06-08,0.11578963957952049
2001-06-09,2.5202283006697495
2001-06-10,1.0880390244565559
2001-06-11,1.0292850399676863
2001-06-12,0.17821051747912126
2001-06-13,1.1362310409908571
2001-06-14,0.15358289496190944
2001-06-15,0.054241762949376264
2001-06-16,0.054575551505100364
2001-06-17,0.1140000054210558
2001-06-18,0.11338162572764832
2001-06-19,0.20446436554538738
2001-06-20,0.059943827688870195
2001-06-21,0.043509434913113904
2001-06-22,0.07325783018632084
2001-06-23,0.0720952158596427
2001-06-24,0.01684199954371423
2001-06-25,0.011021725213606257
2001-06-26,0.015444010447749942
2001-06-27,0.013766565386790195
2001-06-28,0.09390722390660855
2001-06-29,0.0348665189381171
2001-06-30,0.04810256908547042
2001-07-01,0.05601085704696181
2001-07-02,0.03720897896277166
2001-07-03,0.030244715567766065
2001-07-04,0.024713105461175243
2001-07-05,0.02110096327454834
2001-07-06,0.06924045081354627
2001-07-07,0.08404479677523205
2001-07-08,0.10637993510499266
2001-07-09,0.12079526870528441
2001-07-10,0.11286197856129077
2001-07-11,0.08092757231448461
2001-07-12,0.09915296162453212
2001-07-13,0.5261211602028786
2001-07-14,0.9166221300333425
2001-07-15,0.09949870065831722
2001-07-16,0.16781585959970316
2001-07-17,0.053791846730972655
2001-07-18,0.3652774839611435
2001-07-19,0.09062969777339801
2001-07-20,1.1790129768607578
2001-07-21,0.2687772045044197
2001-07-22,0.626902200023672
2001-07-23,0.5502806506690019
2001-07-24,0.07551612548725081
2001-07-25,0.19958320593368611
2001-07-26,0.03519527091418284
2001-07-27,0.48598534179955877
2001-07-28,1.9709530432326996
2001-07-29,2.386192909589106
2001-07-30,0.11700668445180316
2001-07-31,0.108135211413272
2001-08-01,0.05976545856475944
2001-08-02,0.16387401843260924
2001-08-03,0.17478275140001925
2001-08-04,0.13979305917815654
2001-08-05,0.035925158933488736
2001-08-06,0.08103792009544328
2001-08-07,0.18596614168499112
2001-08-08,0.04448815564754964
2001-08-09,0.07260017449768869
2001-08-10,0.07731912110580094
2001-08-11,0.042538218050950274
2001-08-12,0.034252640939204756
2001-08-13,0.038880327022626504
2001-08-14,0.041674525290305735
2001-08-15,0.05258828586288844
2001-08-16,0.03245676901132631
2001-08-17,0.018642862930667525
2001-08-18,0.0819479500942056
2001-08-19,0.16408174048332286
2001-08-20,0.027461544892320198
2001-08-21,0.013933155277999092
2001-08-22,0.050359438077917464
2001-08-23,0.4764843258750872
2001-08-24,4.098359543069079
2001-08-25,0.036550753941414535
2001-08-26,0.04740354478946188
2001-08-27,0.0421603657643964
2001-08-28,0.05879978672125032
2001-08-29,0.08633764480138129
2001-08-30,0.039041712424068946
2001-08-31,0.06995530123426956
2001-09-01,0.029258363943106536
2001-09-02,0.07159563123168378
2001-09-03,0.08450970614173588
2001-09-04,0.01945759593829981
2001-09-05,0.07806079134456242
2001-09-06,0.8737472213559094
2001-09-07,0.06325317165875596
2001-09-08,0.07846756170979674
2001-09-09,0.5902219757803077
2001-09-10,0.6099487234432647
2001-09-11,1.9792195791975307
2001-09-12,0.03277559831926314
2001-09-13,0.04272978524654313
2001-09-14,2.956905370368975
2001-09-15,1.171928908560151
2001-09-16,0.15654210334915636
2001-09-17,0.40139241715803586
2001-09-18,0.6049282531677833
2001-09-19,0.33405229794986574
2001-09-20,0.10730708976477522
2001-09-21,0.03937630578919259
2001-09-22,0.14564004892455978
2001-09-23,0.046629406015733336
2001-09-24,0.06101981945804272
2001-09-25,0.0474462948787982
2001-09-26,0.2305290999167413
2001-09-27,0.10451440378736147
2001-09-28,1.6243461686275744
2001-09-29,0.3585253419519825
2001-09-30,0.1356312528094995
2001-10-01,0.17474436899134677
2001-10-02,0.06498556404362098
2001-10-03,0.11101067464865258
2001-10-04,0.04183666647858958
2001-10-05,0.08868533469536007
2001-10-06,0.15867192134806132
2001-10-07,0.398741209276768
2001-10-08,0.19062825147028245
2001-10-09,0.3325911575209497
2001-10-10,0.24361741422041394
2001-10-11,0.32158799257939547
2001-10-12,0.2888143342055282
2001-10-13,0.020778670741467633
2001-10-14,0.10797851725228819
2001-10-15,0.21961630248946115
2001-10-16,0.2900167375819489
2001-10-17,0.3963629988277304
2001-10-18,0.0626255704424688
2001-10-19,0.0
2001-10-20,0.042681867750019135
2001-10-21,0.0495282366772312
2001-10-22,0.25380852821864397
2001-10-23,1.5756843881145624
2001-10-24,0.2810293425135289
2001-10-25,0.19929072957910657
2001-10-26,0.21558375417417405
2001-10-27,0.06759635300663214
2001-10-28,0.1864877075624137
2001-10-29,2.4172957094320013
2001-10-30,0.26964083704282255
2001-10-31,0.9975948112806439
2001-11-01,0.3905678805833124
2001-11-02,1.0357000223121104
2001-11-03,0.06793506682864989
2001-11-04,0.013033470057958843
2001-11-05,0.0034833007113843854
2001-11-06,0.04339126437928806
2001-11-07,0.5298167546909147
2001-11-08,0.13144723232084013
2001-11-09,0.1103161506252448
2001-11-10,0.3697730449579321
2001-11-11,0.04154671584974201
2001-11-12,0.16625228883823143
2001-11-13,6.187959489479169
2001-11-14,1.165354595956752
2001-11-15,1.2296307056503675
2001-11-16,0.4991073335279781
2001-11-17,0.2734807200969254
2001-11-18,0.613992149683631
2001-11-19,0.26502267662478
2001-11-20,0.31363687206827956
2001-11-21,1.8754214610416202
2001-11-22,0.17095915242649695
2001-11-23,0.8234798685880901
2001-11-24,0.16769915361074292
2001-11-25,0.18178770725307317
2001-11-26,1.085287237605737
2001-11-27,0.39769165056055056
2001-11-28,0.6066696012555717
2001-11-29,0.6192586524834391
2001-11-30,0.05646355447415684
2001-12-01,0.1650256738806616
2001-12-02,0.275011418149448
2001-12-03,0.04120046365543527
2001-12-04,0.38624101769805186
2001-12-05,0.09370682969535409
2001-12-06,0.14573457503847415
2001-12-07,0.546033689673242
2001-12-08,0.29202115561771613
2001-12-09,0.2120960458591559
2001-12-10,0.4552415477761079
2001-12-11,1.8270042019057577
2001-12-12,0.7567038744733059
2001-12-13,2.4224902072405627
2001-12-14,0.6695310859653585
2001-12-15,0.4472392773031714
2001-12-16,0.5381482231424786
2001-12-17,0.7914264345077802
2001-12-18,0.6404955630519134
2001-12-19,1.091143179975543
2001-12-20,0.5415364545374151
2001-12-21,1.2286561970221292
2001-12-22,1.3548218073875566
2001-12-23,0.34221569680952085
2001-12-24,1.4090271560738288
2001-12-25,5.643381214087059
2001-12-26,1.662997995365195
2001-12-27,0.2272022081244048
2001-12-28,0.6205365596312318
2001-12-29,0.6028370041640985
2001-12-30,2.544668095407965
2001-12-31,1.5141523767804055
2002-01-01,1.6641799237559851
2002-01-02,3.490123676750126
2002-01-03,5.1632593213228635
2002-01-04,0.08182589283786303
2002-01-05,0.28789676542298254
2002-01-06,0.3275647054917039
2002-01-07,1.5575550063578003
2002-01-08,0.7061648328776966
2002-01-09,2.8521559661330618
2002-01-10,0.2005501054614028
2002-01-11,0.5041940023055043
2002-01-12,0.34175285160526947
2002-01-13,0.06326535689736049
2002-01-14,0.6391521192783408
2002-01-15,0.4059389854392081
2002-01-16,3.489083120237289
2002-01-17,4.982381305255793
2002-01-18,12.709096862831508
2002-01-19,2.84244389855431
2002-01-20,0.6276232155530816
2002-01-21,3.222221909969135
2002-01-22,0.6932866239217517
2002-01-23,0.8765244283743445
2002-01-24,2.2364677501213657
2002-01-25,0.6023340829678914
2002-01-26,1.4120388503036632
2002-01-27,1.1462551526149138
2002-01-28,0.6113431464922905
2002-01-29,3.413174974454359
2002-01-30,1.3856070310043522
2002-01-31,1.2135176066063769
2002-02-01,1.3145363724893186
2002-02-02,1.5959846216353295
2002-02-03,2.040397648903716
2002-02-04,74.94034496349751
2002-02-05,21.59029218217608
2002-02-06,46.276244182041026
2002-02-07,2.8729232375650944
2002-02-08,0.7830727038300092
2002-02-09,0.018726699541782143
2002-02-10,6.613910279416596
2002-02-11,11.815335863351175
2002-02-12,6.774112957570782
2002-02-13,4.092949436069704
2002-02-14,5.63164053007741
2002-02-15,4.046981843362206
2002-02-16,4.0941513385878014
2002-02-17,4.963333858823797
2002-02-18,1.1571317314990721
2002-02-19,6.113440990879719
2002-02-20,1.8236903278892436
2002-02-21,13.170695300245178
2002-02-22,23.722686605625608
2002-02-23,7.588850626961251
2002-02-24,18.926415335098163
2002-02-25,6.843501433420145
2002-02-26,4.462978645561323
2002-02-27,10.56242663074133
2002-02-28,55.272884183964564
2002-03-01,1.8539638082048047
2002-03-02,1.8553247433786213
2002-03-03,19.768826968413908
2002-03-04,52.77794650331675
2002-03-05,7.616224909223945
2002-03-06,7.919734752284798
2002-03-07,12.071615094391479
2002-03-08,14.445382700952349
2002-03-09,6.833279172263672
2002-03-10,33.99224538136696
2002-03-11,0.983243924400387
2002-03-12,7.733797916155513
2002-03-13,25.188870395548708
2002-03-14,4.523289607515983
2002-03-15,15.296311961329323
2002-03-16,28.570455776357193
2002-03-17,8.05912555154981
2002-03-18,21.03442242600703
2002-03-19,25.305495151583365
2002-03-20,37.98164883365705
2002-03-21,10.110904548327111
2002-03-22,8.170650575855872
2002-03-23,16.96295347893977
2002-03-24,5.240096300942094
2002-03-25,19.441574992123712
2002-03-26,2.978050237978237
2002-03-27,25.64053525221555
2002-03-28,17.59278035800449
2002-03-29,5.147112331282969
2002-03-30,11.067243625365647
2002-03-31,2.3120143389760823
2002-04-01,9.616852435311642
2002-04-02,27.691636621844804
2002-04-03,6.119799468666385
2002-04-04,19.132008105612744
2002-04-05,27.622473907058698
2002-04-06,7.848353036127189
2002-04-07,49.85754046202008
2002-04-08,14.439387882124038
2002-04-09,10.583564251308466
2002-04-10,12.042658952662114
2002-04-11,9.934294721562543
2002-04-12,0.7403571028367024
2002-04-13,3.4743973412806834
2002-04-14,1.0384175169543388
2002-04-15,6.570017014128419
2002-04-16,3.2510821769143106
2002-04-17,4.977827391273895
2002-04-18,1.8718445713807694
2002-04-19,15.214166523043755
2002-04-20,5.928225493796867
2002-04-21,3.907124127446837
2002-04-22,0.45130225489739517
2002-04-23,0.957927004051078
2002-04-24,7.901327546084972
2002-04-25,15.577563668266384
2002-04-26,7.562586939991326
2002-04-27,15.673756689739642
2002-04-28,6.735384543648082
2002-04-29,1.8072275730951177
2002-04-30,4.177247078459797
2002-05-01,10.571506988921778
2002-05-02,0.7226089110707562
2002-05-03,0.8759643207531576
2002-05-04,0.12140763067642774
2002-05-05,0.6282946831962963
2002-05-06,0.17206534283109232
2002-05-07,3.3196141285830114
2002-05-08,0.11423695026915606
2002-05-09,0.1222121983182089
2002-05-10,2.1084394253865897
2002-05-11,0.7690311818901954
2002-05-12,0.42100682020781616
2002-05-13,0.7873018087102407
2002-05-14,0.11577922443261462
2002-05-15,0.5961635045597726
2002-05-16,2.4295293371728723
2002-05-17,3.240937707348123
2002-05-18,1.0350118759068971
2002-05-19,0.552438752881429
2002-05-20,0.09456861279412272
2002-05-21,0.5412849597902886
2002-05-22,3.4728169836986416
2002-05-23,0.8285417730088259
2002-05-24,1.5448619094202927
2002-05-25,0.3965440869621612
2002-05-26,2.6539623283608296
2002-05-27,0.4668872105883657
2002-05-28,1.6742455078703768
2002-05-29,1.3485270781244059
2002-05-30,0.5298193503469437
2002-05-31,2.2182032357887094
2002-06-01,0.5830084763898427
2002-06-02,0.9074446187870159
2002-06-03,6.605628508941402
2002-06-04,0.17380053315268565
2002-06-05,0.46998383912585284
2002-06-06,1.3269611715799143
2002-06-07,0.3351573771067344
2002-06-08,0.08784468509811086
2002-06-09,0.5509214523198258
2002-06-10,0.034498518997935816
2002-06-11,0.6396691361610406
2002-06-12,0.19670062308607827
2002-06-13,0.09870518270258774
2002-06-14,0.19304305652100018
2002-06-15,0.11802380796465489
2002-06-16,0.1646129695031769
2002-06-17,0.03720042667413364
2002-06-18,0.07067793652065411
2002-06-19,0.10609544458992612
2002-06-20,0.08894956056508892
2002-06-21,0.030480564560945705
2002-06-22,0.0440078719726881
2002-06-23,0.03293754717041905
2002-06-24,0.11967399873986824
2002-06-25,0.0719865323037292
2002-06-26,0.07518818385982809
2002-06-27,0.028309088586997475
2002-06-28,0.026054801696335013
2002-06-29,0.10160567910195344
2002-06-30,0.13904380962781232
2002-07-01,0.06371214296828182
2002-07-02,0.08354221707672091
2002-07-03,0.07535239698214054
2002-07-04,0.10294869356228922
2002-07-05,0.1359622062279019
2002-07-06,0.054041919114488385
2002-07-07,0.05867052904429634
2002-07-08,0.07967276308070544
2002-07-09,0.10005793150837688
2002-07-10,0.08386735585715134
2002-07-11,0.21409518256441107
2002-07-12,0.10202658189097649
2002-07-13,0.03446300743906768
2002-07-14,0.09013400420972703
2002-07-15,0.24254857876119723
2002-07-16,0.11738964084370196
2002-07-17,0.013684563616807725
2002-07-18,0.09742345651169936
2002-07-19,0.07824670503659306
2002-07-20,0.07992738243899859
2002-07-21,0.056947138758108834
2002-07-22,0.07468377627001177
2002-07-23,0.072687282210389
2002-07-24,0.05613479094466313
2002-07-25,0.07633397616076533
2002-07-26,0.22190490136969968
2002-07-27,0.06454981964112508
2002-07-28,0.024583626141932637
2002-07-29,0.049248622555898694
2002-07-30,0.12605196564767412
2002-07-31,0.5369959413351078
2002-08-01,0.02003401049981769
2002-08-02,0.05793907845123064
2002-08-03,0.49146904749347786
2002-08-04,2.7598099316536957
2002-08-05,0.024290940679989773
2002-08-06,0.027735436226228313
2002-08-07,0.03503281648807624
2002-08-08,0.1164339416122635
2002-08-09,0.026712687190956624
2002-08-10,0.011756386366692689
2002-08-11,0.012701154229012952
2002-08-12,0.09125940558176497
2002-08-13,0.014960498045478303
2002-08-14,0.03802041887415573
2002-08-15,0.04216246853759197
2002-08-16,0.026301654635243282
2002-08-17,0.1297607936783973
2002-08-18,0.07029625266287481
2002-08-19,0.04069336075327461
2002-08-20,0.018069694691302422
2002-08-21,0.06788749662639759
2002-08-22,0.007292014041681433
2002-08-23,0.06461195537618757
2002-08-24,0.04052246218129172
2002-08-25,0.07386824056516945
2002-08-26,0.04994729437573883
2002-08-27,0.15733909782737437
2002-08-28,0.0898074639073229
2002-08-29,0.12723145457807805
2002-08-30,0.0338547879385449
2002-08-31,0.1790226027328038
2002-09-01,0.04384326453499838
2002-09-02,0.06293103149544424
2002-09-03,0.2421521303232572
2002-09-04,0.14599765334054252
2002-09-05,0.4163726714958407
2002-09-06,0.04166445953192375
2002-09-07,0.035564589864753395
2002-09-08,0.19412525582267035
2002-09-09,0.0935728759840903
2002-09-10,0.047111842658919476
2002-09-11,0.06329942317269256
2002-09-12,0.07537779864953985
2002-09-13,0.0499507159567611
2002-09-14,0.12343418964294116
2002-09-15,0.49260721875200436
2002-09-16,0.2291209525261527
2002-09-17,0.44854451702888903
2002-09-18,1.9343261331730275
2002-09-19,0.07804833199016022
2002-09-20,0.04560520764738595
2002-09-21,0.18053281963577103
2002-09-22,0.0793612375978085
2002-09-23,0.023638787835174424
2002-09-24,0.03772983182232471
2002-09-25,0.5076624805730197
2002-09-26,0.04529283222099173
2002-09-27,0.3178880321465148
2002-09-28,0.11728877855081807
2002-09-29,0.27863357166195374
2002-09-30,0.18343050149745238
2002-10-01,0.08437449021532263
2002-10-02,0.06950385011451592
2002-10-03,0.18104358241431703
2002-10-04,0.179654802737158
2002-10-05,0.2417414856072157
2002-10-06,0.07171618604519674
2002-10-07,0.686910187871497
2002-10-08,0.1864097850827035
2002-10-09,0.44767379275317476
2002-10-10,0.35039257713085037
2002-10-11,1.2803198186256832
2002-10-12,0.5799278458918641
2002-10-13,0.9694724997139027
2002-10-14,0.2947439681996655
2002-10-15,0.08496653483225719
2002-10-16,1.279794047468357
2002-10-17,0.8367179159188504
2002-10-18,1.6265230007923992
2002-10-19,0.24992557436300858
2002-10-20,0.08524755025310203
2002-10-21,6.419484319476499
2002-10-22,0.6748770910074546
2002-10-23,5.340570466682465
2002-10-24,0.5521956987531195
2002-10-25,0.8413753579183603
2002-10-26,1.3595792937768862
2002-10-27,0.7421563503915003
2002-10-28,0.49346447309449676
2002-10-29,1.5807235058076583
2002-10-30,0.28147397054697426
2002-10-31,0.23897820055654306
2002-11-01,0.5177218648429006
2002-11-02,2.639549680048168
2002-11-03,0.557148298013607
2002-11-04,0.43439500539497394
2002-11-05,3.1893494758713796
2002-11-06,1.8119899103492823
2002-11-07,0.309660632280641
2002-11-08,0.3798708197160402
2002-11-09,0.19258818792911742
2002-11-10,0.3228229713308883
2002-11-11,0.45573293422810063
2002-11-12,0.699602562408434
2002-11-13,3.6049208648643587
2002-11-14,0.46246396259685757
2002-11-15,0.19979654884426898
2002-11-16,0.18316248825522213
2002-11-17,1.4727833502219507
2002-11-18,0.6949599042385022
2002-11-19,0.11367414883439482
2002-11-20,0.22816945297520344
2002-11-21,0.28685013974051654
2002-11-22,1.4095337024868688
2002-11-23,0.19168634421579636
2002-11-24,0.14338654282280786
2002-11-25,0.12880001272587055
2002-11-26,0.6650605652228248
2002-11-27,0.9496151128500381
2002-11-28,0.898877611925674
2002-11-29,1.2576571563206218
2002-11-30,0.9634627572681439
2002-12-01,1.7554961570983565
2002-12-02,1.761292920553535
2002-12-03,1.2299288242895643
2002-12-04,0.4163380043250739
2002-12-05,1.4926526003725702
2002-12-06,12.846162782695924
2002-12-07,1.5096895150436205
2002-12-08,1.4514477693799075
2002-12-09,0.7939213837892396
2002-12-10,1.1992178465169223
2002-12-11,0.14876858387375055
2002-12-12,0.13329593165663067
2002-12-13,0.2690796809802332
2002-12-14,0.4979995110428035
2002-12-15,0.24795479549146868
2002-12-16,4.864601452501405
2002-12-17,1.8332568692147264
2002-12-18,2.529777921838538
2002-12-19,0.5258653227492848
2002-12-20,0.30515471267965016
2002-12-21,0.7501969323155361
2002-12-22,1.1174108769597983
2002-12-23,0.8207955618200583
2002-12-24,0.3607778436109312
2002-12-25,0.42449048243474874
2002-12-26,1.203680178023153
2002-12-27,2.885924613048966
2002-12-28,1.0487784165541603
2002-12-29,6.727671962227084
2002-12-30,0.36343907850678464
2002-12-31,0.6458720428280335
2003-01-01,0.6603489144733115
2003-01-02,0.5295575425847389
2003-01-03,0.8509653057984031
2003-01-04,0.6262520932016677
2003-01-05,2.0710398369254444
2003-01-06,0.31877012973484026
2003-01-07,0.40249311963649
2003-01-08,0.8352718319156679
2003-01-09,0.5423085726894861
2003-01-10,0.6777847476378291
2003-01-11,0.7750536676279258
2003-01-12,1.0836878635442562
2003-01-13,1.1439059371846227
2003-01-14,2.713083571610922
2003-01-15,8.069316008532402
2003-01-16,3.2547334769370044
2003-01-17,5.230348867292475
2003-01-18,0.572974845618822
2003-01-19,43.93560797898687
2003-01-20,13.483248006492643
2003-01-21,1.1675075565398627
2003-01-22,0.2976010985716029
2003-01-23,0.06360132260085187
2003-01-24,0.10207289428368896
2003-01-25,1.575695070321937
2003-01-26,6.395822074850276
2003-01-27,1.5709557202529714
2003-01-28,0.5077817544101078
2003-01-29,0.8542287503070807
2003-01-30,2.7128839840439456
2003-01-31,16.09739403716152
2003-02-01,7.622687277483938
2003-02-02,31.734988314410195
2003-02-03,1.6985584619279919
2003-02-04,0.5817203477451984
2003-02-05,0.4453751658604607
2003-02-06,0.5867027469443371
2003-02-07,0.9457970623185782
2003-02-08,3.023998928786398
2003-02-09,3.2503496260136115
2003-02-10,6.253808259695736
2003-02-11,7.805094062822245
2003-02-12,1.3672060020556258
2003-02-13,0.5304342957812427
2003-02-14,20.245372576675727
2003-02-15,0.5178475276209613
2003-02-16,0.05175977548200573
2003-02-17,0.4718133995665182
2003-02-18,0.2904189150223457
2003-02-19,1.7894360286352418
2003-02-20,3.0699235444373785
2003-02-21,3.186084395588519
2003-02-22,0.25250898563875007
2003-02-23,2.6557632183380657
2003-02-24,16.261845645579164
2003-02-25,3.046452137944202
2003-02-26,2.1117679474612645
2003-02-27,69.35421063713048
2003-02-28,28.3277884680406
2003-03-01,2.770170187470742
2003-03-02,12.295886453367949
2003-03-03,2.8693716192636787
2003-03-04,1.0795840208970366
2003-03-05,3.191741647686866
2003-03-06,2.1639816598379347
2003-03-07,1.2338961666193333
2003-03-08,1.0819920505533085
2003-03-09,0.7393070373091137
2003-03-10,0.9298197419550757
2003-03-11,3.1285620825590335
2003-03-12,0.4240244648331407
2003-03-13,2.6564971639463577
2003-03-14,9.746825998561834
2003-03-15,14.556009669970752
2003-03-16,40.47706562936818
2003-03-17,4.379579052352828
2003-03-18,13.952922617786987
2003-03-19,2.506832768330251
2003-03-20,0.3988196114967411
2003-03-21,0.40097389599013594
2003-03-22,1.7628212736652937
2003-03-23,3.9471388153373925
2003-03-24,5.615856741658828
2003-03-25,2.711697099243238
2003-03-26,5.86863215398429
2003-03-27,0.9857063243588051
2003-03-28,0.34936685427913156
2003-03-29,0.13773001327485035
2003-03-30,0.5826490740731625
2003-03-31,5.945727565405596
2003-04-01,0.5369210729119039
2003-04-02,0.23664582806332193
2003-04-03,0.2895287611763075
2003-04-04,0.22670808774580373
2003-04-05,0.6382429040613772
2003-04-06,0.41853131794464166
2003-04-07,0.1578091555698239
2003-04-08,0.19341716819832855
2003-04-09,7.738754703377756
2003-04-10,7.675827325584264
2003-04-11,1.0131716288361738
2003-04-12,25.455348100275547
2003-04-13,10.444253343416706
2003-04-14,8.684576952168607
2003-04-15,31.650865793716697
2003-04-16,0.24511028522051115
2003-04-17,1.0299344000886357
2003-04-18,0.14836586802083196
2003-04-19,0.23316002007876252
2003-04-20,0.11115989543078279
2003-04-21,1.083864001200711
2003-04-22,14.732286626635782
2003-04-23,3.966912489317853
2003-04-24,6.697528342055387
2003-04-25,1.3114283330673278
2003-04-26,3.505647667390433
2003-04-27,0.6932469002475402
2003-04-28,4.784211347470173
2003-04-29,0.17533051746343045
2003-04-30,1.1549708910776422
2003-05-01,0.12336354691939169
2003-05-02,2.7960122722990675
2003-05-03,0.5823846262648212
2003-05-04,0.3318996283940444
2003-05-05,6.361307723876698
2003-05-06,2.0297642493391814
2003-05-07,1.7824542363582654
2003-05-08,3.4726254643174332
2003-05-09,1.1815999292356123
2003-05-10,0.2412845369528229
2003-05-11,3.215099731940876
2003-05-12,0.29544939851040786
2003-05-13,0.4527971881107256
2003-05-14,1.6727823421064343
2003-05-15,0.3518906147402289
2003-05-16,0.8566839031492949
2003-05-17,0.6237122423182935
2003-05-18,3.878972527656912
2003-05-19,0.6662695797326165
2003-05-20,0.4523376111235003
2003-05-21,0.10540560945960678
2003-05-22,0.18846476782933533
2003-05-23,0.29294055140539027
2003-05-24,0.24556020492305028
2003-05-25,0.3139962741402158
2003-05-26,0.20797498250195393
2003-05-27,0.043190013993729875
2003-05-28,0.09415940949430034
2003-05-29,0.13371851462909629
2003-05-30,0.13390051249987298
2003-05-31,0.3356144113265537
2003-06-01,1.1381105416809572
2003-06-02,1.4903967873269515
2003-06-03,0.0614588304927324
2003-06-04,2.221630420416547
2003-06-05,0.5079212646896265
2003-06-06,1.8717964072041922
2003-06-07,1.4067470003133964
2003-06-08,0.17386248306628582
2003-06-09,0.12335554304581835
2003-06-10,0.1382435343736514
2003-06-11,0.029346087292361718
2003-06-12,1.8056427322392616
2003-06-13,0.4669120676961268
2003-06-14,1.038936270986054
2003-06-15,0.19985632583320076
2003-06-16,0.539204137643581
2003-06-17,3.9345740787440353
2003-06-18,0.1852286508224876
2003-06-19,0.07314977326691605
2003-06-20,0.3218377541855197
2003-06-21,0.46751859279397756
2003-06-22,0.8419447491769322
2003-06-23,0.22604412847963984
2003-06-24,0.08222191666123226
2003-06-25,0.24202307512889326
2003-06-26,0.0341788789957852
2003-06-27,0.02109915199365469
2003-06-28,0.05474044122959856
2003-06-29,2.197493053429979
2003-06-30,0.872848109379138
2003-07-01,5.021945465436851
2003-07-02,0.055964339554258856
2003-07-03,0.03973771937359219
2003-07-04,0.13253894413692005
2003-07-05,0.5669813573484142
2003-07-06,0.10012953783486275
2003-07-07,0.05671849797982871
2003-07-08,2.0476029285551225
2003-07-09,0.18678810315150787
2003-07-10,0.16214899068741437
2003-07-11,4.3029538730641725
2003-07-12,0.06359088343533179
2003-07-13,0.11558840138397847
2003-07-14,0.05986047722882186
2003-07-15,0.05309944340140835
2003-07-16,0.10286364721200847
2003-07-17,0.08520203640645052
2003-07-18,0.04580170711878143
2003-07-19,0.051559204529032315
2003-07-20,0.011101163124474877
2003-07-21,0.10498388356582543
2003-07-22,0.01647318254601501
2003-07-23,0.04416779075835231
2003-07-24,0.1145546083298089
2003-07-25,0.10780603052550847
2003-07-26,0.6311712554096218
2003-07-27,0.0826860945228531
2003-07-28,0.39797064283571654
2003-07-29,0.03746213187997584
2003-07-30,0.022786336983606083
2003-07-31,0.4380961043476313
2003-08-01,0.0824846807728191
2003-08-02,0.03265408753135634
2003-08-03,0.06621382814917216
2003-08-04,0.3158966067749457
2003-08-05,0.10191192469235294
2003-08-06,0.04348472221741146
2003-08-07,0.04290826009143385
2003-08-08,0.06274927547552457
2003-08-09,0.08398912248281226
2003-08-10,0.3196386828934476
2003-08-11,0.2193613246247866
2003-08-12,0.2957505146560782
2003-08-13,0.09201068743528756
2003-08-14,0.013440470532351936
2003-08-15,0.17674554139088267
2003-08-16,0.3207107796886105
2003-08-17,0.14674409051668627
2003-08-18,0.012540872075172673
2003-08-19,0.00573684885368491
2003-08-20,0.01610281992081099
2003-08-21,0.06067139556554755
2003-08-22,0.02191946617308
2003-08-23,0.019628425836562234
2003-08-24,0.009301815117655675
2003-08-25,0.06047724806967086
2003-08-26,0.03769889085784303
2003-08-27,0.3919160813329089
2003-08-28,0.0428712599098227
2003-08-29,0.031763230814974154
2003-08-30,0.004916632884179674
2003-08-31,0.004792571645318584
2003-09-01,0.026366413748942663
2003-09-02,0.003973494916427236
2003-09-03,0.00569696038898819
2003-09-04,0.00996038702414973
2003-09-05,0.024010777172103422
2003-09-06,0.04464961349885811
2003-09-07,0.322401783433314
2003-09-08,0.14788655520107288
2003-09-09,0.27240955690545926
2003-09-10,0.025401836936982072
2003-09-11,0.25778185736728104
2003-09-12,0.0685732639468766
2003-09-13,0.04892733867828524
2003-09-14,0.03442234418087815
2003-09-15,0.03532148694422008
2003-09-16,0.0806109586135093
2003-09-17,0.15793553594337645
2003-09-18,0.14588043547991447
2003-09-19,0.2607003013288085
2003-09-20,0.1784543376263103
2003-09-21,0.36776284451924174
2003-09-22,0.13800007657243185
2003-09-23,0.08240578389987448
2003-09-24,0.4661371950619303
2003-09-25,0.19140813125894474
2003-09-26,0.09925102680104828
2003-09-27,1.162043345607497
2003-09-28,0.28617215982964916
2003-09-29,0.055730864565526415
2003-09-30,0.590176187631016
2003-10-01,0.30919952122509076
2003-10-02,0.296890152522183
2003-10-03,0.7429629544854999
2003-10-04,0.3263761429382254
2003-10-05,0.36646611182643063
2003-10-06,0.4451111047149807
2003-10-07,0.1978916409860099
2003-10-08,0.24134932108385906
2003-10-09,0.22729674006871542
2003-10-10,0.09531870883349594
2003-10-11,0.11145590119776792
2003-10-12,0.02974389111406609
2003-10-13,0.3308890801317669
2003-10-14,0.4873565205478532
2003-10-15,0.25832059874795976
2003-10-16,1.0755304950095947
2003-10-17,1.6663309238187776
2003-10-18,0.3258739294413679
2003-10-19,0.15033839140901184
2003-10-20,0.5863358101641865
2003-10-21,2.1650595594105004
2003-10-22,0.602736746628614
2003-10-23,0.11423488635023359
2003-10-24,0.23231007376265211
2003-10-25,2.791929088351807
2003-10-26,0.47843534675514754
2003-10-27,0.3634991159196008
2003-10-28,0.9098687294113792
2003-10-29,2.417168219289406
2003-10-30,0.5820433658141945
2003-10-31,0.028721463190895788
2003-11-01,0.039484897100061915
2003-11-02,0.06088060821206434
2003-11-03,0.8037367225111351
2003-11-04,0.1020445783596768
2003-11-05,0.08009894761547592
2003-11-06,0.19374738888231632
2003-11-07,0.6212358447663424
2003-11-08,0.054704691331804466
2003-11-09,0.027941885533337034
2003-11-10,0.13615571490036552
2003-11-11,0.619582416096152
2003-11-12,0.48831951254808986
2003-11-13,0.23923884379633942
2003-11-14,0.2746688720743925
2003-11-15,0.585499404482304
2003-11-16,0.1890155643852709
2003-11-17,1.16152935585458
2003-11-18,0.7165663537044188
2003-11-19,0.11867235109338285
2003-11-20,0.05154242943060273
2003-11-21,0.5780464679055107
2003-11-22,1.029947659666293
2003-11-23,0.43919687424590853
2003-11-24,0.040032259124457785
2003-11-25,0.13548098448277332
2003-11-26,0.12656765470171427
2003-11-27,0.3734479304680417
2003-11-28,0.8725646015674872
2003-11-29,2.157356882266237
2003-11-30,3.1134153680132854
2003-12-01,6.249751882906998
2003-12-02,0.21334403256112397
2003-12-03,0.40567078967582065
2003-12-04,0.528044695387939
2003-12-05,0.15421792549854363
2003-12-06,0.5164054980267498
2003-12-07,0.1709654217466278
2003-12-08,0.21015813560117344
2003-12-09,0.0787122900791357
2003-12-10,0.4000924726735434
2003-12-11,1.1479730872242664
2003-12-12,0.9631862614888266
2003-12-13,1.864285310088727
2003-12-14,1.5941114335167053
2003-12-15,1.4789725751997111
2003-12-16,0.14333875265105808
2003-12-17,0.29513489280920074
2003-12-18,0.7439306776664929
2003-12-19,0.369938930508089
2003-12-20,0.533931198586496
2003-12-21,4.494292173493108
2003-12-22,0.190115962836219
2003-12-23,0.2953614546072954
2003-12-24,0.37821523999411893
2003-12-25,0.4687373484994533
2003-12-26,20.484419208420004
2003-12-27,5.249568356181568
2003-12-28,1.7585525973522562
2003-12-29,0.09729315111769052
2003-12-30,0.10403847787390554
2003-12-31,0.6156732464428879
2004-01-01,0.8828495364103256
2004-01-02,0.41711555631656744
2004-01-03,1.4293214555815767
2004-01-04,0.9341021801817325
2004-01-05,1.8439011547823758
2004-01-06,12.70567721627706
2004-01-07,18.71313177193958
2004-01-08,6.347225243796968
2004-01-09,8.678763721091666
2004-01-10,0.2264847656784729
2004-01-11,0.030319798315406724
2004-01-12,0.15713111554153292
2004-01-13,2.787000746116423
2004-01-14,0.07227319126176282
2004-01-15,0.06353080421956638
2004-01-16,2.9424794547544315
2004-01-17,0.7075776938525705
2004-01-18,0.018318058961813537
2004-01-19,0.19168170017463737
2004-01-20,0.06051328596239845
2004-01-21,3.189338659753321
2004-01-22,0.16468939796572019
2004-01-23,1.3586915069476517
2004-01-24,2.4107671699584037
2004-01-25,0.12996447029668062
2004-01-26,0.09940745680910394
2004-01-27,0.31423692943070286
2004-01-28,0.05204453668564667
2004-01-29,0.12743370939718174
2004-01-30,0.09830830681492242
2004-01-31,0.06122443921391737
2004-02-01,0.1297467033870684
2004-02-02,0.05503711834126225
2004-02-03,0.2869297687433891
2004-02-04,0.8849848450497985
2004-02-05,2.963802029336817
2004-02-06,3.209053489859719
2004-02-07,3.4201438586013926
2004-02-08,1.7282736609020273
2004-02-09,0.426777629961898
2004-02-10,0.6620299612777798
2004-02-11,0.3049088017885739
2004-02-12,9.9132513321693
2004-02-13,2.053185504017969
2004-02-14,36.10004534337544
2004-02-15,17.840552518042575
2004-02-16,17.16655864224899
2004-02-17,14.26758461747917
2004-02-18,3.1575010629344575
2004-02-19,34.46590300555707
2004-02-20,5.555355369946311
2004-02-21,1.003763353772354
2004-02-22,3.4198825122412915
2004-02-23,8.119221745985463
2004-02-24,1.9205763378609955
2004-02-25,5.707659632487745
2004-02-26,10.33666702073659
2004-02-27,0.6160222327285835
2004-02-28,1.270368584570664
2004-02-29,5.044588804551692
2004-03-01,1.4306864276055133
2004-03-02,0.3642567305924765
2004-03-03,0.30726882048241994
2004-03-04,2.023385946199901
2004-03-05,9.680238099988692
2004-03-06,26.717254405852444
2004-03-07,23.405009267859484
2004-03-08,9.697417145287597
2004-03-09,3.0019429793863472
2004-03-10,0.8264070543976794
2004-03-11,2.54251523344092
2004-03-12,0.6787380828715889
2004-03-13,0.5067062277186214
2004-03-14,1.434515504250363
2004-03-15,1.203982727213185
2004-03-16,4.609027594906528
2004-03-17,0.99082463342278
2004-03-18,2.182093905142182
2004-03-19,0.2866106556336433
2004-03-20,1.6485293632916778
2004-03-21,0.4444658977547342
2004-03-22,1.3810449439978787
2004-03-23,2.1280260694831816
2004-03-24,1.509070751799045
2004-03-25,3.06290687548911
2004-03-26,28.60825956390548
2004-03-27,26.28012125009568
2004-03-28,17.154441514958773
2004-03-29,5.6329932632042325
2004-03-30,2.696448412877889
2004-03-31,1.505746647338793
2004-04-01,15.413634751239101
2004-04-02,3.199701271163974
2004-04-03,16.72351714674193
2004-04-04,2.220319884964355
2004-04-05,2.0296757651717594
2004-04-06,2.00321734940057
2004-04-07,1.5387666543285998
2004-04-08,1.532506323217434
2004-04-09,2.503174872504223
2004-04-10,2.326395541347231
2004-04-11,2.5403483325044447
2004-04-12,0.5449628546792249
2004-04-13,3.717388181356012
2004-04-14,18.374953013974995
2004-04-15,2.929182001606977
2004-04-16,1.2020692877747152
2004-04-17,0.09817882817099716
2004-04-18,0.20709446653612068
2004-04-19,0.20716904449655324
2004-04-20,4.8367116715634335
2004-04-21,8.922752440091655
2004-04-22,6.029895881590763
2004-04-23,9.94367000049376
2004-04-24,21.675478715722566
2004-04-25,0.6743672318917373
2004-04-26,16.501911292058818
2004-04-27,0.7848409366825521
2004-04-28,1.0214881731632213
2004-04-29,0.07472837314176661
2004-04-30,0.6082255980789616
2004-05-01,0.06588503202119904
2004-05-02,0.3032072808532078
2004-05-03,0.22547049457710663
2004-05-04,1.1778179439199543
2004-05-05,0.25331843789466457
2004-05-06,0.6983506127693417
2004-05-07,0.11987465288381094
2004-05-08,0.464271499222437
2004-05-09,0.3534848188765456
2004-05-10,0.29398746765277534
2004-05-11,0.262912125230469
2004-05-12,0.32640183698537256
2004-05-13,0.10835381247168475
2004-05-14,0.07422713181101874
2004-05-15,1.945952136687422
2004-05-16,9.58881059042863
2004-05-17,6.897620111210743
2004-05-18,16.790148906413485
2004-05-19,9.562009389518959
2004-05-20,0.7180526107535928
2004-05-21,0.6113017569804955
2004-05-22,4.80638182249369
2004-05-23,0.4248275120308823
2004-05-24,0.4691994245451184
2004-05-25,0.5038498354922628
2004-05-26,4.52133525663453
2004-05-27,0.70737347946871
2004-05-28,18.338840586759265
2004-05-29,4.722836038845132
2004-05-30,2.341754635948657
2004-05-31,0.24482567067353256
2004-06-01,0.3956867968528616
2004-06-02,0.2605657907095316
2004-06-03,0.34357888721105206
2004-06-04,1.5748372676161868
2004-06-05,1.1111388009962175
2004-06-06,0.17314016435821408
2004-06-07,0.0680090628682793
2004-06-08,0.5990153572519247
2004-06-09,0.12444395972902911
2004-06-10,0.22441689726828648
2004-06-11,0.09997007276551403
2004-06-12,0.03387852855235272
2004-06-13,0.030974661615473274
2004-06-14,0.2754544989589982
2004-06-15,0.14912748605271275
2004-06-16,0.043215631903438724
2004-06-17,0.016426004545572057
2004-06-18,0.09270351769890196
2004-06-19,0.11868112146897389
2004-06-20,0.10446275276374528
2004-06-21,0.05895252410332417
2004-06-22,0.039246881142907905
2004-06-23,0.07645606988787541
2004-06-24,0.1171967269946311
2004-06-25,0.06994807355517675
2004-06-26,0.10502153036114907
2004-06-27,0.045806150616194634
2004-06-28,0.24877946430131367
2004-06-29,0.15940528276632449
2004-06-30,0.18130265888653518
2004-07-01,0.11071198802988591
2004-07-02,0.06481881381023956
2004-07-03,0.08923633021862055
2004-07-04,0.0741620851135276
2004-07-05,0.3711997377898036
2004-07-06,0.5057337495256435
2004-07-07,0.06809327652965823
2004-07-08,0.3089804802190152
2004-07-09,0.32222661243221634
2004-07-10,0.16399906667002268
2004-07-11,0.04887808675899499
2004-07-12,0.10587883556051064
2004-07-13,0.0995637088700349
2004-07-14,0.319405875614779
2004-07-15,0.9963261147350231
2004-07-16,1.6023762963847594
2004-07-17,0.008480928721532286
2004-07-18,0.019294517139882762
2004-07-19,0.04097174336055745
2004-07-20,0.22909388731330277
2004-07-21,0.040235817546605934
2004-07-22,0.05121460116469634
2004-07-23,0.09844184344798002
2004-07-24,0.023682360297621392
2004-07-25,0.19081220842382535
2004-07-26,0.023800730820561417
2004-07-27,0.34866988214575173
2004-07-28,0.07937218120074019
2004-07-29,0.21007744592427088
2004-07-30,0.8390684124386509
2004-07-31,3.944594190276132
2004-08-01,0.04801096551517587
2004-08-02,0.06448133236969608
2004-08-03,0.016680487935686248
2004-08-04,0.06911870944999515
2004-08-05,0.11303534474510146
2004-08-06,0.014255011175042296
2004-08-07,0.04236173225532324
2004-08-08,0.034164897732757486
2004-08-09,0.06432358027397665
2004-08-10,0.023762607635177905
2004-08-11,0.033961850849254
2004-08-12,0.037034566401460585
2004-08-13,0.029043969416858387
2004-08-14,0.0017620409921629142
2004-08-15,0.006761192638499969
2004-08-16,0.009013593733148863
2004-08-17,0.06804722364583501
2004-08-18,0.9587180482144676
2004-08-19,0.060523921041961366
2004-08-20,4.434493915956682
2004-08-21,0.16928337617668773
2004-08-22,0.0161849754904014
2004-08-23,0.09969248043107114
2004-08-24,0.02122180078682003
2004-08-25,0.07854621933865369
2004-08-26,0.03892732224615657
2004-08-27,0.07309257340057501
2004-08-28,0.04301869354203177
2004-08-29,0.033851445170615536
2004-08-30,0.03158837736899236
2004-08-31,0.038802812018828355
2004-09-01,0.0246294831231692
2004-09-02,0.04920573864681221
2004-09-03,0.07096302962441269
2004-09-04,0.06937721944482267
2004-09-05,0.1905374681728003
2004-09-06,1.4573718458625144
2004-09-07,2.6121567029967383
2004-09-08,4.274103864059001
2004-09-09,3.6702059597784062
2004-09-10,10.710427117349091
2004-09-11,0.584240181068747
2004-09-12,0.163903616700053
2004-09-13,0.29486829564210515
2004-09-14,0.046793677901869266
2004-09-15,0.02528200576087451
2004-09-16,0.04247508335714189
2004-09-17,0.023715188133531125
2004-09-18,0.04186119545779456
2004-09-19,0.017585581113406416
2004-09-20,0.5848386477054766
2004-09-21,0.18097604469213566
2004-09-22,0.019299904297837275
2004-09-23,0.14568386694798566
2004-09-24,0.04373058698061459
2004-09-25,0.22949874422671676
2004-09-26,0.028965935439306027
2004-09-27,0.08262491830347163
2004-09-28,0.04941531624348393
2004-09-29,0.11105852448869294
2004-09-30,0.31363560137031987
2004-10-01,1.7180244358832
2004-10-02,0.1519456931368721
2004-10-03,0.0428572881661495
2004-10-04,0.6968945212828097
2004-10-05,0.043558229988163145
2004-10-06,0.14200008723095617
2004-10-07,0.0678119019930472
2004-10-08,0.017779015386722514
2004-10-09,0.022696287898729156
2004-10-10,0.059890684081044594
2004-10-11,0.11667302624232755
2004-10-12,0.08386183286124027
2004-10-13,0.0455642943876764
2004-10-14,0.17926895295072945
2004-10-15,0.22302693707486174
2004-10-16,0.22438127967889268
2004-10-17,1.5989711156605773
2004-10-18,0.2831537691521907
2004-10-19,0.22602567927167375
2004-10-20,1.6842725778865177
2004-10-21,1.428642894906346
2004-10-22,0.5332012586618405
2004-10-23,1.9674231175956285
2004-10-24,0.4279186660154624
2004-10-25,0.3302485478223905
2004-10-26,0.22811543787224672
2004-10-27,0.8638844878811408
2004-10-28,0.463494812028606
2004-10-29,0.3952508456601606
2004-10-30,0.1238380522472947
2004-10-31,0.07342111370192231
2004-11-01,0.05981910878517345
2004-11-02,0.24269466649725246
2004-11-03,0.32217537464485746
2004-11-04,0.2700015697462198
2004-11-05,0.3732243428103401
2004-11-06,0.1346729979970291
2004-11-07,0.40731416641778084
2004-11-08,0.22728866272117035
2004-11-09,0.11490817977109452
2004-11-10,0.10755800520791946
2004-11-11,0.028964878073823853
2004-11-12,0.04781183936520733
2004-11-13,0.00774383877716339
2004-11-14,0.47440006742072105
2004-11-15,0.0373251758562674
2004-11-16,0.0086842269103974
2004-11-17,0.0352715157828971
2004-11-18,0.9609134027714514
2004-11-19,0.20916924631198322
2004-11-20,3.1517856229111145
2004-11-21,0.8025246946615404
2004-11-22,0.2598116340432904
2004-11-23,0.25680259900919944
2004-11-24,0.8142268227919176
2004-11-25,3.0568831996312285
2004-11-26,0.24916282369671372
2004-11-27,0.1960454592819397
2004-11-28,0.36725914792159475
2004-11-29,0.44215664444121316
2004-11-30,1.5520800884185462
2004-12-01,0.35320312332394616
2004-12-02,1.5105053537946729
2004-12-03,0.1740387570021904
2004-12-04,0.6438506232463415
2004-12-05,0.4505084670064987
2004-12-06,0.38708996246669314
2004-12-07,0.585194139990944
2004-12-08,0.5768395192514185
2004-12-09,0.1883117475266547
2004-12-10,0.08293860057255788
2004-12-11,0.24678443432188046
2004-12-12,0.23075470605059442
2004-12-13,0.06928315776333605
2004-12-14,1.8285331081532628
2004-12-15,6.445973600780347
2004-12-16,4.260675589378009
2004-12-17,2.4852628732808206
2004-12-18,0.3039771504866783
2004-12-19,1.1465145493838669
2004-12-20,4.08225504682132
2004-12-21,0.7825099448257641
2004-12-22,0.9826080226533606
2004-12-23,0.5167826864976429
2004-12-24,0.3052759023857652
2004-12-25,0.25433791092111635
2004-12-26,0.08191552647962064
2004-12-27,0.30906033598606575
2004-12-28,0.025890681607529952
2004-12-29,0.016059196368558713
2004-12-30,0.14968341782627798
2004-12-31,0.027570628752508593
2005-01-01,0.10559366038273098
2005-01-02,0.8365690743509185
2005-01-03,0.5303416632061617
2005-01-04,2.666167478670104
2005-01-05,0.25185297120137057
2005-01-06,1.0497977725192935
2005-01-07,1.5210939547793891
2005-01-08,0.7177616923283282
2005-01-09,0.5330261007365493
2005-01-10,0.6394448969442
2005-01-11,1.9098942096762581
2005-01-12,0.6723683443717412
2005-01-13,0.8264795123180958
2005-01-14,0.234652430988037
2005-01-15,0.12565353741449964
2005-01-16,4.538738949988857
2005-01-17,0.5899193990015847
2005-01-18,0.5334014931416824
2005-01-19,0.12720964016994696
2005-01-20,0.11113522631897046
2005-01-21,0.07378980125495146
2005-01-22,0.6271877459277019
2005-01-23,0.32636929774779877
2005-01-24,5.407645358395393
2005-01-25,20.536250337891286
2005-01-26,0.1764445563203882
2005-01-27,0.15058445155163164
2005-01-28,0.08843255887046861
2005-01-29,0.6750478075184757
2005-01-30,1.9168979589697674
2005-01-31,2.729688108809452
2005-02-01,0.3902695498492654
2005-02-02,4.207353411244435
2005-02-03,1.2523281101589292
2005-02-04,0.9008297156535131
2005-02-05,0.28351955034339477
2005-02-06,0.47270997088823935
2005-02-07,0.6439151054527226
2005-02-08,2.089012049398573
2005-02-09,2.032302544539815
2005-02-10,1.360837823255603
2005-02-11,7.5592504745157365
2005-02-12,13.538322218271473
2005-02-13,1.4740531845383322
2005-02-14,1.5095538900377705
2005-02-15,4.454294481299186
2005-02-16,2.5830814638876065
2005-02-17,1.3206759008240858
2005-02-18,0.24410893243515408
2005-02-19,0.4462245808302069
2005-02-20,1.5349191091887915
2005-02-21,0.5106135984595298
2005-02-22,0.2650347442438094
2005-02-23,0.18491217370125493
2005-02-24,0.12079751848988185
2005-02-25,0.25497817749190205
2005-02-26,0.15121153269756588
2005-02-27,0.8808725984068603
2005-02-28,7.838432918705377
2005-03-01,2.985158394706703
2005-03-02,0.3780889993817589
2005-03-03,4.896705219049612
2005-03-04,4.134672602282112
2005-03-05,3.7040064072626158
2005-03-06,23.469183005861858
2005-03-07,6.760334228788259
2005-03-08,31.844714160872396
2005-03-09,5.048588135569133
2005-03-10,3.8600840994071532
2005-03-11,7.6311857034107655
2005-03-12,6.347899643347169
2005-03-13,20.046271587269835
2005-03-14,9.844441614255688
2005-03-15,6.784800753212079
2005-03-16,19.656499053563916
2005-03-17,5.0002275588017
2005-03-18,6.566306789403738
2005-03-19,3.1868968159928337
2005-03-20,2.2652458436265257
2005-03-21,1.6508665375014413
2005-03-22,0.1335548659799736
2005-03-23,0.36157297751567236
2005-03-24,2.907438260039191
2005-03-25,3.388119042763844
2005-03-26,4.75777370992186
2005-03-27,3.232950113378176
2005-03-28,2.332155262064512
2005-03-29,11.365150574148604
2005-03-30,0.5903064511298537
2005-03-31,2.243481493243678
2005-04-01,0.26025919299632133
2005-04-02,0.9147611303155185
2005-04-03,0.20542217084615888
2005-04-04,0.09168772576629833
2005-04-05,0.8939292845278819
2005-04-06,0.6574443148248131
2005-04-07,3.99678084624142
2005-04-08,1.824462105993519
2005-04-09,0.4937393323726077
2005-04-10,0.7690869754016163
2005-04-11,4.281588895564544
2005-04-12,29.40969338236869
2005-04-13,0.750637343205616
2005-04-14,3.506531171832243
2005-04-15,1.5002512755851545
2005-04-16,5.948603544499708
2005-04-17,3.8945201401480563
2005-04-18,2.8331874888093562
2005-04-19,0.7031657576991832
2005-04-20,20.000418324272452
2005-04-21,47.492253100994006
2005-04-22,2.2299268712195013
2005-04-23,5.483996581070313
2005-04-24,14.350687375148803
2005-04-25,19.597744530894705
2005-04-26,1.3929915420543755
2005-04-27,7.307025662562772
2005-04-28,5.538805982177766
2005-04-29,6.739578713060424
2005-04-30,2.0853232563438557
2005-05-01,1.5015672224349566
2005-05-02,0.38251677165690523
2005-05-03,0.5601360854876581
2005-05-04,0.08885129942842333
2005-05-05,0.6164055223978113
2005-05-06,0.07507637911262188
2005-05-07,0.2812098890115544
2005-05-08,0.1671159334486283
2005-05-09,0.15711104296137635
2005-05-10,0.18626622174011234
2005-05-11,0.16245440901718905
2005-05-12,0.14560057592594142
2005-05-13,0.39601784232180987
2005-05-14,0.10345804035239602
2005-05-15,0.25642726335721105
2005-05-16,0.11105739153841519
2005-05-17,0.2515893011854028
2005-05-18,0.14043929078945827
2005-05-19,1.0866638042498789
2005-05-20,0.3149393014676376
2005-05-21,0.5910054210097392
2005-05-22,1.1880161101314175
2005-05-23,0.3392831291335018
2005-05-24,0.009589045411536575
2005-05-25,0.14120173060682709
2005-05-26,2.051592879545224
2005-05-27,1.7890010454524132
2005-05-28,0.10533956161049121
2005-05-29,0.1402636822808739
2005-05-30,0.21683069668744162
2005-05-31,0.1556340100561297
2005-06-01,0.14741931980831155
2005-06-02,0.07665992255871142
2005-06-03,0.07400898350936212
2005-06-04,0.0576190634268522
2005-06-05,0.2852252004033383
2005-06-06,0.49498078767779957
2005-06-07,0.3904709259689561
2005-06-08,0.14429627359196046
2005-06-09,0.11116951686147919
2005-06-10,0.05204060908927794
2005-06-11,0.22288076814010424
2005-06-12,0.03413040877887901
2005-06-13,0.03797840434523439
2005-06-14,0.054781815593888186
2005-06-15,0.13499723266264058
2005-06-16,0.055631788936750304
2005-06-17,0.05358745553837308
2005-06-18,0.11482115914710647
2005-06-19,0.07597694865654422
2005-06-20,0.03347507869397516
2005-06-21,0.06703352773358096
2005-06-22,0.11162234147687634
2005-06-23,0.06596705221368496
2005-06-24,0.171952294529648
2005-06-25,0.056499368711192585
2005-06-26,0.05643387963790196
2005-06-27,0.12000762002433069
2005-06-28,0.6279286391044965
2005-06-29,4.83509281945561
2005-06-30,1.7985679930203538
2005-07-01,0.3115045089453819
2005-07-02,2.4970978609098586
2005-07-03,0.015364944544354138
2005-07-04,0.04994512559699858
2005-07-05,0.09832142933662184
2005-07-06,0.215939368334402
2005-07-07,0.7740978449586648
2005-07-08,0.03474368170448223
2005-07-09,0.01827290612666659
2005-07-10,0.007991200470698718
2005-07-11,0.010240861200892671
2005-07-12,0.024419192884281536
2005-07-13,0.023802279827736243
2005-07-14,0.026681429251507953
2005-07-15,0.005203001309567891
2005-07-16,0.013230350336258754
2005-07-17,0.6760621104599572
2005-07-18,0.17575901767990895
2005-07-19,0.2794590091144959
2005-07-20,0.49412184680875143
2005-07-21,0.04080821998078977
2005-07-22,0.04260774449789807
2005-07-23,0.011100739019741535
2005-07-24,0.0031129781005628985
2005-07-25,0.02470181841955602
2005-07-26,0.017205583294511568
2005-07-27,0.020942003285838763
2005-07-28,0.008524659328259578
2005-07-29,0.015442580372279593
2005-07-30,0.029048393763566716
2005-07-31,0.08551092614193449
2005-08-01,0.06644507985827931
2005-08-02,0.019953585044622055
2005-08-03,0.03041095684866464
2005-08-04,0.15237209794347012
2005-08-05,0.024752403761038298
2005-08-06,0.022450126851307324
2005-08-07,0.014379649976989395
2005-08-08,0.029582375410706963
2005-08-09,0.11962882675639783
2005-08-10,0.24740797328309072
2005-08-11,0.06424950335615855
2005-08-12,0.10198455759175776
2005-08-13,0.04293443728705331
2005-08-14,0.05257577248324546
2005-08-15,0.08473221650862699
2005-08-16,0.03786110583537499
2005-08-17,0.06396270528875823
2005-08-18,0.11315339669859847
2005-08-19,0.12541817653972087
2005-08-20,0.16957768686392996
2005-08-21,0.058463135307243876
2005-08-22,0.041664363938654164
2005-08-23,0.08976271152309359
2005-08-24,1.48690300021893
2005-08-25,0.1172697556065759
2005-08-26,1.1684580458447766
2005-08-27,0.16072164001212189
2005-08-28,0.10730660114510716
2005-08-29,0.014543796028813064
2005-08-30,0.029419489899050903
2005-08-31,0.04257688852285058
2005-09-01,0.11795000235623997
2005-09-02,0.10954052555659802
2005-09-03,2.835963823706711
2005-09-04,0.027780054482752486
2005-09-05,0.15314207520887438
2005-09-06,0.059842044063865105
2005-09-07,0.02220533331605539
2005-09-08,0.06717508553241802
2005-09-09,0.019832414555283864
2005-09-10,0.10245028015153866
2005-09-11,0.05064887481836803
2005-09-12,0.02615314053095705
2005-09-13,0.03712725857303563
2005-09-14,0.1765190134748579
2005-09-15,0.03291018534053738
2005-09-16,0.035093707281100735
2005-09-17,0.0399028558766039
2005-09-18,0.002294767910427717
2005-09-19,0.006433921363390736
2005-09-20,0.009750594153949603
2005-09-21,0.051355175388030666
2005-09-22,0.3461152442674886
2005-09-23,1.4689494769606704
2005-09-24,0.2680622191563619
2005-09-25,0.18873185474792661
2005-09-26,0.11913341602556095
2005-09-27,1.0372316027193313
2005-09-28,1.0950926299885362
2005-09-29,0.03650381770881498
2005-09-30,0.009668643361285686
2005-10-01,0.140446536818068
2005-10-02,0.04228994263947011
2005-10-03,0.05270006255764133
2005-10-04,0.09050509303436503
2005-10-05,0.13545400847976327
2005-10-06,0.4347907904095111
2005-10-07,0.7682274881566158
2005-10-08,0.6322126938388916
2005-10-09,0.39292238251027445
2005-10-10,0.9496873426249767
2005-10-11,0.7377125586895452
2005-10-12,0.03929277373840204
2005-10-13,0.1815081113806607
2005-10-14,0.07229191980824584
2005-10-15,0.4139739458377055
2005-10-16,0.001679718777717513
2005-10-17,0.8911411846633318
2005-10-18,0.08510527170251905
2005-10-19,0.2673100772714395
2005-10-20,1.0431607792168924
2005-10-21,0.28818298856176644
2005-10-22,0.12278843380143802
2005-10-23,1.063116467608227
2005-10-24,0.39877180917417
2005-10-25,1.1103900965525266
2005-10-26,0.05456920663657626
2005-10-27,0.027125038055677533
2005-10-28,0.07485024303510489
2005-10-29,0.1298652380945283
2005-10-30,0.56395770795544
2005-10-31,1.2679202542821575
2005-11-01,0.23016878804985422
2005-11-02,0.21078830047858815
2005-11-03,0.19071656460966138
2005-11-04,0.1493073221998252
2005-11-05,0.28162209449150716
2005-11-06,0.11034265782631555
2005-11-07,0.019462426719452964
2005-11-08,2.5736582799250223
2005-11-09,0.37080861904944923
2005-11-10,0.15490084622425587
2005-11-11,0.04810446437955903
2005-11-12,0.6573776408784101
2005-11-13,0.09372559769062364
2005-11-14,0.5705926103837738
2005-11-15,0.11051292874336488
2005-11-16,0.16261798439060335
2005-11-17,0.31908572762992393
2005-11-18,0.3895580393913705
2005-11-19,0.07107916724752704
2005-11-20,0.05168106453736612
2005-11-21,0.06109157838930108
2005-11-22,0.7854296555181093
2005-11-23,0.013680651856103405
2005-11-24,0.09271921245017677
2005-11-25,0.3490425226782877
2005-11-26,0.055832179532948646
2005-11-27,0.0062686321603000845
2005-11-28,0.011473058619770802
2005-11-29,0.00151606389590183
2005-11-30,0.03674793084042087
2005-12-01,0.020484705016747668
2005-12-02,0.03158607860139932
2005-12-03,0.18317529709219393
2005-12-04,1.2664699251094986
2005-12-05,1.8888285741584632
2005-12-06,0.20408497792299238
2005-12-07,0.049904135885160884
2005-12-08,0.036627299686743796
2005-12-09,0.02568827076009598
2005-12-10,0.15398309036086766
2005-12-11,0.253051515880091
2005-12-12,0.11852941718995381
2005-12-13,0.35546955656438983
2005-12-14,0.48384862160032893
2005-12-15,0.1230137344183442
2005-12-16,0.06768090941310188
2005-12-17,0.07461134283609139
2005-12-18,3.8245238327013658
2005-12-19,1.1670566644146687
2005-12-20,0.5621199573718755
2005-12-21,1.0359276518937024
2005-12-22,0.5360279953200424
2005-12-23,0.9181188966948525
2005-12-24,4.36643914714391
2005-12-25,4.546731941927284
2005-12-26,12.559002681715091
2005-12-27,26.47471223462294
2005-12-28,0.7398893688434307
2005-12-29,2.763873876888952
2005-12-30,0.05289423813773123
2005-12-31,0.10941370122096347
2006-01-01,0.06729657349182076
2006-01-02,0.9662176305116754
2006-01-03,3.4149615298240117
2006-01-04,0.09261113884257369
2006-01-05,1.7342789928221152
2006-01-06,0.7878787455582152
2006-01-07,0.1763280484878057
2006-01-08,0.3165187868832324
2006-01-09,1.4847359480448559
2006-01-10,0.21317474798021338
2006-01-11,0.14668638474432086
2006-01-12,0.14006976872742424
2006-01-13,0.5381275278398241
2006-01-14,1.1596846005405081
2006-01-15,1.5799680954663453
2006-01-16,6.950530983054508
2006-01-17,0.7220112648349227
2006-01-18,10.974661521164135
2006-01-19,10.46896051765183
2006-01-20,5.043777584292237
2006-01-21,0.06399669292657506
2006-01-22,0.3355774844392729
2006-01-23,0.589439362470832
2006-01-24,3.34742490966557
2006-01-25,0.5909646883185795
2006-01-26,1.8782450519292453
2006-01-27,1.9563997138911486
2006-01-28,5.612876192918387
2006-01-29,21.92403351778072
2006-01-30,34.84728528794777
2006-01-31,33.918600821858846
2006-02-01,3.2770726503180767
2006-02-02,13.8200985870809
2006-02-03,8.404673660814158
2006-02-04,20.593164213130716
2006-02-05,23.293975992151502
2006-02-06,37.07811849427017
2006-02-07,22.754801567682584
2006-02-08,24.202796253591444
2006-02-09,8.669360895201882
2006-02-10,11.919514557427126
2006-02-11,1.4421082349986414
2006-02-12,10.065845869254014
2006-02-13,11.931712568721252
2006-02-14,19.458018134215173
2006-02-15,16.756195340186
2006-02-16,1.1416289978056249
2006-02-17,1.5996773361695715
2006-02-18,32.67455606208093
2006-02-19,10.568814895784065
2006-02-20,12.055883761409351
2006-02-21,6.106239769448048
2006-02-22,2.0044001271071883
2006-02-23,11.498810755124557
2006-02-24,5.63219665818486
2006-02-25,6.598787596404053
2006-02-26,1.4769346623299222
2006-02-27,30.89578192915723
2006-02-28,7.7098006618774715
2006-03-01,22.87668376997601
2006-03-02,2.444237985297135
2006-03-03,1.9743933395294662
2006-03-04,9.187942104141992
2006-03-05,10.341762729586602
2006-03-06,2.409387186461575
2006-03-07,12.053423877651388
2006-03-08,4.847210151940003
2006-03-09,20.09057218259689
2006-03-10,16.95336915527694
2006-03-11,10.767088747587488
2006-03-12,31.577697504008707
2006-03-13,25.817875797630705
2006-03-14,3.989977772355242
2006-03-15,4.172862338250075
2006-03-16,3.7746302316023894
2006-03-17,12.21930192522802
2006-03-18,1.0959598461687203
2006-03-19,1.3707005914729657
2006-03-20,0.46997849503759104
2006-03-21,0.6949399113363146
2006-03-22,4.016114546770053
2006-03-23,12.936598871189753
2006-03-24,2.79583939491731
2006-03-25,30.62017438370999
2006-03-26,1.6558283517398302
2006-03-27,1.823310634496244
2006-03-28,3.9244624165207935
2006-03-29,1.6420895470119756
2006-03-30,1.942006036177657
2006-03-31,9.186831656963106
2006-04-01,8.92133214195743
2006-04-02,4.4118606361732615
2006-04-03,4.582908519285872
2006-04-04,3.5550735898482215
2006-04-05,4.552590185199571
2006-04-06,2.1467726491408214
2006-04-07,10.251417212066299
2006-04-08,1.9152678705026207
2006-04-09,2.972712228728202
2006-04-10,6.947695804486032
2006-04-11,2.551588102094599
2006-04-12,0.5145655052946366
2006-04-13,1.3214645980984083
2006-04-14,0.23629277532562878
2006-04-15,0.6000246389269277
2006-04-16,0.3278616165934262
2006-04-17,2.917268361397716
2006-04-18,7.078397365563566
2006-04-19,0.17903501147298215
2006-04-20,0.2115387896313838
2006-04-21,0.20966299009966116
2006-04-22,0.42647493579683
2006-04-23,1.4266364841487913
2006-04-24,0.9723320018986632
2006-04-25,0.6161886093046307
2006-04-26,1.882744118435836
2006-04-27,2.2088088821404535
2006-04-28,0.933080806174982
2006-04-29,0.35862960954101547
2006-04-30,0.5828367646720309
2006-05-01,0.95223654041549
2006-05-02,0.24256380528914417
2006-05-03,0.41176057642864006
2006-05-04,0.5493977837814823
2006-05-05,1.7985295487530581
2006-05-06,12.824029336869721
2006-05-07,2.5288761985426293
2006-05-08,12.496118245287562
2006-05-09,1.2606762167552552
2006-05-10,0.05415964165036919
2006-05-11,0.12723592792064095
2006-05-12,0.1608345219367609
2006-05-13,0.07407697788167487
2006-05-14,0.10025033832344624
2006-05-15,0.09085335527812106
2006-05-16,0.06896606029722559
2006-05-17,0.1557295925389153
2006-05-18,0.0971947885673583
2006-05-19,0.19850475609606372
2006-05-20,0.39120226625588
2006-05-21,0.1879991029524933
2006-05-22,0.13629015629342864
2006-05-23,0.1938513910762815
2006-05-24,0.2545618979096723
2006-05-25,0.17650083507932282
2006-05-26,0.1156259471554936
2006-05-27,0.15179835785266435
2006-05-28,0.10311432318488242
2006-05-29,0.5138181578134882
2006-05-30,0.15740802022938208
2006-05-31,0.060593511798843626
2006-06-01,0.9331793234517191
2006-06-02,0.3708982509976434
2006-06-03,0.5251933012101541
2006-06-04,0.3964086016757486
2006-06-05,0.4609784282014085
2006-06-06,9.446561876986324
2006-06-07,0.29547659842222845
2006-06-08,4.6423166999943835
2006-06-09,2.1071729900621996
2006-06-10,0.24573082524615034
2006-06-11,0.08823914596335716
2006-06-12,0.27235910342285646
2006-06-13,0.0700217237944906
2006-06-14,0.2181734672857269
2006-06-15,0.03293699881108696
2006-06-16,0.0942939662171572
2006-06-17,0.041510480456243594
2006-06-18,0.11465595350149674
2006-06-19,0.14794381911436796
2006-06-20,0.11520072684795904
2006-06-21,0.031999038708288706
2006-06-22,0.2708537315902782
2006-06-23,0.10788870632032639
2006-06-24,0.05523631020530393
2006-06-25,0.01065470007797801
2006-06-26,0.007864944969107173
2006-06-27,0.0642799666212784
2006-06-28,0.05592778333614607
2006-06-29,0.030891143257964243
2006-06-30,0.04290394367346569
2006-07-01,0.12335683220301283
2006-07-02,0.24740761723436278
2006-07-03,0.2534935893806762
2006-07-04,0.3709040745666172
2006-07-05,0.016059519019924553
2006-07-06,0.026338765453910562
2006-07-07,0.0024576293708884044
2006-07-08,0.017546845024063458
2006-07-09,0.30521025009913566
2006-07-10,0.04118108847594423
2006-07-11,0.021673122353889452
2006-07-12,0.031751217944911266
2006-07-13,0.023683610145574324
2006-07-14,0.1271121214748628
2006-07-15,0.1075315946316878
2006-07-16,0.07949663721046496
2006-07-17,0.036802657443504944
2006-07-18,0.05589174501478548
2006-07-19,0.01646901129378227
2006-07-20,0.06871228513641651
2006-07-21,0.04908439347910437
2006-07-22,0.10647855344659692
2006-07-23,0.02732985473698781
2006-07-24,0.23229395472651868
2006-07-25,0.5548197151330344
2006-07-26,0.0912570768669504
2006-07-27,0.29647596645350255
2006-07-28,2.903074540296997
2006-07-29,1.4967207354610599
2006-07-30,0.09710212839677869
2006-07-31,0.050802794832632024
2006-08-01,0.49775481308230346
2006-08-02,0.10000107377519074
2006-08-03,1.4127322039106205
2006-08-04,0.049970930272296196
2006-08-05,0.022659566575097
2006-08-06,0.13430087418645228
2006-08-07,0.03396811372661798
2006-08-08,0.18887143777570872
2006-08-09,0.02761447906656998
2006-08-10,0.048891845438076176
2006-08-11,0.028358313888943394
2006-08-12,0.43508708224887077
2006-08-13,0.014381878669530758
2006-08-14,0.0297866123303183
2006-08-15,0.5022084220677285
2006-08-16,3.481623920459095
2006-08-17,0.09247635319022068
2006-08-18,0.10042847578326915
2006-08-19,0.7485003110684536
2006-08-20,0.16940023711822863
2006-08-21,0.14377528708085846
2006-08-22,0.9799783212118173
2006-08-23,0.7808869770264841
2006-08-24,0.788150524205429
2006-08-25,0.11924868267028421
2006-08-26,1.1451360515199114
2006-08-27,2.4963007595895683
2006-08-28,0.7568470901576059
2006-08-29,0.08641147947803235
2006-08-30,0.5303236882261032
2006-08-31,0.7826275419228764
2006-09-01,0.07808930748024927
2006-09-02,0.0777715266877186
2006-09-03,0.26516333234083533
2006-09-04,0.5785714414778703
2006-09-05,0.02404599284275549
2006-09-06,0.04896394367449542
2006-09-07,0.1324286039561936
2006-09-08,0.0443423817236331
2006-09-09,0.03417030692652326
2006-09-10,0.12083823761347044
2006-09-11,0.24360587069186349
2006-09-12,0.15170166517051248
2006-09-13,0.0905164138525196
2006-09-14,0.08536895746384537
2006-09-15,0.18034913796434543
2006-09-16,0.12106863463724864
2006-09-17,3.8912709375628154
2006-09-18,3.3947653044330974
2006-09-19,1.3971476663033662
2006-09-20,0.06614731478748755
2006-09-21,0.09845985295705793
2006-09-22,0.23236744712234164
2006-09-23,0.05319526603364473
2006-09-24,0.08200770257241081
2006-09-25,0.1889212491551797
2006-09-26,0.20834291144433564
2006-09-27,0.2750073030842797
2006-09-28,0.23959195825324786
2006-09-29,0.11248242962808583
2006-09-30,0.19581696370853724
2006-10-01,0.11462849255369095
2006-10-02,0.1586230186359464
2006-10-03,0.17000644812570437
2006-10-04,0.32622075961983793
2006-10-05,0.04290639571176117
2006-10-06,0.3424795441391163
2006-10-07,0.3932267007672597
2006-10-08,0.37650561394716453
2006-10-09,0.37425057988861743
2006-10-10,0.292349362942927
2006-10-11,0.24664994700893614
2006-10-12,0.46697444126360427
2006-10-13,1.179007035669615
2006-10-14,0.5246522801475015
2006-10-15,0.43958696712086337
2006-10-16,0.4188254019285063
2006-10-17,1.294775525637069
2006-10-18,0.34799652416625176
2006-10-19,0.0
2006-10-20,0.0001638313566167413
2006-10-21,0.013517640722219068
2006-10-22,0.10264894140279414
2006-10-23,0.1738063875455203
2006-10-24,0.1161191927883742
2006-10-25,0.1146371164162213
2006-10-26,0.031345465926292386
2006-10-27,0.45644900731551713
2006-10-28,0.12829305288844936
2006-10-29,0.29312463653497145
2006-10-30,2.0754226035620005
2006-10-31,1.8784490486805026
2006-11-01,0.3629087958967462
2006-11-02,0.9439382951923043
2006-11-03,0.03260900137027457
2006-11-04,0.12339676981992855
2006-11-05,0.12136479957546728
2006-11-06,0.17627444112996415
2006-11-07,0.25265435506464357
2006-11-08,1.5719808968596392
2006-11-09,0.3484472112437128
2006-11-10,0.2705898094081985
2006-11-11,3.734725934566513
2006-11-12,8.491674577213425
2006-11-13,2.5451027865216713
2006-11-14,1.6996177161801018
2006-11-15,1.7574616851312372
2006-11-16,0.2260699319974035
2006-11-17,0.25192359230426753
2006-11-18,1.4332311326181204
2006-11-19,0.461941978916811
2006-11-20,1.08709830059816
2006-11-21,0.9249825972760198
2006-11-22,1.6288480604307678
2006-11-23,0.24442670050717585
2006-11-24,1.2244235030670754
2006-11-25,1.102457349798295
2006-11-26,1.725929397537812
2006-11-27,1.0858289283744644
2006-11-28,1.4718275007050134
2006-11-29,2.4244811359406127
2006-11-30,0.2685550718697779
2006-12-01,0.4857628507673356
2006-12-02,0.25540993448276544
2006-12-03,0.576849744451588
2006-12-04,1.5229382256071378
2006-12-05,0.367007919844829
2006-12-06,0.8315777702038261
2006-12-07,0.6540944795735286
2006-12-08,0.29330538760088665
2006-12-09,0.1222573509360997
2006-12-10,1.722828471393613
2006-12-11,0.2109002423905379
2006-12-12,1.6765832548475321
2006-12-13,0.2904175190617468
2006-12-14,0.15931814891131596
2006-12-15,0.08311434587611086
2006-12-16,0.28866821559083544
2006-12-17,0.3978509001201869
2006-12-18,0.6344630602469931
2006-12-19,0.26373001156302467
2006-12-20,1.7291866550622828
2006-12-21,7.8328711634529
2006-12-22,5.268183930858794
2006-12-23,1.076193480895811
2006-12-24,6.30289417725336
2006-12-25,0.7648042267180435
2006-12-26,1.9422585545573676
2006-12-27,3.0500433621066154
2006-12-28,3.541630474538263
2006-12-29,0.6775447611058354
2006-12-30,0.5216873452138651
2006-12-31,0.11533904443454011
2007-01-01,0.3362383772556765
2007-01-02,0.22039877101681524
2007-01-03,0.6113775586739024
2007-01-04,1.7065425218990997
2007-01-05,7.342524585700452
2007-01-06,1.139155504113817
2007-01-07,0.72986537995148
2007-01-08,0.5927271912794136
2007-01-09,0.4037796046020753
2007-01-10,10.94772137018735
2007-01-11,0.2098398000558123
2007-01-12,0.340045277031352
2007-01-13,0.08866331702817513
2007-01-14,0.7425850112450044
2007-01-15,0.36580796155064516
2007-01-16,1.0245994922480512
2007-01-17,1.3849784663531104
2007-01-18,47.569854508166976
2007-01-19,9.494380909943526
2007-01-20,6.243987666978165
2007-01-21,2.899824254801662
2007-01-22,13.221034486647875
2007-01-23,1.1123017926512067
2007-01-24,1.3490373974147065
2007-01-25,3.7187835652002534
2007-01-26,29.811680832370378
2007-01-27,15.117839311780854
2007-01-28,2.4763402975025643
2007-01-29,1.8091511831129703
2007-01-30,0.26266879078773625
2007-01-31,2.5765851691038737
2007-02-01,0.703028495595482
2007-02-02,0.31422735057165235
2007-02-03,3.732366939328277
2007-02-04,0.6466625557269078
2007-02-05,1.366359335490192
2007-02-06,1.3054233201506542
2007-02-07,4.735547912067772
2007-02-08,1.0337374523961615
2007-02-09,1.6186910717503176
2007-02-10,0.6365258572504968
2007-02-11,0.9893761119741026
2007-02-12,5.830563664059779
2007-02-13,0.7622010048624946
2007-02-14,2.9355855109738243
2007-02-15,1.1365335640561478
2007-02-16,7.43708868791735
2007-02-17,11.006202918793525
2007-02-18,1.3999263430688897
2007-02-19,4.413381692747761
2007-02-20,3.9832078774791317
2007-02-21,0.07716264836371754
2007-02-22,0.042699886671940405
2007-02-23,0.09199822100005714
2007-02-24,0.047481884371685955
2007-02-25,0.11993795146550891
2007-02-26,0.5415368701806228
2007-02-27,1.0134659196056388
2007-02-28,0.2669487506038155
2007-03-01,0.20679193203261428
2007-03-02,0.4003406779737056
2007-03-03,0.43116545675297835
2007-03-04,3.3300855366850755
2007-03-05,11.111749945382565
2007-03-06,36.361939452436744
2007-03-07,16.34100254039084
2007-03-08,9.182624142944565
2007-03-09,4.305571239112466
2007-03-10,10.0552496864219
2007-03-11,1.3863851963331528
2007-03-12,18.163452318126712
2007-03-13,29.640316267819436
2007-03-14,39.66970050183384
2007-03-15,21.372722511391824
2007-03-16,5.93538239069588
2007-03-17,12.956030810401753
2007-03-18,20.19650967792677
2007-03-19,18.139589626561282
2007-03-20,1.082777519484863
2007-03-21,1.0038358191732375
2007-03-22,3.2423309825422213
2007-03-23,5.3287718325258595
2007-03-24,6.4102243444969425
2007-03-25,0.30531615036899035
2007-03-26,7.973540971527499
2007-03-27,8.532884112598293
2007-03-28,10.49967078291286
2007-03-29,3.7406999162159456
2007-03-30,0.3757835954452396
2007-03-31,0.5594192560510807
2007-04-01,0.5019436273687587
2007-04-02,1.1290902565738263
2007-04-03,4.12474112328029
2007-04-04,1.945034992962663
2007-04-05,8.602811328119856
2007-04-06,0.984041451529347
2007-04-07,1.6957415745535531
2007-04-08,9.583262594895745
2007-04-09,22.743229344221223
2007-04-10,17.626241965812326
2007-04-11,0.5416250065579163
2007-04-12,1.092611732304301
2007-04-13,1.8323381506367
2007-04-14,3.460781411931087
2007-04-15,7.98145935626514
2007-04-16,1.5981083395965938
2007-04-17,6.565957837346418
2007-04-18,0.8611854207877391
2007-04-19,11.052348095315294
2007-04-20,8.166919083633017
2007-04-21,22.21583395831269
2007-04-22,1.1431687776729273
2007-04-23,22.578577636156712
2007-04-24,3.725667750903292
2007-04-25,4.539726789259962
2007-04-26,6.536131527988666
2007-04-27,4.519561271354717
2007-04-28,1.210316522572352
2007-04-29,1.1024148897875026
2007-04-30,1.7103555234644638
2007-05-01,3.754963798670148
2007-05-02,0.25350996271243154
2007-05-03,0.9135393151332578
2007-05-04,11.141609672357871
2007-05-05,0.17560448826611763
2007-05-06,0.7878839950935982
2007-05-07,1.1893053424996227
2007-05-08,0.4984270847494993
2007-05-09,1.2098073262209321
2007-05-10,7.628421334899221
2007-05-11,0.2463143821585411
2007-05-12,2.352321647323704
2007-05-13,0.14446913735803402
2007-05-14,0.12374023782413696
2007-05-15,0.10264390932879246
2007-05-16,0.09842029901323383
2007-05-17,2.0082182812469336
2007-05-18,4.905332500713197
2007-05-19,1.286041393691416
2007-05-20,3.855963666020003
2007-05-21,0.7905894793403981
2007-05-22,0.07245785909938764
2007-05-23,0.06735917893052554
2007-05-24,0.05588821005169098
2007-05-25,3.891422417048229
2007-05-26,2.748760247568677
2007-05-27,0.18927346135986617
2007-05-28,0.11244328917733182
2007-05-29,0.3556056229729715
2007-05-30,7.260052117781891
2007-05-31,2.2739637571365976
2007-06-01,2.687096701968183
2007-06-02,1.1019144448939004
2007-06-03,2.6907362236108443
2007-06-04,1.0190230979186827
2007-06-05,0.5116074076467079
2007-06-06,1.1715900708602527
2007-06-07,2.088881173798658
2007-06-08,0.7930911423951141
2007-06-09,0.24377001341200377
2007-06-10,0.1202592995129711
2007-06-11,0.628595561522848
2007-06-12,0.4422272146108197
2007-06-13,0.32575108161327615
2007-06-14,0.6479546506582808
2007-06-15,0.5987792428826939
2007-06-16,0.09763812972841429
2007-06-17,0.13587813236818003
2007-06-18,0.10898882707754788
2007-06-19,0.13427464943553002
2007-06-20,0.3187962183395546
2007-06-21,5.9273264515218935
2007-06-22,5.175794113288811
2007-06-23,0.6335993709998404
2007-06-24,0.2481430024727641
2007-06-25,0.13616786120014077
2007-06-26,0.10029420667504223
2007-06-27,2.2229693381302464
2007-06-28,0.08571196876281455
2007-06-29,0.07941167889637007
2007-06-30,0.09135303917558461
2007-07-01,0.027335316956958677
2007-07-02,0.00495702417245132
2007-07-03,0.014012767663552719
2007-07-04,0.02203921517722841
2007-07-05,0.003071999869477025
2007-07-06,0.0018022786737950313
2007-07-07,0.09846074091032102
2007-07-08,0.03897542377730307
2007-07-09,0.034540733310077426
2007-07-10,0.01978937888159116
2007-07-11,0.023185856302244283
2007-07-12,0.00913373084150983
2007-07-13,0.009669201175184161
2007-07-14,0.028272868002545543
2007-07-15,0.5099570351220077
2007-07-16,1.8834217859456353
2007-07-17,2.245644312319447
2007-07-18,0.10843091763438918
2007-07-19,0.03904817156571687
2007-07-20,0.2709664985176078
2007-07-21,0.4057433657948454
2007-07-22,0.024676976712535395
2007-07-23,0.013234117759047172
2007-07-24,0.0043020079850903505
2007-07-25,0.3282793125868823
2007-07-26,0.4037574560041006
2007-07-27,1.077498610930324
2007-07-28,0.010527481104106206
2007-07-29,0.001966770292334675
2007-07-30,0.001721028267851998
2007-07-31,0.0053269015876209885
2007-08-01,0.008521905863053455
2007-08-02,0.0003277726094398802
2007-08-03,0.001474846459439788
2007-08-04,0.2423086663830469
2007-08-05,0.027945868014781813
2007-08-06,0.04711941927422992
2007-08-07,0.03450118300638042
2007-08-08,2.429535370427685
2007-08-09,4.571273837629691
2007-08-10,0.02233072116041714
2007-08-11,0.16470272432684135
2007-08-12,0.35802681737009534
2007-08-13,0.03769062845589492
2007-08-14,0.041670024240843775
2007-08-15,0.07928035571446292
2007-08-16,1.246340244288601
2007-08-17,0.06719522919212716
2007-08-18,0.6314165285337394
2007-08-19,0.05932336407541265
2007-08-20,0.020034089590704893
2007-08-21,0.01593798481353496
2007-08-22,0.07518020889992445
2007-08-23,0.010285684292201593
2007-08-24,0.041340577355487254
2007-08-25,0.0533423743371208
2007-08-26,0.29107137195609345
2007-08-27,0.3668219155910533
2007-08-28,0.2805244980483457
2007-08-29,1.0318960343034886
2007-08-30,0.5081002537741272
2007-08-31,0.07489293337521093
2007-09-01,0.16208966674300254
2007-09-02,0.039538566187294934
2007-09-03,0.016553277784306795
2007-09-04,0.040971792945175244
2007-09-05,0.914014953474851
2007-09-06,0.08069830354536132
2007-09-07,0.03662935970495154
2007-09-08,0.025361485821123776
2007-09-09,0.02818959806645713
2007-09-10,0.019876987497766473
2007-09-11,0.033235232562919235
2007-09-12,0.0070474390771839085
2007-09-13,0.008030617501152361
2007-09-14,0.16041731808591164
2007-09-15,0.5128691603484093
2007-09-16,0.26936940465163856
2007-09-17,0.2414190909528094
2007-09-18,0.021634756815557845
2007-09-19,0.07336948273280988
2007-09-20,0.010570816350522507
2007-09-21,0.061579192538685386
2007-09-22,0.022614861942930047
2007-09-23,0.018439260292393407
2007-09-24,0.035122082299030674
2007-09-25,1.0167414084685233
2007-09-26,0.5438743809645491
2007-09-27,0.03355880997259721
2007-09-28,0.018110302717459663
2007-09-29,0.09509919044864586
2007-09-30,2.0235099794448232
2007-10-01,1.5518629575974308
2007-10-02,0.4093504048087738
2007-10-03,0.04126870850876101
2007-10-04,0.034620484687349816
2007-10-05,0.06969106619707226
2007-10-06,0.026387966309477665
2007-10-07,0.08021749725319094
2007-10-08,0.9345689671221693
2007-10-09,10.142552499365879
2007-10-10,0.32799418500439437
2007-10-11,0.20763367572011276
2007-10-12,0.0990531793458017
2007-10-13,0.06104044267947727
2007-10-14,0.2245216462787463
2007-10-15,0.028109552476328143
2007-10-16,0.03679538339345978
2007-10-17,0.5258945643253411
2007-10-18,0.18257364479831892
2007-10-19,1.4665804287977555
2007-10-20,0.2280667755190543
2007-10-21,0.19156395436660406
2007-10-22,0.043017510035624415
2007-10-23,0.7297806401964577
2007-10-24,0.05986144150437508
2007-10-25,0.08859030565860186
2007-10-26,0.026260382471061886
2007-10-27,0.005448901115711513
2007-10-28,0.28207127666668735
2007-10-29,0.34820672929872704
2007-10-30,0.025647896648009698
2007-10-31,0.27320242716674076
2007-11-01,0.1479890614271875
2007-11-02,0.1333311984542855
2007-11-03,1.2117973986322035
2007-11-04,1.7255250004920584
2007-11-05,0.9722354244813727
2007-11-06,0.7501527606584513
2007-11-07,2.00198078223009
2007-11-08,2.9776744162560864
2007-11-09,1.111067841004046
2007-11-10,2.1287493748894426
2007-11-11,3.1396546938275685
2007-11-12,0.8339589566392912
2007-11-13,0.13254346674219847
2007-11-14,0.12501812789634967
2007-11-15,0.21303616141097756
2007-11-16,0.6042998319103086
2007-11-17,0.1400312249158321
2007-11-18,0.485408623669676
2007-11-19,0.22870872393281297
2007-11-20,0.18001243032513267
2007-11-21,0.2870018215968537
2007-11-22,0.7322028730485772
2007-11-23,0.9789501021165322
2007-11-24,0.0836769954330572
2007-11-25,0.1610479184791194
2007-11-26,0.20992005144843542
2007-11-27,0.3211330029572535
2007-11-28,0.4868677553080508
2007-11-29,0.07094526543171838
2007-11-30,0.13288643130269456
2007-12-01,0.08570184375960409
2007-12-02,0.058344438461352156
2007-12-03,0.031750513702744586
2007-12-04,0.004958332671094236
2007-12-05,0.0
2007-12-06,0.07756900997839412
2007-12-07,0.30350657088182253
2007-12-08,1.1178616511350974
2007-12-09,0.020445639823967642
2007-12-10,0.09473113166204163
2007-12-11,0.11614441839749226
2007-12-12,5.863324526937057
2007-12-13,2.760283500838838
2007-12-14,1.8430304174426726
2007-12-15,1.3825439562426745
2007-12-16,0.37516129628532424
2007-12-17,0.8303905664529253
2007-12-18,0.11944750410757184
2007-12-19,0.1228575446769099
2007-12-20,0.3663018320544707
2007-12-21,1.0201021827714483
2007-12-22,1.2164420258993782
2007-12-23,0.24667043808644568
2007-12-24,0.21411188370594203
2007-12-25,0.17093571787266393
2007-12-26,0.6011735945325096
2007-12-27,3.979182691456563
2007-12-28,2.865972234683176
2007-12-29,0.4012328520736914
2007-12-30,0.23389345938418227
2007-12-31,0.07952044069994627
2008-01-01,1.276656583091722
2008-01-02,20.612758271571515
2008-01-03,8.022380283008426
2008-01-04,0.8512577716335787
2008-01-05,0.13741205162604975
2008-01-06,0.385742168496023
2008-01-07,1.6339953095597242
2008-01-08,7.315751203577694
2008-01-09,9.935026245957491
2008-01-10,5.535680666288476
2008-01-11,0.24739320955512892
2008-01-12,0.7872160706434919
2008-01-13,10.17886373362771
2008-01-14,1.0780624901095457
2008-01-15,4.684973921615644
2008-01-16,1.6076860025699546
2008-01-17,27.045935179911197
2008-01-18,1.918431255196641
2008-01-19,1.6691607586476216
2008-01-20,1.7098968366522274
2008-01-21,1.4460331875815675
2008-01-22,3.9162177810719183
2008-01-23,7.099267732511097
2008-01-24,2.1118916533052023
2008-01-25,6.9915068901849935
2008-01-26,3.5411452386681037
2008-01-27,0.46652024324575636
2008-01-28,23.566156099720683
2008-01-29,10.085389423670193
2008-01-30,3.3303719180190163
2008-01-31,6.810588397887307
2008-02-01,2.2589978719818617
2008-02-02,0.6489539219994677
2008-02-03,1.7500366561162788
2008-02-04,0.628708792152892
2008-02-05,0.3130239979329886
2008-02-06,0.20408960404469312
2008-02-07,0.3672040727251615
2008-02-08,0.6918877352567002
2008-02-09,0.6433833490653186
2008-02-10,3.0146293985818717
2008-02-11,7.450489306851329
2008-02-12,13.637913952620726
2008-02-13,6.846074405620234
2008-02-14,9.035148146471448
2008-02-15,23.860589165894353
2008-02-16,50.16698924205971
2008-02-17,18.091881134236047
2008-02-18,54.32326872334474
2008-02-19,27.730909158784844
2008-02-20,25.781814373976662
2008-02-21,22.538962307239768
2008-02-22,4.087632122404113
2008-02-23,4.667398704614342
2008-02-24,31.865729665276245
2008-02-25,23.299830061366166
2008-02-26,4.717102359050993
2008-02-27,23.44920848192398
2008-02-28,6.512712404944463
2008-02-29,42.45580802817923
2008-03-01,1.7579639286860653
2008-03-02,11.423594646395603
2008-03-03,13.336554876317713
2008-03-04,12.530365798036838
2008-03-05,38.191171273435955
2008-03-06,16.459615589554893
2008-03-07,6.534603335917049
2008-03-08,14.024319523522013
2008-03-09,17.372463144962037
2008-03-10,6.5529168195448415
2008-03-11,8.486616347228805
2008-03-12,8.032994135520498
2008-03-13,3.2947464066439496
2008-03-14,9.441161266606851
2008-03-15,7.868674263069174
2008-03-16,9.394027439451849
2008-03-17,10.258154456159868
2008-03-18,30.400151411782204
2008-03-19,16.7848897567003
2008-03-20,11.018212984284927
2008-03-21,10.618172051603601
2008-03-22,26.421238588854802
2008-03-23,13.753756646472336
2008-03-24,2.1516123370338804
2008-03-25,7.090965453313871
2008-03-26,4.59831568105273
2008-03-27,3.3392359067484882
2008-03-28,13.843946682907365
2008-03-29,4.525709999381309
2008-03-30,14.321805402662354
2008-03-31,28.16788600213366
2008-04-01,7.466129380946564
2008-04-02,13.091607591656407
2008-04-03,2.4202703275581845
2008-04-04,0.8253870840059115
2008-04-05,0.49879411821863023
2008-04-06,6.705005545200334
2008-04-07,1.0189817276711262
2008-04-08,2.797844735672958
2008-04-09,1.8539826088347382
2008-04-10,11.945432892359756
2008-04-11,1.362721771618941
2008-04-12,4.407600748210401
2008-04-13,2.979577610157687
2008-04-14,5.836638965228702
2008-04-15,11.692307572875373
2008-04-16,0.38148729685727956
2008-04-17,1.5830456939385777
2008-04-18,0.1687042035673118
2008-04-19,2.9600333369345493
2008-04-20,0.5580191626298178
2008-04-21,11.330880134696526
2008-04-22,19.636638187066723
2008-04-23,5.381061194763808
2008-04-24,9.092802575878881
2008-04-25,39.47916857900748
2008-04-26,0.7646917182531672
2008-04-27,3.681854865885931
2008-04-28,4.7819837182201494
2008-04-29,34.81375130866278
2008-04-30,10.242067448397782
2008-05-01,4.0467878201222405
2008-05-02,3.10370455623588
2008-05-03,2.6043263322468735
2008-05-04,10.688672808835605
2008-05-05,0.6548185088705724
2008-05-06,0.40223160066442265
2008-05-07,0.062448143362393904
2008-05-08,0.18288557896087457
2008-05-09,0.1953795960942178
2008-05-10,0.9896335405346584
2008-05-11,0.21981640753693135
2008-05-12,0.08782012936669299
2008-05-13,0.6239974196532316
2008-05-14,0.8175376856620704
2008-05-15,0.8393642765387542
2008-05-16,3.1847056605065807
2008-05-17,2.0643971746630636
2008-05-18,1.9321701615094986
2008-05-19,3.3686679576746696
2008-05-20,1.029761475442621
2008-05-21,0.5369322317150031
2008-05-22,2.376599253080026
2008-05-23,1.9460180878049176
2008-05-24,0.3692548623665495
2008-05-25,1.6711273557912978
2008-05-26,1.7226155795531473
2008-05-27,2.9528732590785802
2008-05-28,11.431805201607673
2008-05-29,11.861463809032953
2008-05-30,2.0134850478993616
2008-05-31,0.5282016304792938
2008-06-01,2.4071535295153774
2008-06-02,0.16490424480825427
2008-06-03,0.04462382080072324
2008-06-04,0.02118311798647087
2008-06-05,0.04942380284352781
2008-06-06,0.05303318956716951
2008-06-07,0.3077399014518749
2008-06-08,0.18599294362201477
2008-06-09,0.2871080637404857
2008-06-10,0.18739238890932577
2008-06-11,0.08221056996146493
2008-06-12,0.039050109982416065
2008-06-13,0.060590631614012576
2008-06-14,0.42126040059719694
2008-06-15,0.4328911198075293
2008-06-16,0.4218575898571491
2008-06-17,3.873489942389024
2008-06-18,0.24269647041684655
2008-06-19,0.5494226510818042
2008-06-20,0.3944322107686383
2008-06-21,0.053226399405553036
2008-06-22,5.244428523138094
2008-06-23,0.1867805592478932
2008-06-24,2.9100483485081825
2008-06-25,4.905520028578596
2008-06-26,0.045045855875438245
2008-06-27,0.025980556964894985
2008-06-28,0.05930208147418796
2008-06-29,0.05141861105492286
2008-06-30,0.07957250844312681
2008-07-01,0.13983498211600748
2008-07-02,0.06773709330583726
2008-07-03,0.24403320461793554
2008-07-04,0.052696517435058564
2008-07-05,0.03978202044147177
2008-07-06,0.026220959713192205
2008-07-07,0.06137490637515509
2008-07-08,1.705463358385788
2008-07-09,1.0316411184983034
2008-07-10,0.9906787623015361
2008-07-11,0.27296966617443136
2008-07-12,2.748302526391173
2008-07-13,0.11023004668476585
2008-07-14,0.19229743569250274
2008-07-15,2.456286145462657
2008-07-16,0.37878386224629784
2008-07-17,0.03978377277575064
2008-07-18,0.16086026408665463
2008-07-19,0.42242675378967376
2008-07-20,0.07793118070030891
2008-07-21,1.031380368978055
2008-07-22,0.06625123636053956
2008-07-23,0.0746075055070902
2008-07-24,0.02003557981701186
2008-07-25,0.14445805765667982
2008-07-26,0.22358332807287698
2008-07-27,0.10160439215743898
2008-07-28,0.10325680502276255
2008-07-29,0.044947885700140244
2008-07-30,0.09411799376303515
2008-07-31,0.03150734453777231
2008-08-01,0.24532521723836326
2008-08-02,0.7024182115548998
2008-08-03,0.06488676272158563
2008-08-04,0.1012523753527043
2008-08-05,0.17515104751716723
2008-08-06,0.13205827972190198
2008-08-07,0.9627958039250814
2008-08-08,0.1449185508761633
2008-08-09,0.10360954091304943
2008-08-10,1.1838239679746774
2008-08-11,0.6504757561945539
2008-08-12,0.32049981348784407
2008-08-13,0.03425479414685009
2008-08-14,0.4314659379253488
2008-08-15,0.9158866105564487
2008-08-16,0.16058664183273152
2008-08-17,0.16077513876529345
2008-08-18,3.172901539836929
2008-08-19,0.21729312012331378
2008-08-20,0.5785128209247096
2008-08-21,0.35127760772005945
2008-08-22,0.5199643908889268
2008-08-23,1.2056987089576283
2008-08-24,0.06716539081792074
2008-08-25,0.04459768065145036
2008-08-26,1.3088834880348834
2008-08-27,0.07559133401574802
2008-08-28,0.02122482142936339
2008-08-29,0.32081303731663896
2008-08-30,0.1813870352045896
2008-08-31,0.44132910750847437
2008-09-01,0.2609870069561664
2008-09-02,0.08009859289087858
2008-09-03,0.08772780928668918
2008-09-04,0.22028380671669362
2008-09-05,0.7444113546793335
2008-09-06,0.10046100009479673
2008-09-07,0.10935971605348548
2008-09-08,0.1575647195686047
2008-09-09,0.024748493543482766
2008-09-10,0.021186075524294495
2008-09-11,0.015815838593332975
2008-09-12,0.03100752086359467
2008-09-13,0.012045924219376336
2008-09-14,0.0051213954600647545
2008-09-15,0.08470991810908428
2008-09-16,0.02613945780994393
2008-09-17,0.021346525776587015
2008-09-18,0.046721048014349904
2008-09-19,0.21274630892920252
2008-09-20,0.12265601848632003
2008-09-21,0.358498191952507
2008-09-22,8.635112962322887
2008-09-23,0.8186539146569549
2008-09-24,0.03179554970371204
2008-09-25,0.036134644224864794
2008-09-26,0.1566328078079609
2008-09-27,0.3524220341287692
2008-09-28,0.0711242430598863
2008-09-29,0.07731986586206016
2008-09-30,3.6638710628401965
2008-10-01,6.896307037514155
2008-10-02,0.05376864843684119
2008-10-03,0.04232476280968526
2008-10-04,0.055879981897580325
2008-10-05,0.3344483062279687
2008-10-06,2.444087354144623
2008-10-07,1.1501604549657016
2008-10-08,0.46168134621018053
2008-10-09,0.06863508823816458
2008-10-10,0.06035901481872241
2008-10-11,0.538826791343925
2008-10-12,0.5316052219679517
2008-10-13,1.9263176193071736
2008-10-14,1.9534652974220839
2008-10-15,0.27328199501602557
2008-10-16,0.14903507577091243
2008-10-17,0.053466390968259336
2008-10-18,0.057737656196107066
2008-10-19,0.07216056745125574
2008-10-20,0.7721005011172702
2008-10-21,0.21839824030395297
2008-10-22,0.4053177169339496
2008-10-23,0.6715513283070352
2008-10-24,0.2762985891904981
2008-10-25,0.3897358680901358
2008-10-26,0.10707542088337597
2008-10-27,1.2356205804141307
2008-10-28,0.3587393466402957
2008-10-29,6.108426903492043
2008-10-30,0.1413303453208712
2008-10-31,1.466041956483875
2008-11-01,1.0795274946463234
2008-11-02,0.2989453841392242
2008-11-03,2.44498319155269
2008-11-04,2.185181812009681
2008-11-05,2.7117064456939306
2008-11-06,0.26923964044121207
2008-11-07,0.17645192881692584
2008-11-08,1.0144109104978452
2008-11-09,0.5457949282146083
2008-11-10,0.1377102322447636
2008-11-11,0.19477299731136385
2008-11-12,0.24809014127731324
2008-11-13,1.0202304444774761
2008-11-14,0.12500069324713597
2008-11-15,0.26704862439010135
2008-11-16,0.08736786482981386
2008-11-17,0.002990478594674439
2008-11-18,1.7017673457875901
2008-11-19,0.008153472175007937
2008-11-20,0.0024169506524441306
2008-11-21,0.01458618042831402
2008-11-22,0.09362288173268526
2008-11-23,0.18841214329251635
2008-11-24,0.7162276688812171
2008-11-25,0.44860305367320813
2008-11-26,0.15046400820767752
2008-11-27,0.29933113614687956
2008-11-28,0.21093477582890208
2008-11-29,0.06604101485983599
2008-11-30,0.2921469476128216
2008-12-01,0.4132674098965885
2008-12-02,1.1543091242754029
2008-12-03,0.8755143253084655
2008-12-04,0.22021737688174195
2008-12-05,0.5428125999192157
2008-12-06,0.9612698530819083
2008-12-07,0.8774439963011937
2008-12-08,0.25744399201794455
2008-12-09,0.19100811381230073
2008-12-10,0.2709463384008872
2008-12-11,0.17598296397765548
2008-12-12,0.6082604043506756
2008-12-13,0.09920985515950927
2008-12-14,0.1260195938626208
2008-12-15,0.18596171629430416
2008-12-16,0.08275673401537223
2008-12-17,0.015243022610862628
2008-12-18,0.2183318175272501
2008-12-19,0.05187013726691318
2008-12-20,0.0888944781925524
2008-12-21,0.045922367799996554
2008-12-22,0.009588054585581898
2008-12-23,0.03450033277801451
2008-12-24,0.30279846008039807
2008-12-25,0.09122726333338332
2008-12-26,0.1107892475099124
2008-12-27,1.2637624103174447
2008-12-28,0.7037249228471941
2008-12-29,0.5168046013435502
2008-12-30,0.11440608889235265
2008-12-31,0.04634560644794083
2009-01-01,0.3822192116828357
2009-01-02,2.419582739263202
2009-01-03,1.6877534550269997
2009-01-04,1.9870018989048828
2009-01-05,0.7574051837030796
2009-01-06,6.4289512998875855
2009-01-07,4.519106717740029
2009-01-08,9.028120341142014
2009-01-09,3.839408060849496
2009-01-10,3.861990899040619
2009-01-11,3.5804703159439533
2009-01-12,11.545655356457903
2009-01-13,10.697141693009526
2009-01-14,15.914295464315902
2009-01-15,20.39960353776155
2009-01-16,59.21901907658804
2009-01-17,37.95709727435347
2009-01-18,11.390873313138826
2009-01-19,4.821327317307208
2009-01-20,6.67922978010188
2009-01-21,2.5011429513279637
2009-01-22,18.963020065650685
2009-01-23,6.971991446121058
2009-01-24,29.814099060434366
2009-01-25,5.493101834413272
2009-01-26,3.000386592228281
2009-01-27,0.15893878618189003
2009-01-28,0.1782545760938264
2009-01-29,2.2321701564991665
2009-01-30,4.031596736717082
2009-01-31,15.973862047874308
2009-02-01,12.084989194162697
2009-02-02,0.19665996575864325
2009-02-03,1.307491408196497
2009-02-04,0.7500519892118792
2009-02-05,1.6995387687807582
2009-02-06,1.8793368448175445
2009-02-07,3.6017623655892756
2009-02-08,4.960027296947013
2009-02-09,3.2813873555190063
2009-02-10,12.604976122290253
2009-02-11,10.425074620034778
2009-02-12,6.380639099751596
2009-02-13,18.53688566762504
2009-02-14,19.785429970521314
2009-02-15,22.821793449868085
2009-02-16,6.788997172488657
2009-02-17,3.2039485640003176
2009-02-18,8.750657541900916
2009-02-19,6.375638870263433
2009-02-20,1.7947963079314817
2009-02-21,22.2354753847377
2009-02-22,16.57517396550353
2009-02-23,9.275901068851985
2009-02-24,10.444501232604361
2009-02-25,5.520275995359517
2009-02-26,50.854606162601726
2009-02-27,1.2071594431190578
2009-02-28,1.6410239879839412
2009-03-01,1.771269980789133
2009-03-02,23.711113486964468
2009-03-03,10.522549272246472
2009-03-04,5.11592787667843
2009-03-05,5.070362194233102
2009-03-06,2.609625070513471
2009-03-07,0.2443630061057174
2009-03-08,0.15973081606672868
2009-03-09,1.0460382282690344
2009-03-10,0.630721400507378
2009-03-11,1.7185245474753446
2009-03-12,2.537157811320053
2009-03-13,0.8377147431472846
2009-03-14,1.269741218057262
2009-03-15,2.278055786885274
2009-03-16,6.7011181450715025
2009-03-17,5.65338123195154
2009-03-18,3.687450189014144
2009-03-19,16.361750935514422
2009-03-20,2.8642719647070027
2009-03-21,8.557176196258817
2009-03-22,10.437650820891944
2009-03-23,27.426618756877048
2009-03-24,6.474535649137018
2009-03-25,9.242681041408039
2009-03-26,17.57849593937319
2009-03-27,2.2498353853629767
2009-03-28,2.092869907415765
2009-03-29,1.7977131254927197
2009-03-30,3.0394842213090993
2009-03-31,1.7008509751501302
2009-04-01,0.47266152353907315
2009-04-02,1.3427855621487288
2009-04-03,0.5254665847559946
2009-04-04,0.6491821358620944
2009-04-05,0.07854704550369362
2009-04-06,0.2669224368934237
2009-04-07,2.4599610925360977
2009-04-08,2.942262985065607
2009-04-09,0.6850234227089469
2009-04-10,0.45159550042374474
2009-04-11,1.2574413493935173
2009-04-12,0.4785232913871148
2009-04-13,0.10062290628430966
2009-04-14,0.021553197468174388
2009-04-15,1.272156033871893
2009-04-16,0.9453859849008095
2009-04-17,0.14619472161285973
2009-04-18,0.10596174393936267
2009-04-19,0.2063728905228261
2009-04-20,0.1709171057029326
2009-04-21,1.2408252874956645
2009-04-22,4.426325239812097
2009-04-23,5.96059015334352
2009-04-24,0.7181775005976014
2009-04-25,6.245188069224659
2009-04-26,3.331577916855781
2009-04-27,1.072231580491093
2009-04-28,0.7412334062997364
2009-04-29,9.651328986868222
2009-04-30,19.610210284839088
2009-05-01,5.491832569069194
2009-05-02,30.32394670147701
2009-05-03,10.751847111616186
2009-05-04,0.5531682695122675
2009-05-05,0.5548885638176645
2009-05-06,0.0782667593256367
2009-05-07,0.02396744494544973
2009-05-08,0.07571457203937791
2009-05-09,0.0801953417425061
2009-05-10,0.057690186571346704
2009-05-11,0.1368312431095517
2009-05-12,0.14412232634342131
2009-05-13,5.4201594692020505
2009-05-14,0.6390280681276131
2009-05-15,0.056336601415416444
2009-05-16,0.019377594546940394
2009-05-17,0.08216942205281831
2009-05-18,0.02359871900704143
2009-05-19,0.0892878464952749
2009-05-20,0.7816156530204424
2009-05-21,0.1484229410232536
2009-05-22,0.38477479112148105
2009-05-23,0.228067214397879
2009-05-24,1.1265797245962252
2009-05-25,0.2440071148219725
2009-05-26,0.07522230400718861
2009-05-27,0.4872438336419305
2009-05-28,0.1360220971143873
2009-05-29,0.14743688409660594
2009-05-30,0.10059435474420123
2009-05-31,0.09685014172750404
2009-06-01,0.12583398793415662
2009-06-02,0.1075508244362485
2009-06-03,0.07423504856210139
2009-06-04,0.25129012632692244
2009-06-05,0.12914957729393886
2009-06-06,0.7354964968694414
2009-06-07,0.0733799892183762
2009-06-08,0.08063263504754022
2009-06-09,0.09362280545780957
2009-06-10,0.06203141623679076
2009-06-11,1.975473786706518
2009-06-12,1.9575498027870213
2009-06-13,0.464548339396211
2009-06-14,0.5202473460544023
2009-06-15,3.5859731117531415
2009-06-16,0.14416661183068546
2009-06-17,0.05341789682686634
2009-06-18,0.13310281322875514
2009-06-19,0.052359648915955195
2009-06-20,0.07946538261980059
2009-06-21,0.5817966091887544
2009-06-22,0.23051002171352483
2009-06-23,0.10165355181272709
2009-06-24,0.4523044513949713
2009-06-25,0.1122249358143298
2009-06-26,1.404514082555807
2009-06-27,0.33935736992912163
2009-06-28,0.3787227048074164
2009-06-29,0.8948788871918482
2009-06-30,0.9266455681907402
2009-07-01,0.05982227133047874
2009-07-02,0.10755981100249347
2009-07-03,0.7447299038655968
2009-07-04,0.06871690004190344
2009-07-05,0.06883338491657622
2009-07-06,0.07280187794436123
2009-07-07,0.9957877724431647
2009-07-08,0.5152153973432997
2009-07-09,0.42115339704928756
2009-07-10,1.0221960973134399
2009-07-11,0.06957000154374089
2009-07-12,0.08397806488416144
2009-07-13,0.05295086454415327
2009-07-14,0.056253471386993964
2009-07-15,2.594816983300512
2009-07-16,0.8218989182150159
2009-07-17,0.031875464592415303
2009-07-18,0.0444091214792744
2009-07-19,0.043716358555202006
2009-07-20,0.15560317302422114
2009-07-21,0.09865923852887915
2009-07-22,0.04265363628147846
2009-07-23,0.027328784677471085
2009-07-24,0.023638922357377377
2009-07-25,0.042275936070187724
2009-07-26,0.019376730826878418
2009-07-27,0.01983079808503461
2009-07-28,0.01052846275650438
2009-07-29,0.0360898602141896
2009-07-30,0.024580734494734968
2009-07-31,0.060273699144832
2009-08-01,0.06055780798032997
2009-08-02,0.05081747367091974
2009-08-03,0.03228751248253232
2009-08-04,0.03548464138697692
2009-08-05,0.21821608188671887
2009-08-06,0.10380279037123315
2009-08-07,0.12225646209895748
2009-08-08,0.07713669294195598
2009-08-09,0.087558201273171
2009-08-10,0.036919318854779136
2009-08-11,0.05327741221865404
2009-08-12,0.01848223132774104
2009-08-13,0.06826667818268664
2009-08-14,0.05928287260272745
2009-08-15,0.023763887046370863
2009-08-16,0.013890814995858437
2009-08-17,0.16544658105131146
2009-08-18,0.1450484265803641
2009-08-19,0.14493710991426254
2009-08-20,0.19521730372700957
2009-08-21,0.067814985887379
2009-08-22,3.309350653030929
2009-08-23,0.33168600179553975
2009-08-24,1.4858765315735654
2009-08-25,0.2963392304806668
2009-08-26,0.08047045544188976
2009-08-27,0.27439141773902914
2009-08-28,0.19603501956368707
2009-08-29,0.4280309416627319
2009-08-30,0.7480737455011176
2009-08-31,0.21229516712851937
2009-09-01,0.06457677219127692
2009-09-02,0.004384024634252036
2009-09-03,0.016510833353207105
2009-09-04,0.10739983564074844
2009-09-05,0.01237690639189218
2009-09-06,0.019461112392803546
2009-09-07,0.026187096092519794
2009-09-08,0.03650164208587484
2009-09-09,0.048386903538524206
2009-09-10,0.03269522036648698
2009-09-11,0.03744211502832727
2009-09-12,0.03654332349100623
2009-09-13,0.10210438278434421
2009-09-14,0.03060401369232087
2009-09-15,0.05563546405040215
2009-09-16,0.2531549424139567
2009-09-17,0.7643514452795546
2009-09-18,0.07694550189223767
2009-09-19,0.2120009739581405
2009-09-20,0.05523070299357
2009-09-21,0.030198024601989042
2009-09-22,0.10837686581295072
2009-09-23,0.05932432261617339
2009-09-24,0.16327920810704646
2009-09-25,0.07809811668530627
2009-09-26,0.022700529407064025
2009-09-27,0.05840603888231901
2009-09-28,0.09932195086504225
2009-09-29,0.07215361835186034
2009-09-30,0.13615098115680038
2009-10-01,0.13343141825867774
2009-10-02,0.10020073665061348
2009-10-03,0.07400996411661426
2009-10-04,0.24752186379906838
2009-10-05,0.2964160295630394
2009-10-06,0.05531579365746743
2009-10-07,0.25725351676198094
2009-10-08,0.4077073113173349
2009-10-09,0.10531407995142276
2009-10-10,0.3482202014234671
2009-10-11,0.2032979931164925
2009-10-12,0.25202006441439506
2009-10-13,0.10561942535238898
2009-10-14,0.19620939661314785
2009-10-15,0.13785037096887157
2009-10-16,0.1871280165063299
2009-10-17,0.08783956577152845
2009-10-18,0.6855548703199883
2009-10-19,0.9945872827143577
2009-10-20,0.17314454086067305
2009-10-21,0.444305943419266
2009-10-22,1.438910274377901
2009-10-23,0.22996515177218102
2009-10-24,1.8250179836784592
2009-10-25,0.14892921978490709
2009-10-26,0.05379031737455832
2009-10-27,0.04408462937158097
2009-10-28,0.05991112486782447
2009-10-29,0.1335655370483744
2009-10-30,0.18951030247508172
2009-10-31,1.3122197500369306
2009-11-01,1.270906777412576
2009-11-02,0.42614537697421584
2009-11-03,1.2789608525036118
2009-11-04,0.381543872083656
2009-11-05,0.14563143830135766
2009-11-06,0.28462601789610076
2009-11-07,0.003442168514906591
2009-11-08,0.308929326678179
2009-11-09,0.009092876215505441
2009-11-10,0.04535388484789659
2009-11-11,0.11111580680227773
2009-11-12,0.30737628632299835
2009-11-13,0.33533409873090125
2009-11-14,0.13274825849928013
2009-11-15,0.007947921276686927
2009-11-16,0.05531736772130736
2009-11-17,0.03330503367533845
2009-11-18,0.47015461655573654
2009-11-19,0.4021774199251849
2009-11-20,0.27929600423992085
2009-11-21,0.08393568527250919
2009-11-22,0.3426530821126102
2009-11-23,0.47343139355579206
2009-11-24,1.4709940333521916
2009-11-25,0.438898358487621
2009-11-26,0.1849268899096476
2009-11-27,0.2650361410850776
2009-11-28,0.6417607759908821
2009-11-29,0.07969559892523861
2009-11-30,0.11113231972269558
2009-12-01,0.01683856101951517
2009-12-02,0.12130925739698256
2009-12-03,0.10801651676836915
2009-12-04,0.008358171338930739
2009-12-05,0.1523426195337306
2009-12-06,0.3414829708432829
2009-12-07,0.08315895487178956
2009-12-08,0.04642323153746603
2009-12-09,0.3373849384850629
2009-12-10,0.9810991002577405
2009-12-11,0.6010230122076878
2009-12-12,0.20467468085379176
2009-12-13,0.5662049117761088
2009-12-14,0.18576964611245622
2009-12-15,0.1551525509752903
2009-12-16,0.20776348933408922
2009-12-17,0.7376051827144886
2009-12-18,0.15412724604173633
2009-12-19,2.6576107125809028
2009-12-20,0.8651441012617214
2009-12-21,0.3060874369858727
2009-12-22,1.3137974422878553
2009-12-23,0.06693480209487448
2009-12-24,0.013682725224520532
2009-12-25,0.039082842577255875
2009-12-26,4.126411079640937
2009-12-27,12.346837537961678
2009-12-28,5.01259921864975
2009-12-29,0.1879003181006306
2009-12-30,1.9144464490778832
2009-12-31,0.03843462434768454
2010-01-01,0.06063852900612773
2010-01-02,0.011059868711418768
2010-01-03,0.04622031432910134
2010-01-04,0.047140270590988194
2010-01-05,0.5958994207578061
2010-01-06,0.8486068930675036
2010-01-07,0.7999507126300884
2010-01-08,1.0111747453195474
2010-01-09,1.6136854528886508
2010-01-10,7.431019884202637
2010-01-11,79.3805768331723
2010-01-12,7.572446621251088
2010-01-13,1.175344011709174
2010-01-14,0.3918010934299668
2010-01-15,2.136002199500264
2010-01-16,0.1831070467698002
2010-01-17,0.5754915894047743
2010-01-18,4.700160309320568
2010-01-19,0.1913517366613233
2010-01-20,1.4130779975816419
2010-01-21,0.2559678044529459
2010-01-22,0.9165402492562704
2010-01-23,8.07927002759972
2010-01-24,19.94927926702643
2010-01-25,1.881084184081343
2010-01-26,2.7294707721727187
2010-01-27,3.850308507296921
2010-01-28,0.2569671706617612
2010-01-29,0.8811299158301221
2010-01-30,0.5018932008104702
2010-01-31,0.0424054452303041
2010-02-01,0.0596288183933308
2010-02-02,0.49648797502002273
2010-02-03,0.2538077783976397
2010-02-04,0.19846001196264682
2010-02-05,3.0605091807023213
2010-02-06,64.96829843960806
2010-02-07,22.628049791926095
2010-02-08,1.7113922241300863
2010-02-09,5.225351313791335
2010-02-10,7.122571283084955
2010-02-11,12.514889249464305
2010-02-12,1.183246282875365
2010-02-13,6.281459113355553
2010-02-14,1.8261618381233575
2010-02-15,21.069073025264228
2010-02-16,13.796721560817629
2010-02-17,2.2538043508826235
2010-02-18,0.42760053246973884
2010-02-19,0.3314397931719531
2010-02-20,0.10018837184245538
2010-02-21,0.5936568900395814
2010-02-22,13.908376193240318
2010-02-23,34.7878544900282
2010-02-24,25.900075755024567
2010-02-25,30.710375539905233
2010-02-26,10.963786970394233
2010-02-27,8.052832152659912
2010-02-28,32.481295537418994
2010-03-01,15.668020752996489
2010-03-02,9.530469062066416
2010-03-03,8.960995457493363
2010-03-04,16.085308098023358
2010-03-05,3.300951041332216
2010-03-06,7.173357453341944
2010-03-07,0.3682543163110367
2010-03-08,0.36172711440214383
2010-03-09,0.8927600375495255
2010-03-10,3.017689883345242
2010-03-11,5.674098104729844
2010-03-12,8.029970424977659
2010-03-13,9.744643247821564
2010-03-14,3.2483272014615365
2010-03-15,4.205366574976984
2010-03-16,9.628182126592465
2010-03-17,23.11151489266227
2010-03-18,12.703198923875382
2010-03-19,39.717711278071604
2010-03-20,16.992020603887056
2010-03-21,2.444081563296512
2010-03-22,15.102168781166123
2010-03-23,1.834924293930045
2010-03-24,1.676600188340367
2010-03-25,3.66203354634781
2010-03-26,8.599376814995944
2010-03-27,2.6150820159455903
2010-03-28,2.2435455222021057
2010-03-29,0.5229965027251554
2010-03-30,16.087643232027972
2010-03-31,10.501990431923742
2010-04-01,5.465830768665084
2010-04-02,4.213552494514258
2010-04-03,9.30035802659021
2010-04-04,7.347197323462794
2010-04-05,34.818979550932134
2010-04-06,12.523733869960148
2010-04-07,8.856477857197461
2010-04-08,18.826518124189406
2010-04-09,7.279518030967746
2010-04-10,35.54036979450552
2010-04-11,5.643423549432967
2010-04-12,3.0265042873080943
2010-04-13,0.6593124696535018
2010-04-14,3.351017635010342
2010-04-15,1.577656052949013
2010-04-16,1.1494286276976193
2010-04-17,44.86941777132172
2010-04-18,1.3761716049484758
2010-04-19,14.766262026143215
2010-04-20,14.202424620735831
2010-04-21,1.0569612723119868
2010-04-22,0.7073850014867539
2010-04-23,3.740115711445268
2010-04-24,0.3117168036543072
2010-04-25,2.676622194677046
2010-04-26,1.7822007284825248
2010-04-27,18.449535667177447
2010-04-28,5.629413124535696
2010-04-29,4.744651315347545
2010-04-30,5.158992902186248
2010-05-01,4.376815198529194
2010-05-02,5.344418418779042
2010-05-03,32.168473848983474
2010-05-04,8.890722364727079
2010-05-05,8.26442299090501
2010-05-06,8.051463099646202
2010-05-07,0.12567467929559228
2010-05-08,1.0147148753226354
2010-05-09,0.2244060649476434
2010-05-10,2.9927194517221833
2010-05-11,0.4173410543490037
2010-05-12,0.4144563050364255
2010-05-13,0.2737277564921845
2010-05-14,0.020935760248860753
2010-05-15,0.021181783658629636
2010-05-16,0.030275410867959034
2010-05-17,0.09548959419581533
2010-05-18,0.17058310954344424
2010-05-19,0.12554398699350114
2010-05-20,1.045273607320727
2010-05-21,7.194797711777687
2010-05-22,2.397031088278575
2010-05-23,0.17068193129928758
2010-05-24,0.08374884702234109
2010-05-25,0.03900451457041003
2010-05-26,1.0630222564703105
2010-05-27,2.165532948695419
2010-05-28,4.520079969726627
2010-05-29,2.76522601964097
2010-05-30,1.1768758280409037
2010-05-31,0.5630638325077368
2010-06-01,3.8132946402237877
2010-06-02,3.8074519401689986
2010-06-03,0.30781263044168367
2010-06-04,0.1535015411659033
2010-06-05,0.028718707350973437
2010-06-06,0.04601042633339914
2010-06-07,0.33476895759348313
2010-06-08,0.21196560466507797
2010-06-09,0.36085887985483084
2010-06-10,0.5530298846495542
2010-06-11,0.04405244662554541
2010-06-12,0.08466296910822363
2010-06-13,0.03454031342840384
2010-06-14,0.08194618624775388
2010-06-15,0.46012206149409485
2010-06-16,0.08830787212928634
2010-06-17,0.14698361382263514
2010-06-18,0.7787872379757133
2010-06-19,4.3065303123066725
2010-06-20,1.7402550639252263
2010-06-21,1.0920544240745986
2010-06-22,0.0868993631286136
2010-06-23,0.1663244964189912
2010-06-24,0.07146010454428733
2010-06-25,0.09247923797396784
2010-06-26,1.4932306422313446
2010-06-27,1.8336498588115953
2010-06-28,1.0891127443557869
2010-06-29,0.08371712446659836
2010-06-30,0.11308719538474428
2010-07-01,0.9081332790262223
2010-07-02,0.825169936066871
2010-07-03,0.04121320945618773
2010-07-04,0.2111159280861827
2010-07-05,1.2433308251335506
2010-07-06,0.3324420845747353
2010-07-07,0.3028941109981196
2010-07-08,0.05857992709716493
2010-07-09,3.254058855470795
2010-07-10,0.5182122546580845
2010-07-11,1.968720001362869
2010-07-12,0.32060277525292347
2010-07-13,1.284456857165715
2010-07-14,1.4790305880686305
2010-07-15,0.6011715784942495
2010-07-16,8.354923991151622
2010-07-17,0.6069317068462494
2010-07-18,0.09960447138035515
2010-07-19,0.08484841443346182
2010-07-20,0.06673963769146632
2010-07-21,0.01823278871627702
2010-07-22,0.0500562343885121
2010-07-23,0.06684834272638271
2010-07-24,0.1336048528328031
2010-07-25,0.09002648880007198
2010-07-26,0.025567771917889233
2010-07-27,3.088294302267558
2010-07-28,0.2228840201571935
2010-07-29,0.20003265875748985
2010-07-30,0.7519451195690721
2010-07-31,0.009874587632225925
2010-08-01,0.06392826491617923
2010-08-02,1.5007528754737445
2010-08-03,0.13662355363136114
2010-08-04,0.09304795230323382
2010-08-05,0.11866298440673556
2010-08-06,0.01278323378648771
2010-08-07,0.017862710641447593
2010-08-08,0.024498984367914367
2010-08-09,0.021097471661186903
2010-08-10,0.007989769467136545
2010-08-11,0.03150300332245087
2010-08-12,1.4556510512247671
2010-08-13,0.42313146554995107
2010-08-14,1.8798789719984732
2010-08-15,0.4255707283836642
2010-08-16,0.06246985839114692
2010-08-17,0.08242989376883567
2010-08-18,0.00528473901735873
2010-08-19,0.0004915375270171276
2010-08-20,0.00651341172429407
2010-08-21,0.02368195613530479
2010-08-22,0.0018434874975975103
2010-08-23,0.06206842940307222
2010-08-24,0.0005324519013754171
2010-08-25,0.00966945128247786
2010-08-26,0.018440806107971587
2010-08-27,0.003360081486104971
2010-08-28,0.275713941331982
2010-08-29,0.0019259357299823638
2010-08-30,0.022699582002991252
2010-08-31,0.024299604365191796
2010-09-01,0.034672824095272836
2010-09-02,0.5306905899062107
2010-09-03,0.38394358956102914
2010-09-04,1.0563250801259674
2010-09-05,0.21306720336656895
2010-09-06,0.8256505318473714
2010-09-07,1.0066841923878638
2010-09-08,0.12894155164924878
2010-09-09,0.005368692643521271
2010-09-10,0.004055505637559727
2010-09-11,0.0
2010-09-12,0.0018032847558782114
2010-09-13,0.02584846865073122
2010-09-14,0.003812965932413087
2010-09-15,1.037046634808957
2010-09-16,1.112679045309417
2010-09-17,0.0011065403132139943
2010-09-18,0.02733524680170825
2010-09-19,0.7618018071632628
2010-09-20,0.05993809006725194
2010-09-21,0.11859153325692591
2010-09-22,0.035942466829932525
2010-09-23,0.8224547631353942
2010-09-24,0.3630090350726343
2010-09-25,0.5234363951935131
2010-09-26,0.00503928186378666
2010-09-27,0.0062259076836326645
2010-09-28,0.4707948451423972
2010-09-29,0.1320009636280649
2010-09-30,0.8916215935248639
2010-10-01,0.31298673128411536
2010-10-02,0.01917579819277049
2010-10-03,1.0824795570989558
2010-10-04,2.584366918747645
2010-10-05,0.026667322910469568
2010-10-06,0.007416132594547446
2010-10-07,0.007170165077642697
2010-10-08,0.09310559342133506
2010-10-09,0.38300307295210323
2010-10-10,0.019140252272298503
2010-10-11,0.027041288192141733
2010-10-12,0.024833224347689985
2010-10-13,0.02327192854554073
2010-10-14,0.015733297244855362
2010-10-15,0.01950532322117153
2010-10-16,0.03688416012903517
2010-10-17,0.19468145749849247
2010-10-18,0.37184372975047214
2010-10-19,2.0382745312199297
2010-10-20,0.860598950247005
2010-10-21,0.08674514044730867
2010-10-22,0.03695439963102311
2010-10-23,0.07885296783774642
2010-10-24,0.015406636977533564
2010-10-25,1.9193122775196567
2010-10-26,0.0793319550848196
2010-10-27,0.14839889797618921
2010-10-28,0.10914557835574334
2010-10-29,0.23353110557632925
2010-10-30,0.3047404761698325
2010-10-31,0.7726313700820167
2010-11-01,0.5087859496777349
2010-11-02,0.8606112510344813
2010-11-03,0.3323933836774913
2010-11-04,0.007291177682174018
2010-11-05,0.0017621289429429047
2010-11-06,0.03487600894945088
2010-11-07,0.0876251762075323
2010-11-08,0.11998208753061497
2010-11-09,0.015032696417366664
2010-11-10,0.009840412897714656
2010-11-11,0.3610539331972683
2010-11-12,0.9654130050079022
2010-11-13,2.110938741338756
2010-11-14,1.0871728585385327
2010-11-15,2.824558669238294
2010-11-16,2.45590192674589
2010-11-17,1.425284981496889
2010-11-18,2.9725023930869123
2010-11-19,0.24601460398642858
2010-11-20,0.08013630273001472
2010-11-21,0.5606061852388619
2010-11-22,0.2983912793207425
2010-11-23,0.046872088514309566
2010-11-24,0.06124694565582008
2010-11-25,0.03012017675681728
2010-11-26,0.5732200327152819
2010-11-27,0.17916818186504413
2010-11-28,0.3557431102772919
2010-11-29,0.06592555325236109
2010-11-30,0.19892621628622903
2010-12-01,0.5872417647556675
2010-12-02,0.5506704347404995
2010-12-03,0.635160698842927
2010-12-04,1.0935427249002092
2010-12-05,0.1146331357123438
2010-12-06,0.20038997496018726
2010-12-07,0.2338770967825061
2010-12-08,0.5714541574762284
2010-12-09,1.3114498148451634
2010-12-10,4.687552601391778
2010-12-11,4.682034757144589
2010-12-12,1.6104560341623526
2010-12-13,2.6936315524867
2010-12-14,3.996252478964539
2010-12-15,3.864941250759614
2010-12-16,1.2085056005451016
2010-12-17,28.349250673424095
2010-12-18,2.211012112189338
2010-12-19,4.157136440791189
2010-12-20,1.11815958611326
2010-12-21,6.201956160588585
2010-12-22,2.340374764255437
2010-12-23,6.259467421424577
2010-12-24,7.751153549308466
2010-12-25,6.134509722103322
2010-12-26,1.7060190758302445
2010-12-27,5.029773714181814
2010-12-28,5.597393197230722
2010-12-29,2.9946438202144146
2010-12-30,8.699649943320448
2010-12-31,2.6444032899601115
2011-01-01,0.19056759118318128
2011-01-02,0.10903598036316263
2011-01-03,8.130232161487667
2011-01-04,1.3985684590301743
2011-01-05,2.5294458246721625
2011-01-06,2.013396968265556
2011-01-07,5.460843499258032
2011-01-08,6.208732481741105
2011-01-09,2.8224747987597363
2011-01-10,0.42553035257495175
2011-01-11,2.04745337254457
2011-01-12,0.09143931849009278
2011-01-13,0.1341372615280946
2011-01-14,1.5758416313125858
2011-01-15,0.052536205335899186
2011-01-16,0.8075643197435904
2011-01-17,2.054309452990217
2011-01-18,2.1492123722743655
2011-01-19,6.393957757710163
2011-01-20,22.189820385865936
2011-01-21,6.627709651427889
2011-01-22,8.285343393895298
2011-01-23,3.6170874238486665
2011-01-24,3.020823721496597
2011-01-25,4.892925069839879
2011-01-26,3.0290639669855017
2011-01-27,8.157235104572129
2011-01-28,6.178473441604601
2011-01-29,18.752009828008894
2011-01-30,9.046668216653181
2011-01-31,7.3481026049648825
2011-02-01,1.4895541319624133
2011-02-02,0.6169990556902059
2011-02-03,0.8543572886199542
2011-02-04,1.376888343894213
2011-02-05,9.870231435928007
2011-02-06,5.433917902980981
2011-02-07,35.46104066360125
2011-02-08,17.003230519655002
2011-02-09,1.235347526031224
2011-02-10,9.547593195272096
2011-02-11,6.706878929843984
2011-02-12,3.079912711699659
2011-02-13,5.221483179558453
2011-02-14,12.66531478729683
2011-02-15,27.171646157579406
2011-02-16,3.9550164154551
2011-02-17,39.455962010714536
2011-02-18,3.915098856905696
2011-02-19,3.3707360452808732
2011-02-20,4.0572392756967295
2011-02-21,2.04213409440899
2011-02-22,0.5451211874020586
2011-02-23,0.46892443191531114
2011-02-24,11.595831075775765
2011-02-25,2.7593682518407783
2011-02-26,0.3714625773750449
2011-02-27,1.2559953661304641
2011-02-28,2.6313354972797742
2011-03-01,0.36903713798861965
2011-03-02,0.14605271475071435
2011-03-03,0.1052615548404073
2011-03-04,0.02827533306280566
2011-03-05,0.09290889957733
2011-03-06,0.11833678121345372
2011-03-07,0.377216729414324
2011-03-08,0.5841319320660219
2011-03-09,1.0655056538480676
2011-03-10,1.132966460729588
2011-03-11,0.3706678685751712
2011-03-12,2.6034954105880073
2011-03-13,0.78341866970413
2011-03-14,0.15535705442596254
2011-03-15,0.6180093300812138
2011-03-16,0.22534117342686183
2011-03-17,2.488972182012527
2011-03-18,0.6402376776577039
2011-03-19,9.473990695052763
2011-03-20,4.433804449541719
2011-03-21,3.6370725540305635
2011-03-22,0.6944613237508214
2011-03-23,0.24560772281042134
2011-03-24,0.1961122537365296
2011-03-25,0.9738250756427479
2011-03-26,0.9424219968151352
2011-03-27,0.8484359388358886
2011-03-28,3.317731833098214
2011-03-29,18.320891202817272
2011-03-30,15.00113176518385
2011-03-31,12.75675047192661
2011-04-01,5.299709054476449
2011-04-02,4.739239698725042
2011-04-03,7.594811678409244
2011-04-04,27.531028536203497
2011-04-05,5.876221122748645
2011-04-06,14.209959847763587
2011-04-07,11.902641172911531
2011-04-08,10.344734003202246
2011-04-09,10.541736648653561
2011-04-10,9.014623895174488
2011-04-11,26.911631508755914
2011-04-12,11.103799310980389
2011-04-13,5.507976605429305
2011-04-14,6.2060555580876615
2011-04-15,3.6369672421348227
2011-04-16,11.109054248777806
2011-04-17,5.885030767894165
2011-04-18,19.675294784579183
2011-04-19,20.085153450359126
2011-04-20,13.658914114361187
2011-04-21,16.08051808485416
2011-04-22,6.7489718000609935
2011-04-23,5.187072397509071
2011-04-24,0.5000515432649462
2011-04-25,16.046649505087746
2011-04-26,11.43046979932467
2011-04-27,9.62192811501386
2011-04-28,0.47874280057477386
2011-04-29,0.28602033811529365
2011-04-30,0.12950717933153363
2011-05-01,0.13395129596176777
2011-05-02,0.07605598102302707
2011-05-03,0.06088715727737252
2011-05-04,0.09601129631946455
2011-05-05,0.056828426464456856
2011-05-06,0.13275113255101847
2011-05-07,0.0929726077612919
2011-05-08,0.29049617049889404
2011-05-09,0.279445061656812
2011-05-10,0.1447124915659864
2011-05-11,0.023394183968965462
2011-05-12,0.13134342723997602
2011-05-13,1.3451195337797415
2011-05-14,0.8121597724785932
2011-05-15,0.39766367466752983
2011-05-16,0.4084335138993038
2011-05-17,0.05079260811091365
2011-05-18,0.049322730531858934
2011-05-19,0.15012176181599388
2011-05-20,0.12994787012706585
2011-05-21,0.0642522085787812
2011-05-22,0.13989524449650942
2011-05-23,0.7935424855730937
2011-05-24,0.19613093693291794
2011-05-25,0.6648726849598241
2011-05-26,0.48902643688807085
2011-05-27,0.0703862775144301
2011-05-28,0.6968218237957897
2011-05-29,0.09042122811609164
2011-05-30,0.24614353706141587
2011-05-31,0.23424647428302836
2011-06-01,0.4232653711467725
2011-06-02,0.453996561126554
2011-06-03,1.405274791698019
2011-06-04,1.0200287584586998
2011-06-05,0.7078341842752636
2011-06-06,0.12433627837662699
2011-06-07,0.07955784151843358
2011-06-08,0.0217188607311814
2011-06-09,0.023968764679226314
2011-06-10,0.09141284605032983
2011-06-11,0.152510596688364
2011-06-12,0.17583706758193265
2011-06-13,0.06817838746519983
2011-06-14,0.46946476142551696
2011-06-15,0.44287677819161875
2011-06-16,0.8960701514915986
2011-06-17,1.4567968721464195
2011-06-18,0.4219050210932682
2011-06-19,0.3860707664219802
2011-06-20,0.0961442060155822
2011-06-21,0.08072791085097582
2011-06-22,0.2773300943149929
2011-06-23,3.0261856443280926
2011-06-24,0.3713145300324203
2011-06-25,0.5556343140132312
2011-06-26,0.7930799078687141
2011-06-27,0.03695551832151178
2011-06-28,0.13827594665199167
2011-06-29,0.09993724760544723
2011-06-30,0.15583385036387076
2011-07-01,0.5151336326805663
2011-07-02,0.5348284383607347
2011-07-03,0.22023433788335825
2011-07-04,0.17863141478615735
2011-07-05,0.9259992567809207
2011-07-06,0.8188929385219718
2011-07-07,0.08354196178458839
2011-07-08,0.08222338642550334
2011-07-09,0.28354957201667647
2011-07-10,0.6728768649762179
2011-07-11,0.5965303095381668
2011-07-12,0.46148098360782597
2011-07-13,6.765154314923796
2011-07-14,3.152256614823691
2011-07-15,4.907853795715719
2011-07-16,0.19349224739847745
2011-07-17,1.586354906600227
2011-07-18,0.6139143398367186
2011-07-19,0.4488766477175819
2011-07-20,0.03379788174583929
2011-07-21,0.022613817013223243
2011-07-22,0.02011818089183746
2011-07-23,0.06374900640792631
2011-07-24,0.039775281364682016
2011-07-25,0.0478941535499788
2011-07-26,0.07775884152447389
2011-07-27,0.06006530502773753
2011-07-28,0.487407215059009
2011-07-29,0.6985246206990552
2011-07-30,2.4616174459317266
2011-07-31,0.4919468898987781
2011-08-01,0.3073677310273905
2011-08-02,0.07370311586930482
2011-08-03,0.035033118342289525
2011-08-04,0.06292301490337808
2011-08-05,0.7440276055350441
2011-08-06,0.08297455621289689
2011-08-07,0.007047130931488186
2011-08-08,0.014135944134934903
2011-08-09,0.004588225816684812
2011-08-10,0.01573203569045883
2011-08-11,0.018314225472829997
2011-08-12,0.03884053477504657
2011-08-13,0.007332883970588344
2011-08-14,0.02212003599718335
2011-08-15,0.011962899393928927
2011-08-16,0.04609255672274725
2011-08-17,0.058548917581665486
2011-08-18,0.07859786714374616
2011-08-19,0.2589407510899195
2011-08-20,0.14553893366567638
2011-08-21,0.9891509182354034
2011-08-22,1.9068179960722202
2011-08-23,0.07824672310546381
2011-08-24,0.05690894885551938
2011-08-25,0.05129207238017287
2011-08-26,0.12401115154896426
2011-08-27,1.2832042463113333
2011-08-28,0.28235588507628595
2011-08-29,0.11474588397501365
2011-08-30,0.014544009155579537
2011-08-31,0.02986870186952206
2011-09-01,0.07413340344749704
2011-09-02,0.02147018220145764
2011-09-03,0.010611442186497755
2011-09-04,0.05117223395479034
2011-09-05,0.03273629587655685
2011-09-06,0.23956341794221617
2011-09-07,0.12401101699628107
2011-09-08,0.48059956341203763
2011-09-09,0.1935094069646485
2011-09-10,0.7365740535431322
2011-09-11,0.6421371989516551
2011-09-12,0.4264712753215058
2011-09-13,1.0182118628727854
2011-09-14,0.0719834879056031
2011-09-15,0.04650228107362093
2011-09-16,0.0627241563046242
2011-09-17,0.5075771143070675
2011-09-18,0.5259561089869457
2011-09-19,0.9995403664687627
2011-09-20,0.21086047163793845
2011-09-21,0.040029430641566305
2011-09-22,0.06219877849317516
2011-09-23,0.08601556597748175
2011-09-24,0.1872265214922353
2011-09-25,5.9534925143871344
2011-09-26,1.3095329241594038
2011-09-27,0.03839383377806025
2011-09-28,0.15973309541670389
2011-09-29,0.07401705558859954
2011-09-30,0.016675365788204524
2011-10-01,0.11406166678571586
2011-10-02,0.4104352016709519
2011-10-03,0.5556252810908332
2011-10-04,0.9962833365010861
2011-10-05,0.037565915979829105
2011-10-06,0.23287405031081718
2011-10-07,0.08420319792153573
2011-10-08,0.09348935283765906
2011-10-09,0.06670084382600183
2011-10-10,0.02720906474116408
2011-10-11,0.6251168886629191
2011-10-12,0.5150453787086391
2011-10-13,0.15839033707010672
2011-10-14,0.27373768981333635
2011-10-15,0.1854538424116888
2011-10-16,1.6771733894268201
2011-10-17,0.310084529153373
2011-10-18,1.8107605127259694
2011-10-19,0.3710026118570447
2011-10-20,0.18274342126134907
2011-10-21,0.01967271057907915
2011-10-22,0.34164183683637184
2011-10-23,0.09997137778982522
2011-10-24,0.0771391795612041
2011-10-25,0.017578250465717916
2011-10-26,0.01876534599078793
2011-10-27,0.1659861302923201
2011-10-28,0.14423072659613442
2011-10-29,0.3501085726929108
2011-10-30,0.11383532894623698
2011-10-31,0.14730735529766323
2011-11-01,0.0027855992053276704
2011-11-02,0.007292569881942914
2011-11-03,0.006473282328355014
2011-11-04,0.014550047467779742
2011-11-05,0.08195995533034009
2011-11-06,0.17379753400111334
2011-11-07,4.745012713366108
2011-11-08,2.3438319024047485
2011-11-09,0.6793297469771373
2011-11-10,0.5856879692710123
2011-11-11,0.06588924739346329
2011-11-12,1.4366742029892892
2011-11-13,0.1618709184105828
2011-11-14,0.03732498989502089
2011-11-15,0.02761075623861443
2011-11-16,0.058434712548429246
2011-11-17,0.7377199867047411
2011-11-18,0.03388227431006599
2011-11-19,0.04839138084545643
2011-11-20,0.04680638240928147
2011-11-21,0.014826836914549965
2011-11-22,0.06311600129667427
2011-11-23,0.012373529446692615
2011-11-24,1.6230213614407143
2011-11-25,0.12270873866734824
2011-11-26,0.03425118771021808
2011-11-27,0.15427670314669548
2011-11-28,0.5983369133746212
2011-11-29,0.1963053967067622
2011-11-30,0.4543351894564014
2011-12-01,1.0153277244884598
2011-12-02,2.0846715412769146
2011-12-03,0.5504654966069957
2011-12-04,0.28090932777520733
2011-12-05,0.19917814028777225
2011-12-06,0.10136593165890317
2011-12-07,0.06563508641443354
2011-12-08,0.15775125591775763
2011-12-09,0.11016948671370916
2011-12-10,0.12950685688651575
2011-12-11,0.0941045104859053
2011-12-12,0.2276432865663701
2011-12-13,2.4948815133213262
2011-12-14,2.1527491827585092
2011-12-15,2.2010598573618174
2011-12-16,0.6164961830716916
2011-12-17,3.6948145514968647
2011-12-18,1.401168570313984
2011-12-19,0.7110280675396009
2011-12-20,0.4026413638585376
2011-12-21,0.3153669550971378
2011-12-22,0.24546891866351322
2011-12-23,0.19351549710353946
2011-12-24,0.5400535246869971
2011-12-25,1.4486611053145284
2011-12-26,0.44155828611656445
2011-12-27,0.39934714102872315
2011-12-28,0.3905124897194924
2011-12-29,1.816861750631553
2011-12-30,10.326617398001945
2011-12-31,1.8266911093986233
2012-01-01,0.47983613792462915
2012-01-02,1.7378507749861893
2012-01-03,5.834735760981253
2012-01-04,17.55456022682645
2012-01-05,21.50460847728554
2012-01-06,6.935532153652832
2012-01-07,4.969462690579735
2012-01-08,22.736626128966964
2012-01-09,12.466614316871011
2012-01-10,1.626758993224369
2012-01-11,6.164674031375997
2012-01-12,0.9889076703976712
2012-01-13,18.119679879220097
2012-01-14,6.884197018358468
2012-01-15,36.08977133191191
2012-01-16,18.61027454210334
2012-01-17,43.06797042477771
2012-01-18,11.490740806929239
2012-01-19,23.947457708115312
2012-01-20,1.5642049055092553
2012-01-21,2.1654534876693465
2012-01-22,1.6455422846564052
2012-01-23,6.75574983653315
2012-01-24,12.178688475334257
2012-01-25,15.529558167416296
2012-01-26,1.6673010205261838
2012-01-27,8.11910131039993
2012-01-28,4.387522554841599
2012-01-29,4.376621632453658
2012-01-30,11.004608684541493
2012-01-31,4.604643878513214
2012-02-01,6.822525179803833
2012-02-02,6.481905217817509
2012-02-03,0.8805203454092236
2012-02-04,1.361102747577486
2012-02-05,2.039040320173303
2012-02-06,3.7060576648986
2012-02-07,7.346785461697573
2012-02-08,30.840089545219143
2012-02-09,22.7949198913299
2012-02-10,10.64318526653125
2012-02-11,21.373486119908502
2012-02-12,21.202719399831977
2012-02-13,14.655768244584392
2012-02-14,21.016345555941804
2012-02-15,15.204551164389095
2012-02-16,8.689311594945028
2012-02-17,9.739491505680094
2012-02-18,23.635971292264035
2012-02-19,13.73922038986131
2012-02-20,19.84877352709561
2012-02-21,33.452088309507
2012-02-22,22.619270287272215
2012-02-23,11.097705508125285
2012-02-24,12.2536048972027
2012-02-25,16.200695534016123
2012-02-26,12.626053964871156
2012-02-27,13.585497505025062
2012-02-28,44.7357925071957
2012-02-29,4.277590002861342
2012-03-01,7.117291517345483
2012-03-02,26.912303231921904
2012-03-03,2.2431805309239747
2012-03-04,6.510195070012469
2012-03-05,21.77717873984794
2012-03-06,28.048098691264805
2012-03-07,3.9170884969271635
2012-03-08,10.27525112835394
2012-03-09,1.6316316866288596
2012-03-10,22.320843995361628
2012-03-11,12.412746088451453
2012-03-12,24.783398783900044
2012-03-13,7.160377118443338
2012-03-14,0.9179530410842324
2012-03-15,3.4652621290902523
2012-03-16,5.441488933972476
2012-03-17,38.31206966599507
2012-03-18,33.78273268881821
2012-03-19,28.72663813911499
2012-03-20,32.21759176385864
2012-03-21,3.7705415864474148
2012-03-22,18.255405692942077
2012-03-23,13.53827138227093
2012-03-24,8.742510507825173
2012-03-25,8.192720007875584
2012-03-26,5.587834914673105
2012-03-27,5.405943520542684
2012-03-28,5.6973450395383365
2012-03-29,2.8837578424475225
2012-03-30,0.5613460874817797
2012-03-31,0.2966258124581489
2012-04-01,5.707168032976059
2012-04-02,3.2008646580255187
2012-04-03,1.1509931008110272
2012-04-04,2.6766688747829854
2012-04-05,17.846058251188364
2012-04-06,10.939244409833416
2012-04-07,17.95385273635894
2012-04-08,23.033827569913644
2012-04-09,6.474254218504954
2012-04-10,6.891623084334439
2012-04-11,3.1682958127095295
2012-04-12,4.267906526639563
2012-04-13,1.6747204023986493
2012-04-14,0.6695253029257848
2012-04-15,6.127359873989122
2012-04-16,5.557820180469587
2012-04-17,3.9219099259420083
2012-04-18,7.180336194109644
2012-04-19,16.394704017735574
2012-04-20,26.262849187862148
2012-04-21,10.345457914883669
2012-04-22,14.40647585034735
2012-04-23,7.088500176787795
2012-04-24,9.838544101431046
2012-04-25,1.0265640162431544
2012-04-26,6.586070247746663
2012-04-27,2.92638556972023
2012-04-28,4.152211938890181
2012-04-29,6.996666435325849
2012-04-30,3.3043781061823396
2012-05-01,21.470730047683684
2012-05-02,13.62737979924102
2012-05-03,0.65781733179511
2012-05-04,1.8922065567708046
2012-05-05,1.9193752164998634
2012-05-06,6.034292893465291
2012-05-07,3.9984710580068796
2012-05-08,1.5840144576369857
2012-05-09,0.9174544609058796
2012-05-10,0.3379630824187998
2012-05-11,4.1103092599959465
2012-05-12,4.62201969803848
2012-05-13,8.989795917541583
2012-05-14,0.7974452621751608
2012-05-15,1.5026359519289039
2012-05-16,2.527687359123921
2012-05-17,5.337187231157664
2012-05-18,3.2865910461766767
2012-05-19,14.892785657878639
2012-05-20,6.109607633301015
2012-05-21,3.3390557786617663
2012-05-22,6.300373120135839
2012-05-23,22.558773964163944
2012-05-24,0.3842950517592501
2012-05-25,0.26833570335429124
2012-05-26,0.2606677516309415
2012-05-27,2.004251140787228
2012-05-28,0.30397684331399527
2012-05-29,0.19294179035761333
2012-05-30,0.12633377128660114
2012-05-31,0.09618238314539562
2012-06-01,0.14846534068338538
2012-06-02,0.3664086551150604
2012-06-03,0.4437164436879065
2012-06-04,0.09467427853920496
2012-06-05,0.05564876971344829
2012-06-06,0.06388184632944548
2012-06-07,0.11130053274358316
2012-06-08,0.1226703071626582
2012-06-09,0.16825834835710518
2012-06-10,0.1388853673421115
2012-06-11,0.041992726018070796
2012-06-12,0.13339174966565803
2012-06-13,0.1294978039326643
2012-06-14,0.07850392969537613
2012-06-15,0.40047452257353816
2012-06-16,1.3896506860678333
2012-06-17,0.44720672918917126
2012-06-18,1.2826328518208705
2012-06-19,0.33704821994069456
2012-06-20,0.4766695670998052
2012-06-21,0.5356479880284263
2012-06-22,3.9560180479876004
2012-06-23,0.8296910990799811
2012-06-24,11.460861797311816
2012-06-25,1.2063266780920499
2012-06-26,0.9634711880583031
2012-06-27,0.17430466329710514
2012-06-28,0.18850314293511422
2012-06-29,0.6736168744566763
2012-06-30,0.1719831141492791
2012-07-01,0.15557511931423523
2012-07-02,0.1685711327859431
2012-07-03,0.13021403849443514
2012-07-04,0.10397706363723201
2012-07-05,0.08521327619958116
2012-07-06,0.05301713875705587
2012-07-07,0.032539694735197064
2012-07-08,0.044331671351682506
2012-07-09,0.6399738919674794
2012-07-10,1.0852521589602904
2012-07-11,0.14415098922063793
2012-07-12,0.4805184619690918
2012-07-13,0.32560169628572494
2012-07-14,1.8868211788956684
2012-07-15,0.1732890329922394
2012-07-16,0.08284531765626824
2012-07-17,0.0645672589612599
2012-07-18,0.45755355305106316
2012-07-19,0.041092652533909514
2012-07-20,0.04088269436720511
2012-07-21,0.15294289697922225
2012-07-22,0.061661781980647444
2012-07-23,0.09570348630122805
2012-07-24,0.022120900502704054
2012-07-25,0.013927311186741198
2012-07-26,0.009421441108241242
2012-07-27,0.0034421457526471544
2012-07-28,0.07518043843198281
2012-07-29,1.4122666517846367
2012-07-30,0.04793906416833012
2012-07-31,0.2509940715580323
2012-08-01,1.1412136589307695
2012-08-02,0.027693722635883673
2012-08-03,0.009628828425038111
2012-08-04,0.48600992302491364
2012-08-05,2.2612489296517944
2012-08-06,0.15205676844351834
2012-08-07,0.02478709313460282
2012-08-08,0.02281847738737573
2012-08-09,0.011633247577502405
2012-08-10,0.006678029524545548
2012-08-11,0.11931560209151643
2012-08-12,0.007251657638204353
2012-08-13,0.0221687204566259
2012-08-14,0.06597079458232503
2012-08-15,0.037365455753997336
2012-08-16,0.24490206510075244
2012-08-17,1.1485774339626884
2012-08-18,0.17001397159014753
2012-08-19,0.029947959081722965
2012-08-20,0.0038923139316897662
2012-08-21,0.0018842590006516546
2012-08-22,0.05846516362574006
2012-08-23,0.010199922508796004
2012-08-24,0.004957668691570946
2012-08-25,0.3499658232312901
2012-08-26,0.33747387391972156
2012-08-27,0.025850523433566662
2012-08-28,0.0646467171993935
2012-08-29,0.02663094668341772
2012-08-30,0.01790975438705011
2012-08-31,0.01015974501859281
2012-09-01,0.034679842438354785
2012-09-02,0.006883337351354504
2012-09-03,0.05137500531131435
2012-09-04,0.02749341927508625
2012-09-05,0.11581520111255354
2012-09-06,0.040314487249459297
2012-09-07,0.901332464197038
2012-09-08,0.03998614229804465
2012-09-09,0.02511496136165248
2012-09-10,0.048911578983035074
2012-09-11,0.03998880240545449
2012-09-12,0.0031133731304633008
2012-09-13,0.012004893102253663
2012-09-14,0.00798836012011769
2012-09-15,0.021015610411367815
2012-09-16,0.004179179734887984
2012-09-17,0.005040496204003719
2012-09-18,0.18927411051711243
2012-09-19,0.019783456934323415
2012-09-20,0.0013928383883618555
2012-09-21,0.007416776841158009
2012-09-22,0.027819116764753536
2012-09-23,0.07940711594275121
2012-09-24,0.27972006475791467
2012-09-25,2.2102537901258006
2012-09-26,1.215251840420857
2012-09-27,0.2618557432645817
2012-09-28,0.021675223980507728
2012-09-29,0.029335111688373453
2012-09-30,0.00913550444482215
2012-10-01,0.019257730538623473
2012-10-02,0.0198303405018327
2012-10-03,0.010038225590316871
2012-10-04,0.1325149514630556
2012-10-05,2.191571534382757
2012-10-06,0.07647806439631968
2012-10-07,0.008522336347875812
2012-10-08,0.04524357279907906
2012-10-09,0.10640402501621202
2012-10-10,0.03507800486190816
2012-10-11,0.02495176826965751
2012-10-12,0.256129754644774
2012-10-13,0.042084192453209684
2012-10-14,0.03748973544049388
2012-10-15,0.10833061457558374
2012-10-16,0.6151313377289345
2012-10-17,8.948473364275577
2012-10-18,0.6156519569182008
2012-10-19,2.2397377188495997
2012-10-20,0.20360722883771393
2012-10-21,0.023109294089745984
2012-10-22,0.02290375855833387
2012-10-23,0.005736331827712444
2012-10-24,2.1458311195750848
2012-10-25,0.4184487354978965
2012-10-26,0.060435491728058996
2012-10-27,0.050528956495155035
2012-10-28,0.03199594953685398
2012-10-29,0.03625964388068288
2012-10-30,0.12700854864312092
2012-10-31,1.046620124010355
2012-11-01,0.039501732444970454
2012-11-02,0.0733070454722998
2012-11-03,0.151228937421929
2012-11-04,0.27597086434297996
2012-11-05,1.5285158278277216
2012-11-06,0.3723718085593319
2012-11-07,1.2026205697252994
2012-11-08,0.17640017271914443
2012-11-09,0.08247971563853825
2012-11-10,0.08440397692870305
2012-11-11,0.029542599969976668
2012-11-12,0.6085587456290195
2012-11-13,1.1032704334150059
2012-11-14,0.2613341944778405
2012-11-15,0.23953247621669502
2012-11-16,0.18046206926862612
2012-11-17,0.02528011773327056
2012-11-18,0.010732796833173755
2012-11-19,0.02319083323221382
2012-11-20,0.04547364770850704
2012-11-21,0.12812566444388024
2012-11-22,0.6067256377797432
2012-11-23,0.04105366281988468
2012-11-24,0.06297776054925201
2012-11-25,0.4831766082070698
2012-11-26,1.7382843189688466
2012-11-27,1.5366082251516668
2012-11-28,1.0605392337999728
2012-11-29,0.9799645503366504
2012-11-30,1.4600698448543068
2012-12-01,0.04093652566698226
2012-12-02,0.5962892285007394
2012-12-03,0.07022796877296239
2012-12-04,0.07531735033522216
2012-12-05,0.19296540887052294
2012-12-06,0.0861389565099846
2012-12-07,0.06109166455309411
2012-12-08,0.09938655014530666
2012-12-09,0.6410858224669371
2012-12-10,0.25167581921527304
2012-12-11,0.22714598320406998
2012-12-12,1.1707586084919164
2012-12-13,2.9655150538676334
2012-12-14,0.07739409565195729
2012-12-15,0.01544716340570921
2012-12-16,0.05764092637153337
2012-12-17,0.012494134736817923
2012-12-18,0.012905789622927257
2012-12-19,0.00471182945611899
2012-12-20,0.32823514341497945
2012-12-21,0.07714577327853828
2012-12-22,3.0212288269219147
2012-12-23,0.08659103340210485
2012-12-24,0.22614472222250337
2012-12-25,0.11694900239614232
2012-12-26,1.5567687804197503
2012-12-27,0.9971107856474365
2012-12-28,0.1146801338519002
2012-12-29,0.04752952680904836
2012-12-30,3.0692302265437132
2012-12-31,11.543810878601079
2013-01-01,3.681736205589254
2013-01-02,0.3279547216690741
2013-01-03,2.1643527786144463
2013-01-04,3.8081373092392328
2013-01-05,0.9484467941947123
2013-01-06,0.10288292424071827
2013-01-07,0.16446001488590092
2013-01-08,0.05979372792841447
2013-01-09,0.1222652552040607
2013-01-10,0.14034278648809387
2013-01-11,0.36186661961627
2013-01-12,2.214158002876463
2013-01-13,0.38878266898440467
2013-01-14,1.855766369511161
2013-01-15,2.0914547765180926
2013-01-16,0.07242210849274411
2013-01-17,2.0671587455104707
2013-01-18,0.23670681154408596
2013-01-19,0.6075462589507655
2013-01-20,0.23811710699524358
2013-01-21,0.27397136674836414
2013-01-22,0.3604131417795572
2013-01-23,1.2597420398309214
2013-01-24,14.01892519987706
2013-01-25,13.619471995550382
2013-01-26,3.94387900634479
2013-01-27,0.6257462330391605
2013-01-28,0.5228492335106367
2013-01-29,0.16946031398415984
2013-01-30,0.2124444154680897
2013-01-31,0.10091323196478162
2013-02-01,0.9391307914700132
2013-02-02,2.879212990852107
2013-02-03,0.4118433888277594
2013-02-04,6.0010561192650265
2013-02-05,24.59230642266817
2013-02-06,2.651692459720968
2013-02-07,7.630908349562851
2013-02-08,6.746936539829665
2013-02-09,30.12395064175393
2013-02-10,1.3394529199890226
2013-02-11,13.593935421164735
2013-02-12,17.60145639260221
2013-02-13,3.206513847198872
2013-02-14,10.934980243918526
2013-02-15,0.7452259136247406
2013-02-16,6.622346142554666
2013-02-17,19.555310691295936
2013-02-18,3.7759930870481506
2013-02-19,2.5750690785104036
2013-02-20,0.5860805578943082
2013-02-21,0.533467595899429
2013-02-22,18.394391683201455
2013-02-23,11.511901950802537
2013-02-24,0.6066381996713345
2013-02-25,1.3026166966183006
2013-02-26,11.007321354184224
2013-02-27,12.450109798130244
2013-02-28,30.679887211593133
2013-03-01,3.3260582508061285
2013-03-02,12.490726531749276
2013-03-03,43.59872322988074
2013-03-04,11.535255821824718
2013-03-05,8.063103902006683
2013-03-06,8.944768915941715
2013-03-07,43.61400361826754
2013-03-08,1.364163046229954
2013-03-09,3.721460036779274
2013-03-10,1.3703285245016317
2013-03-11,1.7634104625862994
2013-03-12,3.982812228043657
2013-03-13,16.24045896111536
2013-03-14,5.80361828093663
2013-03-15,22.97730690838052
2013-03-16,36.21625865455104
2013-03-17,8.668990366235072
2013-03-18,9.713951138620027
2013-03-19,3.128441775840797
2013-03-20,11.813459212808143
2013-03-21,7.691474785277032
2013-03-22,1.3652296586040167
2013-03-23,9.544424998796316
2013-03-24,9.723113299998808
2013-03-25,2.5610340202178614
2013-03-26,4.362933254050642
2013-03-27,3.8216596198623076
2013-03-28,34.1260323878988
2013-03-29,0.41566180442347805
2013-03-30,0.4753460764818981
2013-03-31,0.17007719550462014
2013-04-01,0.12908998537363495
2013-04-02,1.0349656403208898
2013-04-03,1.368661332480064
2013-04-04,6.406128948888755
2013-04-05,7.035618865755556
2013-04-06,0.9619823505073863
2013-04-07,2.775984706029606
2013-04-08,0.859295247545175
2013-04-09,3.105056174648362
2013-04-10,21.33417745392304
2013-04-11,3.0575181494017474
2013-04-12,1.2095800160801855
2013-04-13,2.0278710743436212
2013-04-14,0.24506435708270977
2013-04-15,1.1908959422717238
2013-04-16,2.6559052180732095
2013-04-17,1.1122875559242114
2013-04-18,24.164708939066404
2013-04-19,10.436092034045068
2013-04-20,42.93482821089595
2013-04-21,5.271942862648746
2013-04-22,10.812219217406144
2013-04-23,1.7689179898554976
2013-04-24,0.10510444911072668
2013-04-25,0.1549502704983608
2013-04-26,0.20374200973200338
2013-04-27,0.11531540855011435
2013-04-28,0.13130869099079484
2013-04-29,0.11416674021220212
2013-04-30,1.7200760021391015
2013-05-01,0.2067401155187488
2013-05-02,3.361315722200315
2013-05-03,1.738708120208472
2013-05-04,0.22599403416871802
2013-05-05,4.04808340657281
2013-05-06,2.8429138289090994
2013-05-07,0.7548129525105421
2013-05-08,1.6545971167142013
2013-05-09,0.6222337860368207
2013-05-10,0.4315656891510091
2013-05-11,0.10435655947851785
2013-05-12,0.4685461438218801
2013-05-13,0.165912208044444
2013-05-14,0.3726166305881998
2013-05-15,0.5182098417812824
2013-05-16,0.39572067277226175
2013-05-17,0.2925604959502612
2013-05-18,0.11211135044126865
2013-05-19,0.13904513332475307
2013-05-20,2.8220602505236045
2013-05-21,3.715043243543372
2013-05-22,1.4607274757534885
2013-05-23,1.1142560760744193
2013-05-24,0.9820143850196779
2013-05-25,2.1643947243617045
2013-05-26,14.486905538234252
2013-05-27,3.9134251748607896
2013-05-28,0.46731480476407566
2013-05-29,0.8809560729824687
2013-05-30,3.094101227268458
2013-05-31,3.9118733879225887
2013-06-01,4.016398509420328
2013-06-02,0.23688466804999792
2013-06-03,2.2565909748526196
2013-06-04,0.22223987720813415
2013-06-05,0.3898572058275696
2013-06-06,0.07289537936266027
2013-06-07,0.04961244005690189
2013-06-08,0.12538889987618856
2013-06-09,0.06620581426972952
2013-06-10,0.02548579950865321
2013-06-11,0.1885216973748512
2013-06-12,0.04994825783774146
2013-06-13,0.040686624847769436
2013-06-14,0.05113329921982264
2013-06-15,0.12095400499716409
2013-06-16,0.0439167691221401
2013-06-17,0.09706642521133806
2013-06-18,0.09834566683244969
2013-06-19,0.0555161028033852
2013-06-20,0.07731509635758538
2013-06-21,0.04293819977972621
2013-06-22,0.036955030992235315
2013-06-23,0.05584459022820526
2013-06-24,0.061744063387138184
2013-06-25,0.37575465012554693
2013-06-26,0.0772677523782316
2013-06-27,0.08091485232238975
2013-06-28,0.2577944041804959
2013-06-29,0.07292808268601218
2013-06-30,0.5661943485929688
2013-07-01,2.2396792733436977
2013-07-02,0.8373111593505165
2013-07-03,0.2751345352143618
2013-07-04,0.5186209761776094
2013-07-05,0.09111942182815846
2013-07-06,0.12889422577791784
2013-07-07,0.03597442537043051
2013-07-08,0.1487264316770335
2013-07-09,0.2014248478342773
2013-07-10,0.2581393753958484
2013-07-11,0.08112940703340962
2013-07-12,0.041300899631789866
2013-07-13,0.05892417965916269
2013-07-14,0.05363103916653932
2013-07-15,0.045474329793703694
2013-07-16,0.013643327254671971
2013-07-17,0.018886645546426654
2013-07-18,0.030768681098060555
2013-07-19,0.029335337774864353
2013-07-20,0.013233462168824674
2013-07-21,0.01851972713293554
2013-07-22,0.027490595372243104
2013-07-23,0.008645484005266244
2013-07-24,0.01737290660907226
2013-07-25,0.33130694869030075
2013-07-26,0.03179488067298364
2013-07-27,0.013109328896528277
2013-07-28,0.011103737550965461
2013-07-29,0.023977755525444108
2013-07-30,0.015608683020965441
2013-07-31,0.043719005492261404
2013-08-01,0.023436794941116314
2013-08-02,0.03146453342019218
2013-08-03,0.047772745231134756
2013-08-04,0.11378279318265706
2013-08-05,0.018970689650252247
2013-08-06,0.009792574784498364
2013-08-07,0.03285803317580089
2013-08-08,0.023149777911099872
2013-08-09,0.01688024128222787
2013-08-10,0.04984518333635216
2013-08-11,0.01421644247000844
2013-08-12,0.014830757262038674
2013-08-13,0.0264248032607611
2013-08-14,0.060230488503480735
2013-08-15,0.43613845501413456
2013-08-16,0.03363922020349764
2013-08-17,0.024504810834797938
2013-08-18,0.010734525655354293
2013-08-19,0.01405345767713142
2013-08-20,0.050479259050503274
2013-08-21,0.05730722979874798
2013-08-22,0.058509499451956125
2013-08-23,0.029085438238515258
2013-08-24,0.04958123653402996
2013-08-25,0.10930774225895955
2013-08-26,1.9948403209943608
2013-08-27,0.2813308519641982
2013-08-28,0.022206996938596246
2013-08-29,0.016062271424588857
2013-08-30,0.002130637498641222
2013-08-31,0.03486617301727416
2013-09-01,0.04011861979495463
2013-09-02,0.008563367875157839
2013-09-03,0.029506678093875565
2013-09-04,0.040215883119535674
2013-09-05,0.6196190826611936
2013-09-06,0.06273586976533124
2013-09-07,0.021386108222487977
2013-09-08,0.033923563599697636
2013-09-09,0.03420524962522575
2013-09-10,0.2652379061145814
2013-09-11,0.022780214077398827
2013-09-12,0.023558650306501665
2013-09-13,0.04787419482174794
2013-09-14,0.006227326286491747
2013-09-15,0.09485301428829647
2013-09-16,0.10302001514437838
2013-09-17,0.03761346884323631
2013-09-18,0.38879298125195977
2013-09-19,0.14176106696286717
2013-09-20,0.2311569961255877
2013-09-21,0.18292180146591683
2013-09-22,0.019503270954956832
2013-09-23,0.015119927466856425
2013-09-24,0.056423462426724476
2013-09-25,0.22902557381093896
2013-09-26,0.04994562534799297
2013-09-27,0.0499897155651256
2013-09-28,0.01458331021179774
2013-09-29,0.33251658803432727
2013-09-30,0.7224959299169941
2013-10-01,0.26804390200049605
2013-10-02,0.1278900826507094
2013-10-03,0.06112274575141312
2013-10-04,0.16635597029351262
2013-10-05,0.07140409092302359
2013-10-06,0.8005831654577746
2013-10-07,0.1365534154006137
2013-10-08,0.01737158165507321
2013-10-09,0.009586868260874036
2013-10-10,0.04577217249675557
2013-10-11,0.01360212168250535
2013-10-12,0.33957651241882897
2013-10-13,0.6627812300175024
2013-10-14,0.5361413684871679
2013-10-15,7.175539208437456
2013-10-16,3.2760783374096873
2013-10-17,1.4113966567500662
2013-10-18,0.2702664799813239
2013-10-19,0.10593451619156617
2013-10-20,0.7354946255279208
2013-10-21,0.4842291264643869
2013-10-22,1.1977175866238408
2013-10-23,0.8989100525869289
2013-10-24,0.053261653412653855
2013-10-25,0.05543373473564785
2013-10-26,0.06813932723402814
2013-10-27,0.06654714988652632
2013-10-28,0.605776242975447
2013-10-29,0.16410186045106592
2013-10-30,0.11723559408661008
2013-10-31,0.19351863204496342
2013-11-01,0.05334479310230377
2013-11-02,0.3352496170054458
2013-11-03,0.2031672976260445
2013-11-04,2.4058552243425253
2013-11-05,0.08883895627616988
2013-11-06,0.007496028420624669
2013-11-07,0.02162660346480847
2013-11-08,0.0087256877721098
2013-11-09,0.04241462496431541
2013-11-10,0.011390251574291684
2013-11-11,0.013113608771586788
2013-11-12,0.013889973085171483
2013-11-13,0.06302103472385574
2013-11-14,0.8806895793700671
2013-11-15,0.30871517686873956
2013-11-16,0.12765947073258319
2013-11-17,0.15369284165089953
2013-11-18,0.9155916298414253
2013-11-19,0.09412115646545105
2013-11-20,0.28183662851644115
2013-11-21,0.026137534561734864
2013-11-22,0.12983878783496314
2013-11-23,0.034085468466718845
2013-11-24,0.08365127759708628
2013-11-25,0.007947038467987182
2013-11-26,0.06429048011577942
2013-11-27,0.014787846232270287
2013-11-28,0.008563008721198638
2013-11-29,0.1918127823157186
2013-11-30,0.02257257845796152
2013-12-01,0.06788898904699901
2013-12-02,0.03187059550458526
2013-12-03,0.46450777130082965
2013-12-04,1.6203972704715364
2013-12-05,0.8203809962027564
2013-12-06,0.44177355251530687
2013-12-07,1.0553790503494995
2013-12-08,0.7250353700489015
2013-12-09,2.5168893394293126
2013-12-10,2.031389583041299
2013-12-11,0.2493666734176137
2013-12-12,0.1330273823693097
2013-12-13,0.1416370112973844
2013-12-14,0.26530041729864473
2013-12-15,0.13343623077203765
2013-12-16,0.3864556606726076
2013-12-17,0.19065829021661732
2013-12-18,4.525230441887621
2013-12-19,0.6580541677839046
2013-12-20,0.05387740437758288
2013-12-21,0.04411602666570012
2013-12-22,0.041096513855224955
2013-12-23,0.012287895671317172
2013-12-24,0.019499653268778918
2013-12-25,0.016673444540020902
2013-12-26,0.029496753278986567
2013-12-27,0.053596350817718824
2013-12-28,0.07546694792499828
2013-12-29,0.18298227022811234
2013-12-30,0.4039190971335671
2013-12-31,0.23058524106117656
2014-01-01,0.44669192165508265
2014-01-02,0.4007712281192969
2014-01-03,0.4617559196427398
2014-01-04,0.08558350986918899
2014-01-05,0.9299394943532848
2014-01-06,4.867305701738034
2014-01-07,43.37047866654041
2014-01-08,7.733354095805357
2014-01-09,4.800769823256121
2014-01-10,0.7642914144280385
2014-01-11,0.30966742519609775
2014-01-12,0.6703826161060489
2014-01-13,0.37365140567502003
2014-01-14,0.39361277154112273
2014-01-15,0.2842895672123774
2014-01-16,0.8458581882502192
2014-01-17,3.818749646754659
2014-01-18,1.6499279906446516
2014-01-19,3.0979134974297198
2014-01-20,8.14996575436179
2014-01-21,11.837740677931155
2014-01-22,15.690621349532973
2014-01-23,22.701227820180026
2014-01-24,3.244088758935311
2014-01-25,9.750791575000353
2014-01-26,9.99433088772721
2014-01-27,3.21463287554783
2014-01-28,0.42566249741133466
2014-01-29,0.14677239595727257
2014-01-30,2.3519185872385604
2014-01-31,0.6285870921224757
2014-02-01,0.37951438387631137
2014-02-02,1.3086923072992374
2014-02-03,4.26761091182436
2014-02-04,4.170249739150798
2014-02-05,15.311315092052311
2014-02-06,0.20613138252580485
2014-02-07,0.4878206836510493
2014-02-08,0.18074721685964437
2014-02-09,0.40396184599356105
2014-02-10,1.2513460175387559
2014-02-11,0.3418341189845438
2014-02-12,1.1296294906234172
2014-02-13,5.029554045135659
2014-02-14,21.56226846584473
2014-02-15,19.45744103561619
2014-02-16,5.7644770529292515
2014-02-17,32.3436291804446
2014-02-18,7.622457129504079
2014-02-19,1.730755882167072
2014-02-20,0.3883748259545524
2014-02-21,3.841115471484754
2014-02-22,0.9033438423376297
2014-02-23,5.795447483728969
2014-02-24,2.4982839455212598
2014-02-25,30.114329723547772
2014-02-26,2.787781254807222
2014-02-27,3.3211280917956296
2014-02-28,8.573049818584762
2014-03-01,21.858584999142114
2014-03-02,12.005904310481647
2014-03-03,8.792280130093205
2014-03-04,1.0093273364099618
2014-03-05,0.10616139344699645
2014-03-06,0.36141305091785086
2014-03-07,0.3468236139324407
2014-03-08,6.1616271533808735
2014-03-09,9.521043655062739
2014-03-10,1.360092423102188
2014-03-11,4.273101165900357
2014-03-12,1.6452045389476058
2014-03-13,1.9492650629965984
2014-03-14,8.697600529761988
2014-03-15,1.7105355463549272
2014-03-16,0.5261401794249354
2014-03-17,0.4525013089405553
2014-03-18,1.4839914969620545
2014-03-19,0.2506276579185191
2014-03-20,1.4772508274883622
2014-03-21,4.544628085358757
2014-03-22,1.2088649818770065
2014-03-23,2.799697739300054
2014-03-24,9.541006059105696
2014-03-25,15.647816827077593
2014-03-26,4.601580752521073
2014-03-27,20.746867603523377
2014-03-28,1.131831286275516
2014-03-29,0.6569426775340128
2014-03-30,16.515482503087036
2014-03-31,2.061139341572841
2014-04-01,0.2040891687705188
2014-04-02,0.9952202585017634
2014-04-03,0.25762517804427665
2014-04-04,2.063819799352591
2014-04-05,0.0930146014640204
2014-04-06,0.40693883063641584
2014-04-07,0.5858601432919162
2014-04-08,0.7904099555526729
2014-04-09,5.661826091687746
2014-04-10,11.23524477914988
2014-04-11,0.6572136212930714
2014-04-12,0.6016560897354434
2014-04-13,0.27441785320832407
2014-04-14,3.1605730417883513
2014-04-15,1.0335604629976676
2014-04-16,1.1543081374779736
2014-04-17,1.7084010151827234
2014-04-18,3.461393829817488
2014-04-19,8.109179103660786
2014-04-20,2.6369419812810793
2014-04-21,0.1420488002682093
2014-04-22,1.1541303143321315
2014-04-23,4.675865036768126
2014-04-24,10.337094751465171
2014-04-25,4.1905362787791685
2014-04-26,10.124888563664008
2014-04-27,24.71310977214659
2014-04-28,2.3315364029781516
2014-04-29,16.982923345408523
2014-04-30,1.9934428772483894
2014-05-01,14.009459190905005
2014-05-02,5.073753977623125
2014-05-03,15.64387207288217
2014-05-04,3.7409221481082002
2014-05-05,0.9071316380810305
2014-05-06,13.947127926198897
2014-05-07,10.261547226425145
2014-05-08,25.125139698457286
2014-05-09,9.506613788600196
2014-05-10,39.67699681490979
2014-05-11,3.8135835659447426
2014-05-12,6.072818147521714
2014-05-13,0.24664714783611102
2014-05-14,5.191921630820153
2014-05-15,5.691206499882046
2014-05-16,8.827871656486654
2014-05-17,1.4504656184995546
2014-05-18,3.5803797971391536
2014-05-19,0.68937137903929
2014-05-20,3.0908537983187783
2014-05-21,1.1905292118456348
2014-05-22,0.19386095311376111
2014-05-23,1.3073082971264174
2014-05-24,0.1485825662173926
2014-05-25,1.691012779768436
2014-05-26,0.743234972095459
2014-05-27,2.061272693355574
2014-05-28,0.8545301461283481
2014-05-29,2.3958378103787394
2014-05-30,0.8325242555750638
2014-05-31,0.49005209841398184
2014-06-01,1.4304815616864646
2014-06-02,0.8909511488631404
2014-06-03,0.6414965113313292
2014-06-04,0.5266284559146096
2014-06-05,0.7460636250187681
2014-06-06,0.8716929436907509
2014-06-07,0.25465537671156074
2014-06-08,0.3232943368509736
2014-06-09,0.43970828349836416
2014-06-10,0.8643512648846714
2014-06-11,0.6681412435118359
2014-06-12,0.2082192603851105
2014-06-13,0.10205398546679381
2014-06-14,0.24471469010095095
2014-06-15,0.25165972505792067
2014-06-16,0.04792499879002746
2014-06-17,0.07366629034737077
2014-06-18,0.09315583884898072
2014-06-19,0.02323375374055135
2014-06-20,0.11910771896561301
2014-06-21,0.07005958459511316
2014-06-22,0.04649354075342769
2014-06-23,0.0487119244048911
2014-06-24,0.15887056098406288
2014-06-25,2.1070142369217484
2014-06-26,1.2025790632030822
2014-06-27,0.37243485404405186
2014-06-28,0.49757346630813803
2014-06-29,0.36369320593369764
2014-06-30,0.5478203975198264
2014-07-01,0.3489043891759569
2014-07-02,0.08059322563089144
2014-07-03,0.10480005765645431
2014-07-04,0.16770436816804996
2014-07-05,1.0467309142891916
2014-07-06,0.544582914645715
2014-07-07,2.4453901976868977
2014-07-08,2.930118903115427
2014-07-09,0.6838475882439692
2014-07-10,0.1196911116474394
2014-07-11,0.3815434861327299
2014-07-12,0.02310587982200483
2014-07-13,0.010817082670518036
2014-07-14,0.100053781103419
2014-07-15,0.059040259029172905
2014-07-16,0.08829641615195027
2014-07-17,0.09424246262768732
2014-07-18,0.03645849310758913
2014-07-19,0.05019649276322137
2014-07-20,0.03793824130695208
2014-07-21,0.05244310325964827
2014-07-22,0.07586860213431962
2014-07-23,0.09556445837028921
2014-07-24,0.024583367250617907
2014-07-25,0.04912217225896484
2014-07-26,0.0937083980124785
2014-07-27,0.3519185680079604
2014-07-28,0.08099365499174281
2014-07-29,0.07763597622173073
2014-07-30,0.032156553939171724
2014-07-31,0.018107726968921444
2014-08-01,0.04334680216162763
2014-08-02,0.04474149204586748
2014-08-03,0.27229759933744047
2014-08-04,0.331543960183756
2014-08-05,0.3750158568424797
2014-08-06,0.16575287480324627
2014-08-07,0.20946384005673588
2014-08-08,0.884151526580036
2014-08-09,0.9466141027093534
2014-08-10,0.08285333750459939
2014-08-11,0.05129963169867411
2014-08-12,0.1296168225314996
2014-08-13,0.30656597167195815
2014-08-14,0.15059407361150845
2014-08-15,0.019705445751247427
2014-08-16,0.03527334737571335
2014-08-17,0.04097166900896899
2014-08-18,0.018927531154558204
2014-08-19,0.0673625089614699
2014-08-20,0.07341678050665136
2014-08-21,0.07605100029043198
2014-08-22,0.06001596149060161
2014-08-23,0.15072675555411214
2014-08-24,0.08799678776333107
2014-08-25,0.044045421778713546
2014-08-26,0.5173769821176886
2014-08-27,1.112911169395849
2014-08-28,2.6200587775856095
2014-08-29,0.4542886509429107
2014-08-30,0.18219828070721852
2014-08-31,0.08857931872259137
2014-09-01,0.016713136671743546
2014-09-02,0.024339105444963607
2014-09-03,0.06190555932403626
2014-09-04,0.026426043737299582
2014-09-05,0.02589558184072999
2014-09-06,0.022656656719431453
2014-09-07,0.018230934040510148
2014-09-08,0.0293308695306763
2014-09-09,0.0264731403945429
2014-09-10,0.039574687468462585
2014-09-11,0.34740137803596843
2014-09-12,1.990950434559453
2014-09-13,0.23374996474761667
2014-09-14,0.4224347015410444
2014-09-15,6.449803747692285
2014-09-16,0.1062603524981388
2014-09-17,0.08854372749533676
2014-09-18,0.03712283127066728
2014-09-19,0.06310899056345648
2014-09-20,1.224868850634371
2014-09-21,0.4811768097906078
2014-09-22,2.962995892831728
2014-09-23,3.5524904532869184
2014-09-24,1.0467254161922261
2014-09-25,0.03187717632446378
2014-09-26,0.02831030016650296
2014-09-27,0.12111210610125431
2014-09-28,0.15545140764036716
2014-09-29,0.045853203037359236
2014-09-30,0.040766914965194294
2014-10-01,0.0774326920848021
2014-10-02,0.008973089285317933
2014-10-03,0.018232922154201747
2014-10-04,0.04846300126167282
2014-10-05,0.021098698677715914
2014-10-06,0.018804841122454265
2014-10-07,0.10615986866558419
2014-10-08,0.7447346810397517
2014-10-09,0.8437308697790585
2014-10-10,1.9584865601345174
2014-10-11,17.265531642154606
2014-10-12,3.667658724728562
2014-10-13,0.4872513324958952
2014-10-14,0.13644867321937634
2014-10-15,0.08106550517812794
2014-10-16,0.08057117747807195
2014-10-17,0.8430598294878123
2014-10-18,0.9200522078930223
2014-10-19,2.61758336375536
2014-10-20,0.30645131883196
2014-10-21,0.5865053493657839
2014-10-22,2.0597784179802536
2014-10-23,0.5605436371820279
2014-10-24,0.3932626143427622
2014-10-25,0.7363718304539434
2014-10-26,0.7282825329626692
2014-10-27,0.03994622066157834
2014-10-28,0.03228773334251028
2014-10-29,0.04404028185221175
2014-10-30,0.05080232562304635
2014-10-31,0.03150610120865726
2014-11-01,0.008151347615490297
2014-11-02,0.2340700678773267
2014-11-03,0.04372140413109606
2014-11-04,0.04514897088178022
2014-11-05,0.0976376498044935
2014-11-06,0.5901450377780189
2014-11-07,0.16800137857136313
2014-11-08,0.013764940575815461
2014-11-09,0.09565034357068843
2014-11-10,0.5416944011774267
2014-11-11,1.0290647868424878
2014-11-12,0.604220581588268
2014-11-13,0.1583510288064686
2014-11-14,0.0941161557747586
2014-11-15,1.0012615173098691
2014-11-16,0.1345125924091706
2014-11-17,0.0949335009507134
2014-11-18,0.037652645333452965
2014-11-19,0.03802299966987275
2014-11-20,0.027240661928256606
2014-11-21,0.009379989834357838
2014-11-22,0.00569413500673231
2014-11-23,0.007209587632006106
2014-11-24,0.07665666310430967
2014-11-25,0.8557102579670851
2014-11-26,1.9391429002749334
2014-11-27,0.09886845768261926
2014-11-28,0.06542499684763689
2014-11-29,0.1485301571609208
2014-11-30,0.07933523333092961
2014-12-01,0.28576125711779155
2014-12-02,0.14964080184506787
2014-12-03,0.12962538702017667
2014-12-04,0.2841719708997385
2014-12-05,6.898458009940945
2014-12-06,2.073547268121353
2014-12-07,0.7654702637995783
2014-12-08,0.4658207572529899
2014-12-09,0.654617678299251
2014-12-10,1.506913515690468
2014-12-11,0.5710188240704958
2014-12-12,0.04879506834039877
2014-12-13,0.07350859654428447
2014-12-14,0.022780915913890143
2014-12-15,0.008194031749310087
2014-12-16,0.3456556266628759
2014-12-17,0.019795075877184046
2014-12-18,0.040781011320374955
2014-12-19,0.02425449261387106
2014-12-20,0.02733064620383733
2014-12-21,0.014587640290733221
2014-12-22,0.07472963398285766
2014-12-23,0.02942348112476101
2014-12-24,0.047414394013338655
2014-12-25,0.744352517159273
2014-12-26,0.03597534052566566
2014-12-27,1.2200343150922675
2014-12-28,2.881862052066299
2014-12-29,0.8836260093289635
2014-12-30,1.6874866506853436
2014-12-31,8.676029451751502
2015-01-01,1.4644893276328788
2015-01-02,0.22355689428886297
2015-01-03,0.31887018006694867
2015-01-04,1.9642885549744808
2015-01-05,1.115530006522284
2015-01-06,0.9629299108226361
2015-01-07,0.10282940180390884
2015-01-08,0.07900272805628054
2015-01-09,0.06895838594695744
2015-01-10,0.5088264992317377
2015-01-11,0.44372846110429875
2015-01-12,0.27390673931914444
2015-01-13,1.056537216993338
2015-01-14,0.11981350520749423
2015-01-15,1.9328072905746967
2015-01-16,1.5291048396969835
2015-01-17,35.10297655021705
2015-01-18,23.955150777605528
2015-01-19,2.6250387061947595
2015-01-20,15.580986789640033
2015-01-21,16.266550879692403
2015-01-22,21.809701864491785
2015-01-23,5.568078938024138
2015-01-24,3.707424354839407
2015-01-25,0.21790985935094867
2015-01-26,0.5947185383253722
2015-01-27,5.3225106443238115
2015-01-28,1.095465732449639
2015-01-29,7.234962655688044
2015-01-30,1.0292951446799816
2015-01-31,3.608538824751914
2015-02-01,1.690186793175039
2015-02-02,0.41861022925250485
2015-02-03,0.2441313227177004
2015-02-04,0.7664056465199274
2015-02-05,0.7267599650830393
2015-02-06,6.761259692312735
2015-02-07,25.061944651626625
2015-02-08,9.363338896982931
2015-02-09,8.519291315206248
2015-02-10,0.7730659683386987
2015-02-11,1.398941840808926
2015-02-12,0.9520063286541548
2015-02-13,0.6782590225625688
2015-02-14,2.790823670544296
2015-02-15,30.399446354259087
2015-02-16,1.457718436046798
2015-02-17,0.6708468023154857
2015-02-18,0.9698057467098334
2015-02-19,1.1660527685155544
2015-02-20,0.394685548002347
2015-02-21,0.10185430751840771
2015-02-22,0.013687346488921264
2015-02-23,1.2239877785285962
2015-02-24,29.684816810746383
2015-02-25,5.906481533136019
2015-02-26,44.08940132156781
2015-02-27,9.364921444029449
2015-02-28,4.129490398365696
2015-03-01,0.7011380091651599
2015-03-02,2.3176005320473183
2015-03-03,3.4264945512472407
2015-03-04,0.12231763601468582
2015-03-05,0.6987811987539497
2015-03-06,0.9529370301159237
2015-03-07,0.7317912524823215
2015-03-08,1.0838673952224873
2015-03-09,0.13136090300303124
2015-03-10,0.24093471305895064
2015-03-11,0.17133465152721125
2015-03-12,1.1712734480346418
2015-03-13,5.809527760164893
2015-03-14,15.166734214494486
2015-03-15,8.878499179940773
2015-03-16,2.9760072027577102
2015-03-17,36.4453662831859
2015-03-18,19.349921659833917
2015-03-19,27.394499037655354
2015-03-20,42.915131691978345
2015-03-21,1.4312486387446286
2015-03-22,10.293943079962505
2015-03-23,0.7732785303178519
2015-03-24,2.0648302119249142
2015-03-25,28.70328842948612
2015-03-26,3.9128822592769414
2015-03-27,6.91724088432034
2015-03-28,20.17732798802558
2015-03-29,30.89587790113649
2015-03-30,5.973965548663087
2015-03-31,10.93824284037296
2015-04-01,1.7990234899854014
2015-04-02,14.158721739315173
2015-04-03,4.031017723953126
2015-04-04,30.02402209023596
2015-04-05,27.35354268639266
2015-04-06,0.5671565607096768
2015-04-07,0.6067562939247537
2015-04-08,2.0987140879375525
2015-04-09,0.8614888154684648
2015-04-10,0.3309484811381355
2015-04-11,2.217016962582647
2015-04-12,2.9444736933225544
2015-04-13,25.36943239450303
2015-04-14,19.12689497393828
2015-04-15,21.920677695328553
2015-04-16,20.587353111431824
2015-04-17,14.952309608931241
2015-04-18,3.952483936441338
2015-04-19,0.9954198246734871
2015-04-20,5.410174471610307
2015-04-21,6.155795280221214
2015-04-22,4.217472604874033
2015-04-23,7.326487796681789
2015-04-24,6.782955259974345
2015-04-25,1.395923627571017
2015-04-26,0.11783668683529855
2015-04-27,0.4445015122325572
2015-04-28,0.8014047378538013
2015-04-29,0.5925313877235672
2015-04-30,2.5257751113007467
2015-05-01,11.663264264292568
2015-05-02,3.5713680087599706
2015-05-03,16.287704471442854
2015-05-04,3.384712346223088
2015-05-05,14.865371165415782
2015-05-06,9.75927238342723
2015-05-07,2.93039290930125
2015-05-08,0.2631245362179676
2015-05-09,0.22259609730404523
2015-05-10,1.617552765678541
2015-05-11,0.2736942906894355
2015-05-12,0.626068556972738
2015-05-13,6.331188711715862
2015-05-14,19.531225372615683
2015-05-15,35.85531969339259
2015-05-16,1.4224328440203284
2015-05-17,2.814034662970095
2015-05-18,1.0799112152327965
2015-05-19,0.8953870737232008
2015-05-20,1.23453179787815
2015-05-21,12.832006024309274
2015-05-22,3.6362445676643356
2015-05-23,5.553463789843803
2015-05-24,3.094843478380399
2015-05-25,8.999714161075381
2015-05-26,1.7570709278004364
2015-05-27,6.761008110763678
2015-05-28,2.530699420756699
2015-05-29,0.7496253932996017
2015-05-30,1.8391165493748791
2015-05-31,1.265609646422625
2015-06-01,0.10104092627825072
2015-06-02,3.0603760831318376
2015-06-03,1.0437128203787112
2015-06-04,0.3547265051074907
2015-06-05,1.5126193929878924
2015-06-06,1.1490566194038392
2015-06-07,6.987549427108837
2015-06-08,3.102811164180454
2015-06-09,2.1845617420710375
2015-06-10,24.315435447171136
2015-06-11,0.1954239225943237
2015-06-12,0.27544440477913906
2015-06-13,2.9544834813796848
2015-06-14,10.207829002969387
2015-06-15,0.11717223359039555
2015-06-16,2.7328896909356155
2015-06-17,4.920625588014821
2015-06-18,1.7774770529059936
2015-06-19,0.13831184743018565
2015-06-20,2.676745806315617
2015-06-21,3.5608334695622927
2015-06-22,0.1270974270595527
2015-06-23,0.026062911139571637
2015-06-24,0.11618212079432999
2015-06-25,0.048887089601425605
2015-06-26,0.02699626961598677
2015-06-27,0.08593149794242637
2015-06-28,0.04715841645362627
2015-06-29,0.08608176677738377
2015-06-30,0.050271267715455
2015-07-01,0.05515015212625281
2015-07-02,0.04897252555569485
2015-07-03,0.039540746664908456
2015-07-04,0.04306701324230358
2015-07-05,0.929407930384852
2015-07-06,0.6350235923429014
2015-07-07,1.005354138209475
2015-07-08,0.3969637565626715
2015-07-09,0.21130723259580753
2015-07-10,0.06047931012872361
2015-07-11,0.09122331094427666
2015-07-12,0.8977743298677543
2015-07-13,0.1089505805153733
2015-07-14,0.06738703026671944
2015-07-15,1.1077939969375128
2015-07-16,1.9519308963333717
2015-07-17,2.727496094286507
2015-07-18,4.087695667254925
2015-07-19,0.6413390081339824
2015-07-20,0.564255024829699
2015-07-21,0.16075041642159932
2015-07-22,4.293412022465095
2015-07-23,0.5424825540685193
2015-07-24,0.09480612707819883
2015-07-25,0.21120816881960905
2015-07-26,0.06219460780155656
2015-07-27,0.06719145786099062
2015-07-28,0.1442651822274069
2015-07-29,0.09042663232959432
2015-07-30,0.18120207333247185
2015-07-31,0.4309413477717838
2015-08-01,0.014667970116484044
2015-08-02,0.013150417128300396
2015-08-03,0.025444267921489433
2015-08-04,0.02343343290852352
2015-08-05,0.010775934900500866
2015-08-06,0.06758895611893671
2015-08-07,0.0133535896838579
2015-08-08,0.3738372774616707
2015-08-09,0.06634758174084504
2015-08-10,0.03294191939722982
2015-08-11,0.03109706029536159
2015-08-12,0.03638258309146186
2015-08-13,0.017782223710944626
2015-08-14,0.04237761537660644
2015-08-15,0.04724431613882572
2015-08-16,0.02379968955564279
2015-08-17,1.0969832280048075
2015-08-18,0.009340550484617748
2015-08-19,0.029872430854528217
2015-08-20,0.02306725468961774
2015-08-21,0.02192135283789082
2015-08-22,0.054502487829557605
2015-08-23,0.034293795926261965
2015-08-24,0.05564434308953221
2015-08-25,0.03359697859710414
2015-08-26,0.048633939296337074
2015-08-27,0.0528111477089987
2015-08-28,0.027586781992559997
2015-08-29,0.02450220486957367
2015-08-30,0.024090896687031835
2015-08-31,0.027166721006347164
2015-09-01,0.04547515589329424
2015-09-02,0.041052663110453316
2015-09-03,0.021057362437325523
2015-09-04,0.003850885170338916
2015-09-05,0.025195202447140626
2015-09-06,0.0330257361570679
2015-09-07,0.03675034354531669
2015-09-08,0.039210991471986006
2015-09-09,0.035123569489917426
2015-09-10,0.020038760035146264
2015-09-11,0.9252464185691293
2015-09-12,0.014175744847762241
2015-09-13,0.004097108893219599
2015-09-14,0.022609178520894953
2015-09-15,0.0004914940698502239
2015-09-16,0.027655344295635736
2015-09-17,0.007990442948178527
2015-09-18,0.17023649751396003
2015-09-19,0.20502598647847095
2015-09-20,0.1676966920938346
2015-09-21,0.07624247728564401
2015-09-22,0.0914994368539262
2015-09-23,0.04428581694698824
2015-09-24,0.1045456199284617
2015-09-25,0.09005401966542155
2015-09-26,0.10180616304172439
2015-09-27,0.06760188967557951
2015-09-28,0.07845611320439792
2015-09-29,0.06165662686669815
2015-09-30,0.05100526452148818
2015-10-01,0.7467495179574999
2015-10-02,0.03466196214077951
2015-10-03,0.05571931608054214
2015-10-04,0.05719357603921007
2015-10-05,0.06513775617869696
2015-10-06,0.07116333815208392
2015-10-07,0.07095240059212485
2015-10-08,0.10240860326093558
2015-10-09,0.2209967710733269
2015-10-10,0.311337360347474
2015-10-11,0.13041063558713425
2015-10-12,0.47870057128798404
2015-10-13,2.2671892874522808
2015-10-14,11.31458105314644
2015-10-15,6.567171499144964
2015-10-16,7.080913470082188
2015-10-17,0.30044296987170266
2015-10-18,0.7683766865314069
2015-10-19,1.1623427263162527
2015-10-20,0.10894461088750894
2015-10-21,0.19593269250320378
2015-10-22,0.11231026651346226
2015-10-23,0.2834496975225326
2015-10-24,0.26495419034564305
2015-10-25,4.407042410730254
2015-10-26,0.0752149993229715
2015-10-27,0.1864105813142589
2015-10-28,0.7582539980786367
2015-10-29,1.3966919720446636
2015-10-30,0.24729379319485545
2015-10-31,0.1038131272015182
2015-11-01,0.4258864006016551
2015-11-02,0.7791509629012742
2015-11-03,0.28776274921805933
2015-11-04,0.06063820583305814
2015-11-05,0.01893273383099951
2015-11-06,0.5611533395700147
2015-11-07,4.51356744100718
2015-11-08,0.03549005904685544
2015-11-09,0.05740793925977504
2015-11-10,0.09449000130039875
2015-11-11,0.052896864955783204
2015-11-12,0.04617683275094992
2015-11-13,0.052936676875122865
2015-11-14,0.10781655467403428
2015-11-15,0.12862851037086045
2015-11-16,0.10753811018425476
2015-11-17,0.779145686653882
2015-11-18,0.48004931039683324
2015-11-19,0.06043207473991756
2015-11-20,0.13659378592185298
2015-11-21,0.06899582391236647
2015-11-22,3.029072310172757
2015-11-23,1.216010548982742
2015-11-24,5.070194488335101
2015-11-25,2.024859307263963
2015-11-26,1.0174768081310852
2015-11-27,3.407307509493219
2015-11-28,0.12209175987274153
2015-11-29,0.11169695484550086
2015-11-30,0.097526367608366
2015-12-01,0.5073532110048797
2015-12-02,12.91385322529483
2015-12-03,3.2466651420735015
2015-12-04,3.070263194991953
2015-12-05,7.348712195020527
2015-12-06,0.09078756517249274
2015-12-07,2.1944134253294765
2015-12-08,0.1167261070930303
2015-12-09,0.43921837269728103
2015-12-10,1.8644972096823849
2015-12-11,0.4019231471273935
2015-12-12,0.07206283865950144
2015-12-13,0.060919339388891186
2015-12-14,2.1170262048652533
2015-12-15,16.233312711444636
2015-12-16,0.3682216126675854
2015-12-17,0.19491363533724052
2015-12-18,0.3499367603766791
2015-12-19,0.6392843394017167
2015-12-20,0.2299328255253072
2015-12-21,0.13278480180943544
2015-12-22,0.20072805910209757
2015-12-23,0.13184306506016363
2015-12-24,0.7171455290425959
2015-12-25,1.076498329977674
2015-12-26,1.1725339346363757
2015-12-27,0.664964481164249
2015-12-28,0.15758364767595204
2015-12-29,0.19920677725501845
2015-12-30,0.15629921281056103
2015-12-31,0.5638841939225784
2016-01-01,0.24919667451930957
2016-01-02,4.485908382424792
2016-01-03,12.347899445489016
2016-01-04,0.8702139657670751
2016-01-05,3.4845525092411322
2016-01-06,2.2497860110797254
2016-01-07,0.8445894079472299
2016-01-08,0.30410556288197965
2016-01-09,0.24512466078115597
2016-01-10,1.5915242104243223
2016-01-11,6.884535097240669
2016-01-12,10.108704273331268
2016-01-13,2.293035836464498
2016-01-14,3.152478916411639
2016-01-15,0.1917561801655664
2016-01-16,0.2693566144482258
2016-01-17,0.9031064327576681
2016-01-18,3.020835132837301
2016-01-19,5.961170988621594
2016-01-20,29.313598843404964
2016-01-21,3.4678743614282554
2016-01-22,4.62016401857623
2016-01-23,0.22798584608288908
2016-01-24,3.320491383379416
2016-01-25,67.90479402027476
2016-01-26,10.743193726196635
2016-01-27,0.12374850129102793
2016-01-28,0.20644020585067413
2016-01-29,11.796438905082168
2016-01-30,31.56026538288659
2016-01-31,8.63605484432001
2016-02-01,0.7644139788010497
2016-02-02,1.0299975296990653
2016-02-03,7.719652997955262
2016-02-04,29.1649568785946
2016-02-05,0.864574544491294
2016-02-06,3.3941380886764323
2016-02-07,0.6137491135463008
2016-02-08,4.15776971922898
2016-02-09,11.414789862032166
2016-02-10,4.121418335439972
2016-02-11,3.643837359953929
2016-02-12,1.329967009742093
2016-02-13,6.725100853136456
2016-02-14,0.43347181734594076
2016-02-15,0.33851911308690236
2016-02-16,0.9171192002953706
2016-02-17,4.414176004594296
2016-02-18,1.592801446097093
2016-02-19,11.807425982815474
2016-02-20,0.8384277605281683
2016-02-21,1.3163172281451512
2016-02-22,6.5513922509938585
2016-02-23,2.2517059805117823
2016-02-24,46.3712900277094
2016-02-25,22.278108665230043
2016-02-26,38.44133937479291
2016-02-27,5.396168757325973
2016-02-28,22.795051181543236
2016-02-29,14.437154998447006
2016-03-01,6.161995841504372
2016-03-02,8.109335040895237
2016-03-03,29.938668163682628
2016-03-04,16.78532831271722
2016-03-05,37.061887835285795
2016-03-06,49.847956722966124
2016-03-07,7.258799302974376
2016-03-08,2.43971531352529
2016-03-09,7.548085940012582
2016-03-10,2.475872130164584
2016-03-11,1.7087230086016927
2016-03-12,6.980714751608975
2016-03-13,6.805601944416878
2016-03-14,4.231140224405858
2016-03-15,3.7352841901947853
2016-03-16,0.3685128399538725
2016-03-17,1.0656833276889794
2016-03-18,1.8658467980541253
2016-03-19,4.16494634970064
2016-03-20,12.605317381405607
2016-03-21,6.549549200577243
2016-03-22,2.0227566223333002
2016-03-23,0.49692508606972613
2016-03-24,0.15052599676224526
2016-03-25,0.1624763576234394
2016-03-26,0.9555952625054377
2016-03-27,5.470120691592331
2016-03-28,3.6836018827642745
2016-03-29,8.733453458687803
2016-03-30,28.916332194820644
2016-03-31,3.518156590645977
2016-04-01,26.950907478209082
2016-04-02,16.314231143823726
2016-04-03,12.443326114550723
2016-04-04,2.4667618151517097
2016-04-05,19.310878248138508
2016-04-06,0.31475888585119083
2016-04-07,0.6004809068018092
2016-04-08,0.5104888263381182
2016-04-09,0.27062184499352243
2016-04-10,9.459151105152168
2016-04-11,8.316120735936765
2016-04-12,3.321862889758265
2016-04-13,6.277947985482564
2016-04-14,0.3169422352745057
2016-04-15,0.01188133794336272
2016-04-16,0.7756799749337453
2016-04-17,2.4743949056427788
2016-04-18,1.0429613352595861
2016-04-19,0.6019229442274046
2016-04-20,0.4204009367553703
2016-04-21,0.15340248863025283
2016-04-22,0.19752878624167983
2016-04-23,8.250864705998897
2016-04-24,2.1179645706034926
2016-04-25,0.8040770100979671
2016-04-26,7.712384575271959
2016-04-27,1.3555940588898965
2016-04-28,25.03987322404859
2016-04-29,2.1465124221534193
2016-04-30,4.671250632653704
2016-05-01,5.475513378623006
2016-05-02,0.4977640942764058
2016-05-03,0.6016315438677008
2016-05-04,1.0022719210103854
2016-05-05,0.5387332405224493
2016-05-06,0.2808876208271978
2016-05-07,1.1532172900995146
2016-05-08,1.2902109706359979
2016-05-09,1.836593334883023
2016-05-10,14.893263268710077
2016-05-11,1.2243440160233876
2016-05-12,0.3154661006857885
2016-05-13,0.33122003213482454
2016-05-14,0.4254907447368676
2016-05-15,0.8743855680187671
2016-05-16,5.217034198050163
2016-05-17,0.5925822810625424
2016-05-18,0.44647521160495574
2016-05-19,0.020692660302508433
2016-05-20,0.074955320836461
2016-05-21,0.09395879321623123
2016-05-22,0.03610697914533396
2016-05-23,0.14507046400721083
2016-05-24,0.38262117596175693
2016-05-25,0.47342306097919346
2016-05-26,0.04327889214985447
2016-05-27,0.019333832337554136
2016-05-28,0.14064526721270654
2016-05-29,0.30784286776082614
2016-05-30,0.3885799633967961
2016-05-31,0.07244392543101182
2016-06-01,0.6377528450235725
2016-06-02,1.7993674010600347
2016-06-03,0.704167813836149
2016-06-04,0.5351273309829675
2016-06-05,0.7476812287392495
2016-06-06,5.586970602198449
2016-06-07,0.19003912841041395
2016-06-08,4.169109310202701
2016-06-09,0.30345513915421096
2016-06-10,7.994030078085065
2016-06-11,0.2855131158784683
2016-06-12,0.3248935163364403
2016-06-13,0.11668709246029661
2016-06-14,0.6968743496198024
2016-06-15,0.0091368052339715
2016-06-16,0.020773725321897554
2016-06-17,0.017247017517387424
2016-06-18,0.030197379975792037
2016-06-19,0.023437200977746344
2016-06-20,0.16361633104317547
2016-06-21,0.014626406669758035
2016-06-22,0.03044036831174531
2016-06-23,0.5946556318763512
2016-06-24,0.38888447501935114
2016-06-25,0.04159084273059781
2016-06-26,0.013642126106589996
2016-06-27,0.02683616165048559
2016-06-28,0.03363555810831576
2016-06-29,0.019786698164028612
2016-06-30,0.044808136342653446
2016-07-01,0.44997539729520886
2016-07-02,0.44493160860173575
2016-07-03,0.0224535010336421
2016-07-04,0.01073445541841688
2016-07-05,0.040397458359646955
2016-07-06,0.28878214945742714
2016-07-07,0.036378306307085786
2016-07-08,0.03469903153246062
2016-07-09,0.02273637714370923
2016-07-10,0.058102717567736266
2016-07-11,0.061957756787667524
2016-07-12,0.059688634671556245
2016-07-13,0.11794762230619334
2016-07-14,0.2323476257792547
2016-07-15,0.05916142942131417
2016-07-16,0.052645516261982765
2016-07-17,0.6010460502807893
2016-07-18,0.4541190435099868
2016-07-19,0.04113892329634742
2016-07-20,0.555662601036421
2016-07-21,0.050810529182519805
2016-07-22,0.12479265587247608
2016-07-23,0.1079688425746826
2016-07-24,0.053555303075559564
2016-07-25,0.06199803389924863
2016-07-26,0.093622000292195
2016-07-27,0.03503029131464513
2016-07-28,0.9534612634106939
2016-07-29,0.06142401034093615
2016-07-30,0.1305772091553511
2016-07-31,0.03245094356016404
2016-08-01,0.034214789847545515
2016-08-02,0.033022237578887226
2016-08-03,0.2298193663264421
2016-08-04,0.5058670476378844
2016-08-05,0.27532332354814204
2016-08-06,0.01761578227839519
2016-08-07,0.062281362030799495
2016-08-08,0.0356066059434631
2016-08-09,0.026142572310366548
2016-08-10,0.05511001664568794
2016-08-11,1.3225858941422293
2016-08-12,0.10751352715297012
2016-08-13,0.0563904644630378
2016-08-14,0.030081992644382594
2016-08-15,0.043230800823186304
2016-08-16,0.03486781375270141
2016-08-17,0.013847745851980979
2016-08-18,0.040442857491958056
2016-08-19,0.017699889464618947
2016-08-20,0.010324579292715134
2016-08-21,0.01085382605604346
2016-08-22,0.01892872503309396
2016-08-23,0.2889201987564515
2016-08-24,0.027410386862670902
2016-08-25,0.0033995004132986234
2016-08-26,0.7879290279103262
2016-08-27,0.07149934024031054
2016-08-28,0.1733042065241273
2016-08-29,0.020076416671242665
2016-08-30,0.059532069404643936
2016-08-31,0.04040006956946477
2016-09-01,3.734680388665514
2016-09-02,0.09448733509754417
2016-09-03,0.0643247068319801
2016-09-04,0.11594212631713725
2016-09-05,2.5214581395445594
2016-09-06,2.013412149214703
2016-09-07,0.29968623243017956
2016-09-08,0.0054904533909503955
2016-09-09,0.03651449570096915
2016-09-10,0.08695983044477557
2016-09-11,0.17922019657319166
2016-09-12,0.08264664497176658
2016-09-13,0.1358689129342898
2016-09-14,1.2840986699793235
2016-09-15,2.21214118950769
2016-09-16,0.0498842266139287
2016-09-17,0.03810221982560814
2016-09-18,0.4765430256702084
2016-09-19,0.9888393269593907
2016-09-20,0.7323904130671997
2016-09-21,0.06516012442108106
2016-09-22,0.06330481243107193
2016-09-23,0.5104774485877375
2016-09-24,0.11471403208376453
2016-09-25,0.09214722309778287
2016-09-26,0.137886537724654
2016-09-27,0.07772074819880051
2016-09-28,0.0600206887376075
2016-09-29,0.0378963268755294
2016-09-30,0.19965454008979042
2016-10-01,2.8233494905791208
2016-10-02,0.9232654080271272
2016-10-03,0.5557022863945236
2016-10-04,0.08349611241546333
2016-10-05,0.13870196570517312
2016-10-06,0.14722052505201008
2016-10-07,0.02437937773574736
2016-10-08,0.022905216033775086
2016-10-09,0.01360126202100215
2016-10-10,0.14788539998879535
2016-10-11,0.1956874566292343
2016-10-12,0.0373259248920954
2016-10-13,0.30640861835972166
2016-10-14,1.1574202944407384
2016-10-15,0.28801746922184013
2016-10-16,0.331649663847387
2016-10-17,0.18176132479994775
2016-10-18,0.051171044462428074
2016-10-19,0.0627705492562959
2016-10-20,0.0455235299456182
2016-10-21,0.06865791916547705
2016-10-22,0.04981838159119319
2016-10-23,0.5240514711006096
2016-10-24,0.11705109102208776
2016-10-25,0.1615808485445642
2016-10-26,0.013107724298683317
2016-10-27,0.038140753668756223
2016-10-28,1.038527020105288
2016-10-29,0.10594667537765858
2016-10-30,0.10189801244934023
2016-10-31,0.039499159157119
2016-11-01,0.17839187754841637
2016-11-02,0.07851830613484649
2016-11-03,0.05604450470182537
2016-11-04,0.08960747104873013
2016-11-05,0.2728974277810876
2016-11-06,0.12580682376000057
2016-11-07,0.26321513823646076
2016-11-08,0.20901945001609412
2016-11-09,0.3326514421344317
2016-11-10,0.2305080538377342
2016-11-11,1.5404874971980305
2016-11-12,0.5559891205791185
2016-11-13,1.1011494375312088
2016-11-14,0.05539808854491643
2016-11-15,0.46945430588531195
2016-11-16,0.00802773632164048
2016-11-17,0.0004920471203083582
2016-11-18,0.0662013883136496
2016-11-19,2.089060621955474
2016-11-20,0.07353671173819502
2016-11-21,0.0
2016-11-22,0.002867048756050957
2016-11-23,0.024663803883214794
2016-11-24,0.35881902472008065
2016-11-25,0.05221108565868495
2016-11-26,0.0255787804649243
2016-11-27,0.21383364628920914
2016-11-28,0.09644738996512794
2016-11-29,0.20361709193765284
2016-11-30,0.42721334058822896
2016-12-01,0.4055775224233229
2016-12-02,0.30223395636829203
2016-12-03,0.48509963973658543
2016-12-04,0.171476498413812
2016-12-05,0.3549635779004063
2016-12-06,0.14515047687144947
2016-12-07,0.08823514315130847
2016-12-08,0.061823245549594404
2016-12-09,0.2400989589825517
2016-12-10,1.4017433269666608
2016-12-11,0.2480096009448222
2016-12-12,2.556660950795901
2016-12-13,1.339950401700798
2016-12-14,0.7676782002021064
2016-12-15,3.9895212877190445
2016-12-16,16.019388745122765
2016-12-17,6.3873948531297335
2016-12-18,0.08489500175603555
2016-12-19,0.1262283433659783
2016-12-20,0.23998658201129835
2016-12-21,0.08031894582369713
2016-12-22,0.16491769800534287
2016-12-23,0.0
2016-12-24,0.1741401046019434
2016-12-25,0.13417680750386168
2016-12-26,0.10543254269606701
2016-12-27,0.2151307087615106
2016-12-28,0.1798641664452843
2016-12-29,0.07281219676222488
2016-12-30,1.9629321958849477
2016-12-31,0.5112064253173177
2017-01-01,1.6090024721851532
2017-01-02,8.806755878943784
2017-01-03,0.6788737714692976
2017-01-04,1.0904260557492336
2017-01-05,6.484969354940481
2017-01-06,7.491591802252636
2017-01-07,4.624993423050925
2017-01-08,4.66666322743845
2017-01-09,45.110213523685175
2017-01-10,21.242072519256
2017-01-11,0.7925963583461887
2017-01-12,2.611268217808131
2017-01-13,3.6106339048399656
2017-01-14,28.726795009972015
2017-01-15,16.824466240923403
2017-01-16,2.348643833887658
2017-01-17,0.060896328027863635
2017-01-18,0.3918437768010309
2017-01-19,0.12645457699433088
2017-01-20,10.202170900066335
2017-01-21,15.2310740241827
2017-01-22,1.2685346606197392
2017-01-23,0.21328972722700015
2017-01-24,0.09802530598831735
2017-01-25,1.1306994532831833
2017-01-26,5.723546670244416
2017-01-27,4.305319379463082
2017-01-28,2.2390472544924678
2017-01-29,7.164135823553591
2017-01-30,27.54701753719813
2017-01-31,34.83275887328991
2017-02-01,8.733371857189761
2017-02-02,9.217502763402619
2017-02-03,14.848205774772957
2017-02-04,8.48400461939855
2017-02-05,7.010121618817254
2017-02-06,19.43484763717119
2017-02-07,8.574877605262879
2017-02-08,13.589156003361458
2017-02-09,11.017609020539359
2017-02-10,50.47034598870365
2017-02-11,6.564088181637618
2017-02-12,8.297849881560106
2017-02-13,5.165727100815108
2017-02-14,5.105271633115407
2017-02-15,6.4896406439328365
2017-02-16,11.471802694748414
2017-02-17,21.041892565745016
2017-02-18,1.558428709724732
2017-02-19,2.6774774163539004
2017-02-20,25.906331923210484
2017-02-21,13.265034023826098
2017-02-22,36.42423187854609
2017-02-23,3.7787910605612716
2017-02-24,7.348123818124588
2017-02-25,17.05885834636963
2017-02-26,13.695189609850015
2017-02-27,4.254652048336854
2017-02-28,3.2537043127613883
2017-03-01,20.031856823376046
2017-03-02,7.048762802583577
2017-03-03,13.284152437710558
2017-03-04,5.122141876087611
2017-03-05,5.4934404406988495
2017-03-06,35.71863491231456
2017-03-07,15.290426848262474
2017-03-08,16.11957170882885
2017-03-09,23.05554364298101
2017-03-10,16.63396739706028
2017-03-11,10.941510367808693
2017-03-12,19.752876156772512
2017-03-13,6.94211209404067
2017-03-14,19.619323885780858
2017-03-15,14.656453876065468
2017-03-16,6.902434222597327
2017-03-17,5.821958791035499
2017-03-18,18.71288964605331
2017-03-19,14.353116391118188
2017-03-20,11.255608824518486
2017-03-21,7.010267454789143
2017-03-22,23.898392190258615
2017-03-23,5.991448153802618
2017-03-24,35.536757099137446
2017-03-25,6.750682031878152
2017-03-26,17.67963346723922
2017-03-27,11.119199570312718
2017-03-28,2.1148220446705746
2017-03-29,31.546355551718474
2017-03-30,32.221636702006066
2017-03-31,16.069963208277013
2017-04-01,2.455105796236278
2017-04-02,3.0702977454312905
2017-04-03,16.47999492065512
2017-04-04,32.66733237224479
2017-04-05,2.0190388536464514
2017-04-06,5.20438179487123
2017-04-07,5.979494060190681
2017-04-08,11.69243543707796
2017-04-09,28.928525023638166
2017-04-10,5.6632793025507775
2017-04-11,11.309200672645625
2017-04-12,16.506362322470242
2017-04-13,18.383954539859026
2017-04-14,4.025018461668976
2017-04-15,2.7145205651984083
2017-04-16,6.855623147346308
2017-04-17,1.0444524489440399
2017-04-18,30.2381046323618
2017-04-19,29.35502686849394
2017-04-20,23.917796549556517
2017-04-21,5.426529682281604
2017-04-22,2.0680760020571816
2017-04-23,0.9861962478424027
2017-04-24,5.7297634491001155
2017-04-25,26.715826290698416
2017-04-26,16.060374518015262
2017-04-27,14.922297749729573
2017-04-28,0.8975175011179977
2017-04-29,2.8922215999944827
2017-04-30,24.31455289158914
2017-05-01,1.714881529480816
2017-05-02,16.646000087630217
2017-05-03,1.9481935757051345
2017-05-04,4.961713154575406
2017-05-05,1.6284440532227746
2017-05-06,5.1622050481658786
2017-05-07,5.577226874348082
2017-05-08,18.29411330211111
2017-05-09,10.520161079168636
2017-05-10,32.51992466664109
2017-05-11,2.893924149957185
2017-05-12,5.4062185591784475
2017-05-13,24.75055356752777
2017-05-14,11.277155562543765
2017-05-15,9.468406400006614
2017-05-16,15.223186687764164
2017-05-17,3.7294120504134294
2017-05-18,12.78491600231122
2017-05-19,3.184426599298489
2017-05-20,5.661145224405999
2017-05-21,13.549188217603511
2017-05-22,6.552212213481605
2017-05-23,0.7082262961658673
2017-05-24,0.10754496410729317
2017-05-25,0.964943343370417
2017-05-26,2.0325219566636683
2017-05-27,0.6360446832504312
2017-05-28,0.1501185076891243
2017-05-29,0.07343191817788076
2017-05-30,0.12536282395333814
2017-05-31,0.13599660988213483
2017-06-01,0.12991235426018585
2017-06-02,0.09692653226887511
2017-06-03,0.05949605566924817
2017-06-04,0.21278161481381092
2017-06-05,0.07917408466231823
2017-06-06,0.023186955348827403
2017-06-07,0.2861661282756429
2017-06-08,2.9742627179293075
2017-06-09,4.236769556375
2017-06-10,0.7506326672324921
2017-06-11,2.61425251687386
2017-06-12,0.5877857099483768
2017-06-13,2.934639738306443
2017-06-14,1.1765052607498263
2017-06-15,0.7067673588459854
2017-06-16,0.6108819635991148
2017-06-17,0.15773940011126747
2017-06-18,0.045815863843711974
2017-06-19,0.09385698640892237
2017-06-20,2.6633441236250133
2017-06-21,9.181920804719697
2017-06-22,0.44650303246280987
2017-06-23,0.05376940191940349
2017-06-24,0.057100298087532614
2017-06-25,0.01888637987894864
2017-06-26,0.1467777229614073
2017-06-27,0.060681987904001256
2017-06-28,0.263936175485784
2017-06-29,0.1316519014028688
2017-06-30,0.10132886352785507
2017-07-01,0.1364101979525619
2017-07-02,0.11051361898425759
2017-07-03,1.9691993160840897
2017-07-04,0.06600913223904349
2017-07-05,0.09120931323897517
2017-07-06,0.16549967229336365
2017-07-07,0.14890028684780318
2017-07-08,0.11054958004925539
2017-07-09,0.04539557192635391
2017-07-10,0.029374112506545414
2017-07-11,0.16989216645132882
2017-07-12,0.06408352182483697
2017-07-13,0.080352732776256
2017-07-14,0.004016809835891775
2017-07-15,0.027325515932176535
2017-07-16,0.021100861476809313
2017-07-17,0.13680054129028196
2017-07-18,0.79878457694699
2017-07-19,4.241043138037088
2017-07-20,0.07004350943276387
2017-07-21,0.04057358522575841
2017-07-22,0.04318338933947884
2017-07-23,0.007375364932924392
2017-07-24,0.06625076419753811
2017-07-25,0.08606075331738414
2017-07-26,0.11464340861290327
2017-07-27,0.11503102459834863
2017-07-28,0.029745010519798214
2017-07-29,0.048520889195455996
2017-07-30,0.13263373027877162
2017-07-31,0.17893353739419543
2017-08-01,0.09322868304620367
2017-08-02,0.016835880584708203
2017-08-03,0.002130926304179476
2017-08-04,0.09748044978277684
2017-08-05,2.340033295265375
2017-08-06,0.05208133618953017
2017-08-07,0.09044161933386563
2017-08-08,0.07121294662274698
2017-08-09,0.06527482892638248
2017-08-10,0.03548484664643713
2017-08-11,0.07461972585390746
2017-08-12,0.034294742220837844
2017-08-13,0.046955179540419445
2017-08-14,0.028728410039353284
2017-08-15,0.013360578633539415
2017-08-16,0.12274631883972906
2017-08-17,0.03314818273949307
2017-08-18,0.039380230260073916
2017-08-19,0.4755707926616445
2017-08-20,0.6733531888686882
2017-08-21,0.3197647133831068
2017-08-22,1.1684392626287947
2017-08-23,0.20044238478674253
2017-08-24,0.09257723569405478
2017-08-25,0.14302989421877843
2017-08-26,0.05199748405334251
2017-08-27,0.16181201357375236
2017-08-28,1.7410634443405584
2017-08-29,0.518654480852223
2017-08-30,0.14541096224264227
2017-08-31,0.028802585341888464
2017-09-01,0.06896163299223675
2017-09-02,0.03171542154997155
2017-09-03,0.039747519764575565
2017-09-04,0.022330425310684122
2017-09-05,0.012536968166230183
2017-09-06,0.024460384197451585
2017-09-07,0.03646486527919071
2017-09-08,0.01995467788146129
2017-09-09,0.06704009336237607
2017-09-10,0.15015607553928145
2017-09-11,0.3809810107019862
2017-09-12,1.366480151099204
2017-09-13,0.41046474711502484
2017-09-14,0.32152808881672995
2017-09-15,0.09187025210075105
2017-09-16,0.19207733113581957
2017-09-17,0.3606348242277194
2017-09-18,1.4137875007332168
2017-09-19,0.017125723301689065
2017-09-20,0.004343303424292012
2017-09-21,0.010816670349272386
2017-09-22,0.020854577803743765
2017-09-23,0.9582844400399958
2017-09-24,0.1574472423277289
2017-09-25,0.1431990406520009
2017-09-26,0.041958507117537715
2017-09-27,0.025610489750894368
2017-09-28,0.4700511179083843
2017-09-29,0.3413940174170115
2017-09-30,3.056034649251011
2017-10-01,0.11624097377242128
2017-10-02,0.03543517192535003
2017-10-03,0.06388440108709664
2017-10-04,1.94598809208585
2017-10-05,4.675476816001693
2017-10-06,3.338410409725682
2017-10-07,0.9035711432879883
2017-10-08,0.16166168630731592
2017-10-09,0.044421838970665754
2017-10-10,0.09727806304825912
2017-10-11,0.009546255036949284
2017-10-12,0.1302422685758169
2017-10-13,0.03978970624215696
2017-10-14,0.1689910581236852
2017-10-15,0.02733075140971642
2017-10-16,0.021477782796110602
2017-10-17,0.06278796443536643
2017-10-18,0.030397586803117112
2017-10-19,0.03580824330651912
2017-10-20,0.05420118603937689
2017-10-21,0.09105055451684248
2017-10-22,0.6104661994557671
2017-10-23,0.7626425899548785
2017-10-24,0.04699506115008124
2017-10-25,0.039258810621258695
2017-10-26,0.02372877508708426
2017-10-27,0.03966780530440053
2017-10-28,3.0766644427668655
2017-10-29,0.8441568591998975
2017-10-30,1.1267461008265034
2017-10-31,0.08372188189426408
2017-11-01,0.22834545572744944
2017-11-02,0.04281799694942394
2017-11-03,0.037818012492755626
2017-11-04,0.09306607846301165
2017-11-05,0.173113457994551
2017-11-06,0.006144271653371783
2017-11-07,0.03060355644460282
2017-11-08,0.037611711217665815
2017-11-09,0.006102938872577103
2017-11-10,0.0043424661887508775
2017-11-11,0.028144867954394127
2017-11-12,0.04080260503409114
2017-11-13,0.04683882996945955
2017-11-14,0.6370190005789855
2017-11-15,0.0439697454183645
2017-11-16,0.02393077120751585
2017-11-17,0.19275448180702273
2017-11-18,0.014175228786790795
2017-11-19,0.004260525445078078
2017-11-20,0.0418814018650942
2017-11-21,2.9083533939253146
2017-11-22,0.07477961173695669
2017-11-23,0.9093405228850405
2017-11-24,0.3864582968597225
2017-11-25,0.07953126959734101
2017-11-26,0.2909015465741535
2017-11-27,0.08879641737994151
2017-11-28,0.06060104818489698
2017-11-29,0.20135677196564494
2017-11-30,0.19772170189605034
2017-12-01,0.17792376489872658
2017-12-02,1.0236755396335004
2017-12-03,0.17579941726095522
2017-12-04,0.30533953239030237
2017-12-05,0.20266250621788895
2017-12-06,0.36321693239588015
2017-12-07,0.6394225655746263
2017-12-08,0.21313995121389703
2017-12-09,0.39771195705482476
2017-12-10,0.331021835650772
2017-12-11,0.05470425297274138
2017-12-12,2.075667767229506
2017-12-13,0.02069071450476813
2017-12-14,0.019702744498404732
2017-12-15,0.025029330328732054
2017-12-16,0.13094541508904273
2017-12-17,0.0928817481380043
2017-12-18,0.09776409362268167
2017-12-19,0.98725167544516
2017-12-20,0.051947895933122074
2017-12-21,0.18264684028567915
2017-12-22,0.3869840285223203
2017-12-23,0.5413744979385933
2017-12-24,1.801175602115734
2017-12-25,3.7162492963280127
2017-12-26,1.9726100343535633
2017-12-27,0.853764887924439
2017-12-28,2.913792169206626
2017-12-29,4.884533781680583
2017-12-30,1.0764588378189595
2017-12-31,7.879560464658729
2018-01-01,14.233097332180797
2018-01-02,0.9461778713710078
2018-01-03,1.1862925730891372
2018-01-04,0.05584796145834446
2018-01-05,3.695919985698078
2018-01-06,1.3002989654660637
2018-01-07,0.2607816286168831
2018-01-08,0.07678437544238204
2018-01-09,1.1678059998258143
2018-01-10,0.48001608401791007
2018-01-11,0.9107050398745496
2018-01-12,0.2388525570178258
2018-01-13,1.1868364916471505
2018-01-14,3.046848892499176
2018-01-15,13.37890244389378
2018-01-16,3.33830925881831
2018-01-17,16.713821441038505
2018-01-18,5.143958483916707
2018-01-19,2.092415631774975
2018-01-20,1.1144300876229165
2018-01-21,1.9507242001112883
2018-01-22,0.46715889958083706
2018-01-23,16.585201762636306
2018-01-24,0.564922319040513
2018-01-25,0.4430410865973776
2018-01-26,0.4728461171317945
2018-01-27,0.3951632705980867
2018-01-28,0.29445735514666166
2018-01-29,0.1895166760895064
2018-01-30,0.6281806469108079
2018-01-31,0.3678481536968045
2018-02-01,1.395104055837491
2018-02-02,3.1168825581679602
2018-02-03,18.75851303917987
2018-02-04,0.8433035289411904
2018-02-05,1.281390830055339
2018-02-06,5.6487874382487995
2018-02-07,0.6209186591986801
2018-02-08,0.5381140886669948
2018-02-09,4.541337062659255
2018-02-10,13.202682206514485
2018-02-11,6.952941097356059
2018-02-12,4.80437631038743
2018-02-13,11.870036528433323
2018-02-14,8.36918906506221
2018-02-15,10.187290209475748
2018-02-16,8.570910275741797
2018-02-17,2.8225203711631326
2018-02-18,34.23799929806316
2018-02-19,20.45224368150307
2018-02-20,48.240124028394575
2018-02-21,11.799069039289241
2018-02-22,7.00602759916433
2018-02-23,4.347964886323813
2018-02-24,7.312222853378635
2018-02-25,1.192762040959898
2018-02-26,0.9940659987969253
2018-02-27,1.8984403527641893
2018-02-28,5.718612923414361
2018-03-01,0.24774855627778464
2018-03-02,2.0202623226276355
2018-03-03,2.735217231439712
2018-03-04,11.997951624819489
2018-03-05,1.0453819295905311
2018-03-06,2.209367285347598
2018-03-07,0.2844635757536783
2018-03-08,0.1481209780971387
2018-03-09,3.395678785957844
2018-03-10,0.2378925257725865
2018-03-11,0.13568680055670648
2018-03-12,0.024989740434419195
2018-03-13,1.436681440696941
2018-03-14,1.3935584978823767
2018-03-15,3.531347030188338
2018-03-16,2.9567359602143455
2018-03-17,28.930843677317892
2018-03-18,17.563678360088208
2018-03-19,13.97358243117566
2018-03-20,20.467095772568555
2018-03-21,7.383496117942585
2018-03-22,5.862529566691773
2018-03-23,16.443786033501738
2018-03-24,2.796439810665364
2018-03-25,0.41586102496274174
2018-03-26,0.4103509645913228
2018-03-27,0.8143679728501262
2018-03-28,3.4902805508286967
2018-03-29,1.6943434072889931
2018-03-30,0.6141982048961072
2018-03-31,8.898692177101955
2018-04-01,15.985809895371553
2018-04-02,1.4132459557409551
2018-04-03,2.1339620555969305
2018-04-04,7.47778661566596
2018-04-05,14.590268528579811
2018-04-06,8.980777758856124
2018-04-07,4.497471534966882
2018-04-08,0.44806983600778827
2018-04-09,1.0101961132124786
2018-04-10,0.12625067344007365
2018-04-11,0.20944818679051247
2018-04-12,0.2052705672484532
2018-04-13,0.5840947741187413
2018-04-14,0.6045927968332886
2018-04-15,0.2361135061282852
2018-04-16,0.3907238584596209
2018-04-17,1.7704758671797
2018-04-18,0.23890686305631656
2018-04-19,0.09908471905291454
2018-04-20,0.12258639043873122
2018-04-21,0.13818523620264014
2018-04-22,0.27702092489816443
2018-04-23,6.605544043905202
2018-04-24,0.015444561010615143
2018-04-25,2.976043479853248
2018-04-26,0.38505515135480706
2018-04-27,0.06467231938778054
2018-04-28,25.45713643292409
2018-04-29,6.1203151832518845
2018-04-30,17.90201451235752
2018-05-01,3.058942508393644
2018-05-02,4.9003437402064165
2018-05-03,2.0789208982251592
2018-05-04,0.504367079813483
2018-05-05,9.425123462047667
2018-05-06,5.713500539752524
2018-05-07,7.245191809968274
2018-05-08,7.1804783139635004
2018-05-09,25.50149610674346
2018-05-10,4.566422106076607
2018-05-11,1.9714055990576227
2018-05-12,0.20142620036693434
2018-05-13,4.833475235736899
2018-05-14,2.165163364850976
2018-05-15,0.740686371164463
2018-05-16,2.5548574064836127
2018-05-17,0.4059909960389819
2018-05-18,1.3077214525426453
2018-05-19,0.4194793569135733
2018-05-20,0.664735258514476
2018-05-21,1.0258144639185558
2018-05-22,0.13829258401536113
2018-05-23,0.10047620136986575
2018-05-24,1.166818725644156
2018-05-25,0.13128243323913955
2018-05-26,0.14548377622739078
2018-05-27,0.1134689201254051
2018-05-28,0.05511346823930411
2018-05-29,0.11810180003076405
2018-05-30,0.1431593692445035
2018-05-31,0.0682319669866985
2018-06-01,0.05896242655188692
2018-06-02,0.055645638467059784
2018-06-03,0.09780648097092987
2018-06-04,0.29138989563622547
2018-06-05,0.0742026013401487
2018-06-06,0.054742080119918865
2018-06-07,0.030442948228056647
2018-06-08,0.08508145171213938
2018-06-09,0.051873659210321894
2018-06-10,0.04397078565923242
2018-06-11,0.039619217872264925
2018-06-12,0.04736821114481978
2018-06-13,0.06486040523503706
2018-06-14,0.43363330177258214
2018-06-15,0.2951861192223729
2018-06-16,0.5920504898759138
2018-06-17,0.153904706672844
2018-06-18,0.06318147117227407
2018-06-19,0.05355307907179547
2018-06-20,0.03044293989250919
2018-06-21,0.017166609623025148
2018-06-22,0.06252068924609014
2018-06-23,0.0487662367404393
2018-06-24,0.28862468430187016
2018-06-25,0.21258068106377997
2018-06-26,0.3846260776538605
2018-06-27,0.21581062412542187
2018-06-28,0.3060299028461667
2018-06-29,0.5848868159427919
2018-06-30,0.2915098727866817
2018-07-01,0.1395800667554473
2018-07-02,0.05298030839950584
2018-07-03,0.008768485452463013
2018-07-04,0.10828727307889753
2018-07-05,0.09822148044082152
2018-07-06,0.08452529627753902
2018-07-07,0.03847189867621435
2018-07-08,0.056911304919529955
2018-07-09,0.01970784029981119
2018-07-10,0.03978367152685171
2018-07-11,0.04437972163730542
2018-07-12,0.0443311152795868
2018-07-13,0.03458351869952491
2018-07-14,0.04687384916101218
2018-07-15,0.043023809387006055
2018-07-16,0.006144621875993698
2018-07-17,0.012618607902912497
2018-07-18,0.023357603850909788
2018-07-19,0.012252467450607249
2018-07-20,0.019260048113132547
2018-07-21,0.04220108302192116
2018-07-22,0.030607388008265252
2018-07-23,0.14939111140352535
2018-07-24,0.022330830203903036
2018-07-25,0.03339737722827657
2018-07-26,0.05047849604044775
2018-07-27,0.10254120287747906
2018-07-28,0.30254660768636854
2018-07-29,0.053923867351718384
2018-07-30,4.788153264551871
2018-07-31,1.5562049379988643
2018-08-01,0.7097129668426339
2018-08-02,1.7496826392577547
2018-08-03,0.05367596233777246
2018-08-04,0.9456827002239544
2018-08-05,0.03798669657584615
2018-08-06,0.02450350223365411
2018-08-07,0.007251831563528218
2018-08-08,0.05945670386760219
2018-08-09,0.059371183264516396
2018-08-10,0.029129773483896372
2018-08-11,0.06670304676261082
2018-08-12,0.03125770860538201
2018-08-13,0.034582763029167386
2018-08-14,0.043921769448213945
2018-08-15,0.0612543008312948
2018-08-16,0.09395026778376812
2018-08-17,0.07497996557299544
2018-08-18,0.0689215971883443
2018-08-19,0.04154742895181208
2018-08-20,0.044539228124365664
2018-08-21,0.06010421488493584
2018-08-22,0.05293743193547191
2018-08-23,0.05994593252125278
2018-08-24,0.08075670135666953
2018-08-25,0.04461047873783674
2018-08-26,0.0720404025254887
2018-08-27,0.45158192014867865
2018-08-28,0.025159424262090644
2018-08-29,0.03499060423574223
2018-08-30,0.12047896239119163
2018-08-31,0.09354918594178417
2018-09-01,0.08969474921638097
2018-09-02,0.11600644778855676
2018-09-03,0.07989926164024039
2018-09-04,3.791588165193382
2018-09-05,0.17152696093771433
2018-09-06,0.047491716775407276
2018-09-07,0.05838755865404488
2018-09-08,0.013317966426257816
2018-09-09,0.042325476653366
2018-09-10,0.017167266579279764
2018-09-11,0.19016931844626414
2018-09-12,0.49321410767171237
2018-09-13,0.09380299959571678
2018-09-14,1.6643194447404166
2018-09-15,0.347576443280179
2018-09-16,0.28515677426743324
2018-09-17,0.5710333825685424
2018-09-18,0.10833286781271807
2018-09-19,0.05785454199221861
2018-09-20,0.08325161293909723
2018-09-21,0.06707261214075229
2018-09-22,0.09478256542584854
2018-09-23,0.03642588368473673
2018-09-24,0.011838233505913802
2018-09-25,0.02290262992426842
2018-09-26,0.009463165957146882
2018-09-27,0.023518999320041048
2018-09-28,0.007621306803194175
2018-09-29,0.05723937635030642
2018-09-30,0.008194003061653592
2018-10-01,0.17701212116223938
2018-10-02,0.009219210956204002
2018-10-03,0.03287132093554978
2018-10-04,0.18154907670788306
2018-10-05,0.3655823679050162
2018-10-06,1.5607273555853665
2018-10-07,0.8187130811529817
2018-10-08,0.4454892395955309
2018-10-09,0.3432012654565277
2018-10-10,2.595661122891742
2018-10-11,0.5212048984377883
2018-10-12,0.020897664948712025
2018-10-13,0.11319005194996778
2018-10-14,0.026062069989862813
2018-10-15,0.025441968049771183
2018-10-16,0.015078232444838224
2018-10-17,0.03462764599802725
2018-10-18,0.16500758368724705
2018-10-19,0.872992970075752
2018-10-20,0.3042987488950237
2018-10-21,0.16039628613531035
2018-10-22,0.23284156405287887
2018-10-23,0.052773807774482775
2018-10-24,0.1695450633341655
2018-10-25,0.10577153256906718
2018-10-26,0.12650196074867473
2018-10-27,0.10924344948963757
2018-10-28,0.17889668694258287
2018-10-29,0.09243446181455758
2018-10-30,0.40318534718083704
2018-10-31,0.1374771539846392
2018-11-01,0.5462907946850201
2018-11-02,0.9229656283511823
2018-11-03,1.8783414435695631
2018-11-04,0.43184221188183824
2018-11-05,0.20163428970120084
2018-11-06,0.6124216955260819
2018-11-07,0.03663337094954363
2018-11-08,0.2933426168315401
2018-11-09,1.143710188310059
2018-11-10,1.7069548758342517
2018-11-11,1.0838566812270618
2018-11-12,0.3734709745612454
2018-11-13,0.35963323487811955
2018-11-14,1.1728149889828938
2018-11-15,1.45322902276877
2018-11-16,1.8394049280870746
2018-11-17,0.5763579356765302
2018-11-18,0.9181215932168527
2018-11-19,1.0399586514688621
2018-11-20,1.0338960596340867
2018-11-21,0.25239298479242206
2018-11-22,1.005126326244802
2018-11-23,0.32325398018640955
2018-11-24,0.07666240117721301
2018-11-25,0.08256097883148111
2018-11-26,2.0837177542502485
2018-11-27,1.5498985356090613
2018-11-28,0.08747535168019924
2018-11-29,0.7619938174131564
2018-11-30,0.13566407343597167
2018-12-01,0.4493623298100167
2018-12-02,0.16612421280178724
2018-12-03,0.05335154927263945
2018-12-04,0.27002354547227053
2018-12-05,0.2548061581263523
2018-12-06,0.5691852884842236
2018-12-07,0.28610863239623546
2018-12-08,1.2572256694663007
2018-12-09,0.24386807590169765
2018-12-10,0.3149812258630387
2018-12-11,5.841288813526325
2018-12-12,1.8863626845636328
2018-12-13,2.025782103916227
2018-12-14,3.1130948863632373
2018-12-15,4.527019338824988
2018-12-16,0.0859503832080791
2018-12-17,2.4885669446876415
2018-12-18,2.6368647660336184
2018-12-19,2.6150727252572343
2018-12-20,2.750269811960557
2018-12-21,9.656151596154592
2018-12-22,7.217138759520415
2018-12-23,5.91653914323855
2018-12-24,3.204408272309814
2018-12-25,0.6663095780253464
2018-12-26,2.1494813562980517
2018-12-27,1.5638824945298964
2018-12-28,0.3202293615848462
2018-12-29,1.0555348406669223
2018-12-30,0.06736211268169501
2018-12-31,2.6174575277213106
2019-01-01,0.17422679767082794
2019-01-02,0.054911303351474934
2019-01-03,0.06049688829386821
2019-01-04,0.06371931285857868
2019-01-05,1.787826331544239
2019-01-06,4.016019707025589
2019-01-07,39.38934327648307
2019-01-08,56.893200282967456
2019-01-09,1.9470279166137394
2019-01-10,4.722510912589481
2019-01-11,2.234206233858917
2019-01-12,2.7057069791292077
2019-01-13,0.1479901549246589
2019-01-14,1.9056540538335287
2019-01-15,9.328514009389984
2019-01-16,2.0654581428460186
2019-01-17,1.4062116576192731
2019-01-18,0.5392353219498964
2019-01-19,0.38477461864049045
2019-01-20,0.3518405460854866
2019-01-21,0.2099370357129771
2019-01-22,0.15670987075204135
2019-01-23,0.06379294005369884
2019-01-24,0.10890794234262999
2019-01-25,0.1832612744174101
2019-01-26,0.20113093798797146
2019-01-27,0.21524590956870296
2019-01-28,2.0548999820332714
2019-01-29,17.737311209803526
2019-01-30,59.318597938587146
2019-01-31,1.0765335355990961
2019-02-01,5.849836821647927
2019-02-02,1.1554462510596069
2019-02-03,5.366368839061601
2019-02-04,4.438751485645929
2019-02-05,0.6204384349201285
2019-02-06,4.226349286552487
2019-02-07,1.1888691005005536
2019-02-08,12.25969997214159
2019-02-09,3.995120346559996
2019-02-10,12.385807879853862
2019-02-11,2.1322655542226054
2019-02-12,9.854613521598292
2019-02-13,10.445862794838224
2019-02-14,10.255463228960222
2019-02-15,0.757039601636276
2019-02-16,0.5877607461424134
2019-02-17,2.705368476593501
2019-02-18,21.9097620968993
2019-02-19,6.176765218001823
2019-02-20,8.6246692517009
2019-02-21,9.11839529835742
2019-02-22,0.6689032027094136
2019-02-23,15.134622956060554
2019-02-24,44.56144593675111
2019-02-25,6.185246896266693
2019-02-26,20.74306730067531
2019-02-27,3.4345934669042815
2019-02-28,1.8901193723798053
2019-03-01,13.607671177955721
2019-03-02,5.307605507214826
2019-03-03,10.104025777629847
2019-03-04,11.880495586185429
2019-03-05,8.235909785239267
2019-03-06,1.3872931567577615
2019-03-07,11.608232158665135
2019-03-08,0.34830519836653234
2019-03-09,0.5071755392179546
2019-03-10,9.425202861889948
2019-03-11,3.2469916256890947
2019-03-12,3.8894008293715276
2019-03-13,20.88431965708632
2019-03-14,26.27945254485778
2019-03-15,8.091319624767051
2019-03-16,10.714420753250263
2019-03-17,20.48791451236992
2019-03-18,6.270818113274064
2019-03-19,23.028377980792694
2019-03-20,1.0768646446123515
2019-03-21,6.743983314150262
2019-03-22,19.478230296226215
2019-03-23,1.6357625894135068
2019-03-24,2.891387364025736
2019-03-25,0.9156765544158818
2019-03-26,0.5687709958918343
2019-03-27,1.8538491846645502
2019-03-28,0.9586818117417912
2019-03-29,0.4922105466704664
2019-03-30,0.47239195737887607
2019-03-31,0.389435035091821
2019-04-01,2.9561426879969743
2019-04-02,6.129570570371801
2019-04-03,14.535212529445058
2019-04-04,5.248355427274682
2019-04-05,0.27449901591579773
2019-04-06,0.12552600446801654
2019-04-07,0.7020275502464125
2019-04-08,0.7092130150660617
2019-04-09,0.20787443108341674
2019-04-10,1.5429235056845323
2019-04-11,0.5100807067404336
2019-04-12,0.20837234528253337
2019-04-13,0.2625483230561992
2019-04-14,0.7317163356302225
2019-04-15,7.3341147890638245
2019-04-16,0.4043247361261802
2019-04-17,3.441149249001439
2019-04-18,0.24385390766978865
2019-04-19,9.749079163037703
2019-04-20,2.7253629027948336
2019-04-21,7.269751510893467
2019-04-22,5.425215171988958
2019-04-23,41.209701671257235
2019-04-24,2.7982684176517783
2019-04-25,4.906728897014872
2019-04-26,2.3336595966561675
2019-04-27,10.679143978961354
2019-04-28,1.2903864397623173
2019-04-29,7.643280305440558
2019-04-30,9.122026299780686
2019-05-01,10.400917690938408
2019-05-02,1.1568922741791963
2019-05-03,1.8872192980830096
2019-05-04,0.37500603117842807
2019-05-05,1.1479240863610463
2019-05-06,0.38205957388480155
2019-05-07,0.33759674912208376
2019-05-08,1.0597208777535647
2019-05-09,3.7855420918352323
2019-05-10,4.616052897153589
2019-05-11,0.15776853991858686
2019-05-12,6.942232110959007
2019-05-13,2.8567877229239995
2019-05-14,5.778702196948877
2019-05-15,6.423429188312521
2019-05-16,13.547459930639558
2019-05-17,3.6487149468427935
2019-05-18,2.431584344892037
2019-05-19,4.053518006524596
2019-05-20,0.7845331460229248
2019-05-21,0.4616562085223431
2019-05-22,0.5850559322305406
2019-05-23,0.27984096921288343
2019-05-24,2.368012613914711
2019-05-25,1.1029405983134983
2019-05-26,1.3193329731141672
2019-05-27,0.4173495453309183
2019-05-28,0.6326578104217214
2019-05-29,9.194399833624594
2019-05-30,1.2329811827944699
2019-05-31,1.1512657162073159
2019-06-01,2.4657853838035084
2019-06-02,1.2598492382895603
2019-06-03,2.2037305279335633
2019-06-04,0.9262229454545368
2019-06-05,2.1622898408203675
2019-06-06,0.481949556378946
2019-06-07,1.638001260148797
2019-06-08,0.14262884618864136
2019-06-09,0.09670164370966007
2019-06-10,0.2091126546433552
2019-06-11,3.299730058216232
2019-06-12,0.8036620531644624
2019-06-13,0.1586775551350206
2019-06-14,0.13133522735184922
2019-06-15,0.051668185399386474
2019-06-16,0.9210008100756273
2019-06-17,0.05752610200449398
2019-06-18,0.10187364275998789
2019-06-19,0.07666258073821632
2019-06-20,0.0742497810772991
2019-06-21,0.13582473922480412
2019-06-22,0.019668880309292414
2019-06-23,0.14887884065838716
2019-06-24,0.7435915180665288
2019-06-25,0.20711318636695747
2019-06-26,0.03859710871005991
2019-06-27,0.025894687431564586
2019-06-28,0.11493698095115085
2019-06-29,0.35040260282903335
2019-06-30,4.902291458667326
2019-07-01,2.4380835270321484
2019-07-02,1.6844525189707726
2019-07-03,0.08982311084194408
2019-07-04,0.10353396876463151
2019-07-05,0.12428246365336751
2019-07-06,0.16215877194041217
2019-07-07,0.2529360020178247
2019-07-08,0.523150789936919
2019-07-09,0.06912787145242322
2019-07-10,0.014791039147233332
2019-07-11,0.0027863712537286567
2019-07-12,0.07467995462209064
2019-07-13,0.04872629748014469
2019-07-14,0.16409560160212033
2019-07-15,0.1431811073785741
2019-07-16,0.02905295496418527
2019-07-17,0.035526948503006577
2019-07-18,0.057651423955558105
2019-07-19,0.027491102884052245
2019-07-20,0.02167568783820588
2019-07-21,0.023884226932024664
2019-07-22,0.06957203734339808
2019-07-23,0.07885403753675391
2019-07-24,0.5495921005317829
2019-07-25,0.14956634482243503
2019-07-26,0.2840283592422106
2019-07-27,0.11754661240392675
2019-07-28,0.25860741592447906
2019-07-29,0.03761347312466709
2019-07-30,0.009298139662243129
2019-07-31,0.0
2019-08-01,0.004342986937710496
2019-08-02,0.020734322636669425
2019-08-03,0.07605235831084017
2019-08-04,0.5616560195789828
2019-08-05,0.05134136085251744
2019-08-06,0.04208619439076775
2019-08-07,0.025036222697905813
2019-08-08,0.02216680935653443
2019-08-09,0.008075147848126015
2019-08-10,0.009467019890402386
2019-08-11,0.0
2019-08-12,0.023642057257877585
2019-08-13,0.04954640525043944
2019-08-14,0.1101344881066102
2019-08-15,0.6060487910058641
2019-08-16,0.590328684853256
2019-08-17,0.8122365119374276
2019-08-18,0.051262415813349796
2019-08-19,0.02437678996381854
2019-08-20,0.0767848224559411
2019-08-21,0.10886597557469946
2019-08-22,0.1780545402051218
2019-08-23,0.02257580587016642
2019-08-24,0.235726197214387
2019-08-25,0.21209402861992657
2019-08-26,0.08162165422416826
2019-08-27,0.043883041682019924
2019-08-28,0.16360727534395286
2019-08-29,0.181806996780436
2019-08-30,0.07183013628136606
2019-08-31,0.06433196687890619
2019-09-01,0.053191242415773714
2019-09-02,0.010940995685599473
2019-09-03,0.0364007701687939
2019-09-04,0.07851502399500887
2019-09-05,1.060660998576799
2019-09-06,0.2235641021749651
2019-09-07,0.06786685607257353
2019-09-08,0.059825073055511095
2019-09-09,0.0071752009533216365
2019-09-10,0.023441699368118563
2019-09-11,0.08818525126807517
2019-09-12,0.14195457993062455
2019-09-13,0.10296991249896174
2019-09-14,0.06744096341769634
2019-09-15,0.16578264151851593
2019-09-16,0.2068219005954892
2019-09-17,0.15908381698295918
2019-09-18,1.2657369250073118
2019-09-19,0.9257973464891031
2019-09-20,0.4289064414307527
2019-09-21,0.6174897055026708
2019-09-22,1.0348997705270107
2019-09-23,0.1493004823994756
2019-09-24,0.5045870717929757
2019-09-25,0.2532389381117764
2019-09-26,0.1599530257175855
2019-09-27,0.15997363583468827
2019-09-28,0.039333214153031176
2019-09-29,0.077237287231546
2019-09-30,0.016839230693067163
2019-10-01,0.18295165208314476
2019-10-02,0.2021698192303688
2019-10-03,1.6851494236591782
2019-10-04,0.4271700147749583
2019-10-05,0.1626666066482623
2019-10-06,0.4744941564480217
2019-10-07,1.2523823023572394
2019-10-08,3.692721810964799
2019-10-09,0.11437503129315457
2019-10-10,0.02806582129999634
2019-10-11,0.09088170339862522
2019-10-12,0.024256279762676698
2019-10-13,0.32636880981184363
2019-10-14,0.041643314777025965
2019-10-15,0.08079242064993211
2019-10-16,0.2168154898205045
2019-10-17,0.23374880616089797
2019-10-18,1.9162282882749448
2019-10-19,0.18990304686249723
2019-10-20,0.44032520137625136
2019-10-21,0.23244292597833865
2019-10-22,0.40222974391751815
2019-10-23,0.4343703873179013
2019-10-24,0.56001686952048
2019-10-25,0.9509855609118891
2019-10-26,0.36081742462065874
2019-10-27,0.015898012705041424
2019-10-28,0.10590622862419176
2019-10-29,0.040149993093830764
2019-10-30,0.3630627184209752
2019-10-31,0.15749179304079247
2019-11-01,0.35458293003173924
2019-11-02,2.579757255472587
2019-11-03,0.016384157911462038
2019-11-04,0.020446043241971145
2019-11-05,0.02273356781199639
2019-11-06,0.008807447613763524
2019-11-07,0.5952468850690352
2019-11-08,0.15330707430858315
2019-11-09,0.027165662065272305
2019-11-10,0.9809024395432057
2019-11-11,0.0445875132256887
2019-11-12,0.06850952766419989
2019-11-13,0.04900334915868793
2019-11-14,0.04912005027727768
2019-11-15,0.1075793664424017
2019-11-16,0.9171155445034136
2019-11-17,0.2174807229882086
2019-11-18,0.08304801022709891
2019-11-19,0.08818572574989349
2019-11-20,0.4725759629805978
2019-11-21,0.11222033271464991
2019-11-22,0.0380179367967709
2019-11-23,1.5713908322306296
2019-11-24,0.23178404023025123
2019-11-25,0.31640525658242324
2019-11-26,0.07833584532089977
2019-11-27,0.2354654309528642
2019-11-28,0.46900425992931327
2019-11-29,0.7330143648880879
2019-11-30,2.510245757591681
2019-12-01,1.5075593553747975
2019-12-02,1.292701566682097
2019-12-03,0.2533015737648594
2019-12-04,0.3333118099230695
2019-12-05,2.1367928576060504
2019-12-06,1.9530935757256287
2019-12-07,6.978222288400115
2019-12-08,2.899142353652763
2019-12-09,1.0644575610889773
2019-12-10,0.6064171555428788
2019-12-11,0.559834673317096
2019-12-12,0.7650929008504362
2019-12-13,0.2874690752812193
2019-12-14,0.33997866460808085
2019-12-15,0.7437880640339415
2019-12-16,0.06464400746115978
2019-12-17,0.32823923155431695
2019-12-18,0.07403537345002997
2019-12-19,0.3543861247039134
2019-12-20,0.8893760236733173
2019-12-21,0.5035422637154229
2019-12-22,0.6583426744032314
2019-12-23,0.38934248209853467
2019-12-24,0.3749158365014919
2019-12-25,0.3018862149449031
2019-12-26,0.19020417036052048
2019-12-27,1.0244963021108426
2019-12-28,2.213591974695541
2019-12-29,13.596278937803588
2019-12-30,8.557098834731692
2019-12-31,10.790110164739813
2020-01-01,7.066423473367091
2020-01-02,3.356836893994191
2020-01-03,4.210985621548981
2020-01-04,0.30294144128134565
2020-01-05,0.9017225890817361
2020-01-06,0.23214274585620112
2020-01-07,0.06605074051894995
2020-01-08,0.0683787692870051
2020-01-09,0.13226026557120898
2020-01-10,0.12243503947194356
2020-01-11,0.37510033327482317
2020-01-12,0.13187429644678905
2020-01-13,0.32366149833363245
2020-01-14,0.24430620475209816
2020-01-15,0.3228341029541876
2020-01-16,0.06796199947803926
2020-01-17,0.06384250112465772
2020-01-18,0.24006934257469514
2020-01-19,0.21463681516611222
2020-01-20,0.7764722162832047
2020-01-21,47.23965332133849
2020-01-22,2.0971270896159147
2020-01-23,0.7001725832542264
2020-01-24,1.906337435758778
2020-01-25,2.2654303898774226
2020-01-26,7.320539790399235
2020-01-27,6.201510251368216
2020-01-28,5.436869130111912
2020-01-29,4.504930572030701
2020-01-30,0.592293958256582
2020-01-31,4.7708528330744295
2020-02-01,3.8246109606229433
2020-02-02,4.391964016065359
2020-02-03,6.687858879783269
2020-02-04,2.310722517479965
2020-02-05,1.3021671079152828
2020-02-06,1.3279075720691857
2020-02-07,0.8410481507648438
2020-02-08,4.875446692054357
2020-02-09,10.746357662553832
2020-02-10,3.138509736380222
2020-02-11,0.39904758365231874
2020-02-12,0.34596993221275085
2020-02-13,0.8454680662458615
2020-02-14,9.046470606607398
2020-02-15,1.8369984959071204
2020-02-16,0.7937613382086802
2020-02-17,1.0688189890277946
2020-02-18,0.3921843141283785
2020-02-19,0.771299655334721
2020-02-20,11.564116569024263
2020-02-21,12.558803331229722
2020-02-22,11.46904423320407
2020-02-23,13.85925831116414
2020-02-24,39.26843419833668
2020-02-25,1.4887503184466757
2020-02-26,3.4751689609053242
2020-02-27,12.351399513598379
2020-02-28,24.75626812962083
2020-02-29,25.907971312386124
2020-03-01,1.3610390322066297
2020-03-02,2.592702424468477
2020-03-03,1.5166565283106221
2020-03-04,3.569435495961349
2020-03-05,4.566217450825418
2020-03-06,21.041899150049762
2020-03-07,6.810846375465041
2020-03-08,33.125188203167
2020-03-09,0.8614254623476351
2020-03-10,1.3953896625174529
2020-03-11,5.64536106798011
2020-03-12,14.45508873969514
2020-03-13,16.281898289881756
2020-03-14,25.679666643078676
2020-03-15,2.018537587267657
2020-03-16,3.6289468211015805
2020-03-17,1.6904358903341452
2020-03-18,4.227379763429108
2020-03-19,0.9775063132956169
2020-03-20,10.911946856946035
2020-03-21,2.5955648675918415
2020-03-22,0.1117798565138258
2020-03-23,0.088633986676959
2020-03-24,0.24958001210748576
2020-03-25,1.4708197819955118
2020-03-26,0.23773158076081916
2020-03-27,0.1614075274312552
2020-03-28,0.009504690860332777
2020-03-29,0.5960159218479559
2020-03-30,0.3027566465483459
2020-03-31,1.7076902419805118
2020-04-01,6.908785620254293
2020-04-02,3.7289662797473873
2020-04-03,2.9166630185801434
2020-04-04,0.14210551973110314
2020-04-05,0.47804332976862474
2020-04-06,6.23308837737647
2020-04-07,1.4598490345569914
2020-04-08,0.8242734822002368
2020-04-09,4.249605470602994
2020-04-10,0.4238347969061347
2020-04-11,7.737517954375674
2020-04-12,18.79151865388925
2020-04-13,17.694497298818163
2020-04-14,17.801912834329002
2020-04-15,13.625165587567587
2020-04-16,1.2848212181479985
2020-04-17,1.1980892312304308
2020-04-18,22.47507077096968
2020-04-19,16.25635128851703
2020-04-20,0.36111294229911706
2020-04-21,0.12859064684902577
2020-04-22,0.32263912493275515
2020-04-23,4.985375689720383
2020-04-24,3.3346246398728026
2020-04-25,3.0811575817314405
2020-04-26,0.6695167755904707
2020-04-27,0.28716506121467367
2020-04-28,1.4238463333305291
2020-04-29,0.45013712748913914
2020-04-30,0.32477804441441765
2020-05-01,0.23585742709145946
2020-05-02,0.6579353814651145
2020-05-03,2.6805243705895356
2020-05-04,12.949023812993204
2020-05-05,1.6970981826028164
2020-05-06,3.1872602584365133
2020-05-07,0.6729298859466183
2020-05-08,1.6672515634286937
2020-05-09,0.2874079878304393
2020-05-10,0.2750882113318154
2020-05-11,0.8982453942452665
2020-05-12,21.444723275784977
2020-05-13,3.1566483984324254
2020-05-14,0.34905861671325256
2020-05-15,1.4358499829977907
2020-05-16,0.302315801899484
2020-05-17,0.33202238901841236
2020-05-18,0.18080984388411547
2020-05-19,0.2109185822373651
2020-05-20,0.07612417788321528
2020-05-21,0.15386155709601432
2020-05-22,0.10189655611024738
2020-05-23,0.1838655954037351
2020-05-24,0.38226928475947813
2020-05-25,0.16446392974046162
2020-05-26,0.24857705373194725
2020-05-27,0.12260436864928512
2020-05-28,0.048882869863808714
2020-05-29,0.7845098167278439
2020-05-30,1.9228908814354653
2020-05-31,1.490899879636909
2020-06-01,2.9066898673831543
2020-06-02,0.8522044955398622
2020-06-03,0.5498447102333721
2020-06-04,0.15060768317445916
2020-06-05,1.131781891640041
2020-06-06,0.910094062808958
2020-06-07,0.27596872220131297
2020-06-08,0.06335496105253116
2020-06-09,0.7243174383517883
2020-06-10,0.05147034564623723
2020-06-11,0.02159208512151761
2020-06-12,0.07620984211873544
2020-06-13,0.05650219522135323
2020-06-14,4.378619389345689
2020-06-15,0.9954298526803659
2020-06-16,0.3656411059740367
2020-06-17,0.022084931650376855
2020-06-18,0.3369971141338712
2020-06-19,0.2695824851773192
2020-06-20,0.41796043983520675
2020-06-21,0.47249253695607824
2020-06-22,0.0763374790978742
2020-06-23,0.12853653554399794
2020-06-24,0.10219388131233936
2020-06-25,0.05195459461381075
2020-06-26,0.11903558639920207
2020-06-27,0.6901993807493139
2020-06-28,0.05461274626644252
2020-06-29,0.060929170374834744
2020-06-30,0.03314887905279029
2020-07-01,0.11630115351952115
2020-07-02,0.23591856858410626
2020-07-03,0.18911592567061442
2020-07-04,0.6564174263363983
2020-07-05,1.7071688901600592
2020-07-06,0.2648346254797152
2020-07-07,0.6222947792098755
2020-07-08,0.1443457810342598
2020-07-09,0.03060774433476268
2020-07-10,0.2008359067162748
2020-07-11,2.407515671376007
2020-07-12,0.2652334992807467
2020-07-13,2.467690110311155
2020-07-14,0.4832274455352772
2020-07-15,0.13270059960645567
2020-07-16,0.2758345146322243
2020-07-17,1.2280405491852247
2020-07-18,0.01905338124303952
2020-07-19,0.05740096336733843
2020-07-20,0.027779486530741093
2020-07-21,0.0201595055705783
2020-07-22,0.11766634820220703
2020-07-23,0.06073967866355966
2020-07-24,0.21066899661410313
2020-07-25,0.04983283329787536
2020-07-26,0.6205173406766751
2020-07-27,0.07608905656482247
2020-07-28,0.032783162938041115
2020-07-29,0.03167245727003488
2020-07-30,0.032165512832928886
2020-07-31,0.0480993665524511
2020-08-01,0.009341847784663996
2020-08-02,0.0007784131084278693
2020-08-03,0.0023757613374050506
2020-08-04,0.005039450803384403
2020-08-05,0.004261472418592565
2020-08-06,0.0031965983866077676
2020-08-07,0.019626440939112238
2020-08-08,0.0025403995442739493
2020-08-09,0.0
2020-08-10,0.0016792715502724504
2020-08-11,0.0
2020-08-12,0.005656620684788368
2020-08-13,0.0023763221722717482
2020-08-14,0.03097672564641656
2020-08-15,0.0251984180062125
2020-08-16,0.024626149044198128
2020-08-17,0.03082522783972427
2020-08-18,0.18671117445676677
2020-08-19,0.02347749167164223
2020-08-20,0.5231869536259017
2020-08-21,10.132638144085544
2020-08-22,1.1664853966395035
2020-08-23,0.018598810603592867
2020-08-24,0.01028623876806262
2020-08-25,0.001351745014872569
2020-08-26,0.0009829881091844791
2020-08-27,0.00233490275597215
2020-08-28,0.08429609818859958
2020-08-29,0.9755218246692308
2020-08-30,0.06933048284256428
2020-08-31,0.03708265480995497
2020-09-01,2.593464976513464
2020-09-02,0.0694866904549439
2020-09-03,0.0687942494500453
2020-09-04,0.049449016168070244
2020-09-05,0.2084848700968848
2020-09-06,0.022494378902912816
2020-09-07,0.03683911887240659
2020-09-08,0.2322202908968464
2020-09-09,0.6575332964409581
2020-09-10,0.048719486078906804
2020-09-11,0.02081841511021997
2020-09-12,0.02499556907861478
2020-09-13,0.014423213598104742
2020-09-14,0.08787762315587522
2020-09-15,0.2829285687587632
2020-09-16,0.19317599622187423
2020-09-17,0.03269754185406443
2020-09-18,0.4920238117700194
2020-09-19,0.5152822861182493
2020-09-20,1.1600431898376113
2020-09-21,0.04220613768143791
2020-09-22,0.03048602650560229
2020-09-23,0.9202375311188195
2020-09-24,1.1228348793249476
2020-09-25,0.1491408640048234
2020-09-26,0.09801071179261027
2020-09-27,0.05732046343096608
2020-09-28,0.025894706489908173
2020-09-29,0.057234234213433544
2020-09-30,2.13143547320851
2020-10-01,0.4576265764084249
2020-10-02,0.057120090052553335
2020-10-03,0.685508155614837
2020-10-04,0.30967340337355176
2020-10-05,0.08857783809007033
2020-10-06,0.1270371197520832
2020-10-07,0.10342761691329835
2020-10-08,0.5886049768333088
2020-10-09,1.430720141674959
2020-10-10,0.010529916391626185
2020-10-11,0.012908271540515232
2020-10-12,0.007335123099711388
2020-10-13,0.003278058383657597
2020-10-14,0.7108174135797554
2020-10-15,0.024337558503785058
2020-10-16,0.00827630187163473
2020-10-17,0.015283829700759421
2020-10-18,0.028973721398067073
2020-10-19,0.20289156878646175
2020-10-20,0.010490956082108881
2020-10-21,0.04941593092383872
2020-10-22,0.017705854711644993
2020-10-23,0.14744448673507723
2020-10-24,0.19208701949180793
2020-10-25,0.1027350734528359
2020-10-26,0.11080768885489295
2020-10-27,0.03770976496423102
2020-10-28,0.1634487867408188
2020-10-29,0.32030876807429665
2020-10-30,0.21985495358990298
2020-10-31,0.2688700007574172
2020-11-01,0.04910021549716912
2020-11-02,0.01008061160597373
2020-11-03,0.01053071757395175
2020-11-04,0.0
2020-11-05,0.004917168949172212
2020-11-06,0.0006143675796837877
2020-11-07,0.08262839279059157
2020-11-08,0.013236214157568277
2020-11-09,0.003483681384298062
2020-11-10,0.00020484539597633036
2020-11-11,0.029311750512889
2020-11-12,0.11790573332131464
2020-11-13,0.12617515090212192
2020-11-14,0.03327554178822555
2020-11-15,0.3213368613245675
2020-11-16,0.2705139413737974
2020-11-17,0.37604056323078766
2020-11-18,0.6784513765228296
2020-11-19,0.562031304407392
2020-11-20,0.9992246470117038
2020-11-21,0.08615092843357137
2020-11-22,0.1272583177906273
2020-11-23,0.22275552443544305
2020-11-24,0.10151686300612352
2020-11-25,0.09604434760750026
2020-11-26,0.06703062959271529
2020-11-27,1.6183805976393852
2020-11-28,0.3096749923819107
2020-11-29,0.04904450117351365
2020-11-30,0.02245208597787056
2020-12-01,0.2506541143709891
2020-12-02,0.24993702541074292
2020-12-03,0.40766613989541434
2020-12-04,2.204034646069309
2020-12-05,4.240927849272489
2020-12-06,1.7688252368525745
2020-12-07,0.0932197631630007
2020-12-08,4.406309782598437
2020-12-09,4.595593268634348
2020-12-10,19.79297515775343
2020-12-11,0.5759834916440992
2020-12-12,0.2983325268620901
2020-12-13,0.7606731855285319
2020-12-14,1.5243674234514342
2020-12-15,1.8615555817885414
2020-12-16,0.14647531137664055
2020-12-17,1.2980967353250692
2020-12-18,2.4638954416008922
2020-12-19,5.491514653056384
2020-12-20,0.1254556459133559
2020-12-21,0.2740156500631542
2020-12-22,0.5031254740306346
2020-12-23,2.0797664025790463
2020-12-24,1.013030808979222
2020-12-25,0.8115340826117218
2020-12-26,3.3131158950780075
2020-12-27,2.6411035377530876
2020-12-28,2.638196214060709
2020-12-29,0.19511319303832045
2020-12-30,1.173167852093761
2020-12-31,0.7598556506967968
2021-01-01,1.6610140740856691
2021-01-02,1.8858268052003997
2021-01-03,1.798422883491204
2021-01-04,6.118930191784895
2021-01-05,0.9249590700118716
2021-01-06,2.3301527416899503
2021-01-07,0.21483021156785437
2021-01-08,2.1951532967089014
2021-01-09,2.6374523264178653
2021-01-10,2.549935576803383
2021-01-11,1.8741399724249936
2021-01-12,1.2081560327424525
2021-01-13,0.9632572978959637
2021-01-14,5.019365951134711
2021-01-15,6.705509111692527
2021-01-16,11.88120541593839
2021-01-17,5.093104071063855
2021-01-18,8.317086917796807
2021-01-19,4.54243718370429
2021-01-20,4.682484574856333
2021-01-21,3.576373746320515
2021-01-22,4.664694270258988
2021-01-23,10.164700551132405
2021-01-24,26.05703761193093
2021-01-25,10.92274930737899
2021-01-26,3.178162725125096
2021-01-27,3.872369869652887
2021-01-28,9.158854706430775
2021-01-29,3.541567929485197
2021-01-30,7.009790671279647
2021-01-31,0.26629078832423636
2021-02-01,1.5620159761455534
2021-02-02,3.8047352704965696
2021-02-03,1.1305213632188749
2021-02-04,5.933509442736976
2021-02-05,4.153285744293517
2021-02-06,2.3374667419061277
2021-02-07,2.270498715127038
2021-02-08,4.683969012262581
2021-02-09,2.108983341605219
2021-02-10,26.238172801154118
2021-02-11,10.618033162867306
2021-02-12,0.9702944049207523
2021-02-13,1.8980672892413224
2021-02-14,5.322859138854321
2021-02-15,9.257157428485572
2021-02-16,3.5573784085681024
2021-02-17,3.86655922386405
2021-02-18,0.785437953396208
2021-02-19,1.4276843194379447
2021-02-20,0.12890024441253378
2021-02-21,0.08710188342253514
2021-02-22,7.962297270207581
2021-02-23,2.2528618942684173
2021-02-24,0.6630446364956413
2021-02-25,0.770983969024949
2021-02-26,2.6617190154971504
2021-02-27,1.1528596123250163
2021-02-28,18.7376896466799
2021-03-01,15.625653957153018
2021-03-02,19.011292060715096
2021-03-03,7.836541551534605
2021-03-04,11.980797579827614
2021-03-05,22.450107374923498
2021-03-06,3.417092136336629
2021-03-07,3.7322415607761577
2021-03-08,6.4970035056054725
2021-03-09,24.226773024632866
2021-03-10,7.05696520868878
2021-03-11,12.072985795538843
2021-03-12,9.170518721958608
2021-03-13,9.382361745898823
2021-03-14,13.722340998602201
2021-03-15,9.173599195211425
2021-03-16,14.576195163137092
2021-03-17,5.097222559401165
2021-03-18,18.236048587955995
2021-03-19,1.9212510320555949
2021-03-20,3.531826492146674
2021-03-21,1.1645791493015527
2021-03-22,0.39174630927707094
2021-03-23,0.8465155465959342
2021-03-24,0.2656384038027052
2021-03-25,0.34312541241766376
2021-03-26,1.913026058610307
2021-03-27,2.161419283933688
2021-03-28,0.47876056369099845
2021-03-29,0.6669863804963678
2021-03-30,0.21883333938841523
2021-03-31,0.21716036678582057
2021-04-01,0.23559911289499272
2021-04-02,4.306322323541379
2021-04-03,11.160960119810488
2021-04-04,0.7370591103737109
2021-04-05,4.553717791170288
2021-04-06,3.0121524794333823
2021-04-07,1.6790880786788747
2021-04-08,10.275624953249197
2021-04-09,3.5046558373558234
2021-04-10,9.858981771846423
2021-04-11,0.6418261731494933
2021-04-12,0.287183887456639
2021-04-13,1.8885315252295856
2021-04-14,0.42253225834807573
2021-04-15,3.835672748246634
2021-04-16,12.443540394000326
2021-04-17,2.4860242985449834
2021-04-18,5.963067474155586
2021-04-19,2.1414464415445584
2021-04-20,0.3579775184098675
2021-04-21,1.8470602690309745
2021-04-22,0.9557545400092653
2021-04-23,2.1933799987803924
2021-04-24,3.7900601756968624
2021-04-25,0.7502564988805958
2021-04-26,5.555728895433064
2021-04-27,4.733151327118175
2021-04-28,15.365660755142157
2021-04-29,2.0143039118378483
2021-04-30,11.483057052801911
2021-05-01,2.7353275793830347
2021-05-02,2.22322985583215
2021-05-03,11.31416749994756
2021-05-04,1.1446886166089498
2021-05-05,1.4323634695926408
2021-05-06,0.48134117059563
2021-05-07,4.287830293070548
2021-05-08,0.6614477547453688
2021-05-09,0.8853112301454557
2021-05-10,0.25842567193349064
2021-05-11,0.16510412009920938
2021-05-12,0.1767059535667253
2021-05-13,0.17230046913906139
2021-05-14,0.8958539397816558
2021-05-15,1.5108334672501729
2021-05-16,1.5887824218998705
2021-05-17,2.040508989817933
2021-05-18,40.4599720736939
2021-05-19,0.5262269127836138
2021-05-20,0.25358614691277737
2021-05-21,0.10683549185259347
2021-05-22,0.4449648777297932
2021-05-23,0.27969024976520257
2021-05-24,0.5006480158118646
2021-05-25,0.18735339355156613
2021-05-26,0.110633215112527
2021-05-27,0.2386846530427385
2021-05-28,0.06633429924576285
2021-05-29,0.088909778094951
2021-05-30,1.7300214743175648
2021-05-31,2.034536664965972
2021-06-01,0.613388820256717
2021-06-02,0.19186978018114262
2021-06-03,0.2571714148228996
2021-06-04,0.4854703064167686
2021-06-05,0.2288644532203186
2021-06-06,4.286973227801914
2021-06-07,5.097420553088225
2021-06-08,13.32525004619327
2021-06-09,2.9145455040508206
2021-06-10,0.9928259619876102
2021-06-11,0.18229649268205703
2021-06-12,0.8479535398437851
2021-06-13,9.351596696780488
2021-06-14,1.4919683989662578
2021-06-15,2.4816642233845734
2021-06-16,0.40109593260544835
2021-06-17,0.2811858611315491
2021-06-18,0.367644273358843
2021-06-19,1.4060967220592093
2021-06-20,0.9491402398593011
2021-06-21,1.299473472417158
2021-06-22,0.2709155236962502
2021-06-23,0.316909629844873
2021-06-24,2.3008181444580935
2021-06-25,0.6534234163038958
2021-06-26,0.6899094800012647
2021-06-27,0.2156577425910821
2021-06-28,0.6947985286907917
2021-06-29,0.12050444637458266
2021-06-30,0.6269896635422137
2021-07-01,0.061011645281357496
2021-07-02,0.05978301440072693
2021-07-03,0.09836426782263935
2021-07-04,0.024954299401504898
2021-07-05,0.07053207725991234
2021-07-06,0.03581947692043645
2021-07-07,0.05023494035535794
2021-07-08,0.20930884719813497
2021-07-09,0.5455391833231313
2021-07-10,0.19231775114868482
2021-07-11,0.35241355447815226
2021-07-12,0.1161060277337237
2021-07-13,0.2538066470083752
2021-07-14,0.7428638552648807
2021-07-15,0.061248743780236634
2021-07-16,0.12079734270915135
2021-07-17,0.9703419633489294
2021-07-18,0.7638198400725393
2021-07-19,0.09048547077112791
2021-07-20,0.00823561789037384
2021-07-21,0.01020406291900913
2021-07-22,0.015940405805814673
2021-07-23,0.015207034994095796
2021-07-24,0.07491527857732062
2021-07-25,0.07661728858806974
2021-07-26,0.07803019966791783
2021-07-27,0.03167216594483617
2021-07-28,0.022453176756867504
2021-07-29,0.10068362505619682
2021-07-30,0.5283195962398195
2021-07-31,0.27231524324601947
2021-08-01,0.009669317868258158
2021-08-02,0.025897954339335415
2021-08-03,0.0216326073469596
2021-08-04,0.01155149806584596
2021-08-05,0.01999128442060504
2021-08-06,0.010610997195988408
2021-08-07,0.017701872151305555
2021-08-08,0.015241110572306087
2021-08-09,0.03333272200857973
2021-08-10,0.022987624986079976
2021-08-11,0.07269772436756493
2021-08-12,0.08380591458922051
2021-08-13,0.3808587435782681
2021-08-14,0.08128445959245417
2021-08-15,0.16677955923890828
2021-08-16,0.25356889622627493
2021-08-17,0.18604197667533903
2021-08-18,0.008275494543172146
2021-08-19,0.0953529582804354
2021-08-20,0.012376094260688591
2021-08-21,0.04984693644898299
2021-08-22,0.007948714920670702
2021-08-23,0.026353375495084205
2021-08-24,0.004343374824619632
2021-08-25,0.06279908519714314
2021-08-26,0.11620112905237917
2021-08-27,0.830248128528195
2021-08-28,0.916724387563853
2021-08-29,0.6998682346285399
2021-08-30,3.827311502070355
2021-08-31,0.3840385392626291
2021-09-01,0.007993378896394471
2021-09-02,0.24384933923673466
2021-09-03,0.00770315892313272
2021-09-04,0.16911506157606634
2021-09-05,0.014997436178068419
2021-09-06,10.120441564177584
2021-09-07,0.5324761399248432
2021-09-08,0.1764711148583663
2021-09-09,0.07911440995586753
2021-09-10,0.4204074415641981
2021-09-11,0.6618483960542955
2021-09-12,1.7763290439586785
2021-09-13,2.4845546849218745
2021-09-14,0.019826125949304274
2021-09-15,0.04159545433468206
2021-09-16,0.05196195459322736
2021-09-17,0.010203490295892985
2021-09-18,0.1017496259900663
2021-09-19,0.013847240598150012
2021-09-20,0.07097682815712318
2021-09-21,0.08098177726296263
2021-09-22,0.4027622746119742
2021-09-23,0.023230436712741092
2021-09-24,0.016434502606565166
2021-09-25,0.08654472001405565
2021-09-26,0.20505492922208668
2021-09-27,0.04064751364188148
2021-09-28,0.029659904827705388
2021-09-29,1.7320131838679522
2021-09-30,0.2617793996308484
2021-10-01,0.10200161873125034
2021-10-02,0.07999138515372897
2021-10-03,0.05563730266435829
2021-10-04,0.3582778326156993
2021-10-05,0.13516667520691364
2021-10-06,0.12032243596260359
2021-10-07,0.1250818915901916
2021-10-08,0.09891537180868931
2021-10-09,0.04740682567582825
2021-10-10,3.8128768123450567
2021-10-11,0.16021156844510825
2021-10-12,0.3729195765891079
2021-10-13,0.9240003449621308
2021-10-14,0.44521588072430524
2021-10-15,1.0145336050033142
2021-10-16,1.340228157366091
2021-10-17,1.4769071150813842
2021-10-18,1.9219424390455504
2021-10-19,0.533538520759008
2021-10-20,4.571079184482661
2021-10-21,5.338413633531827
2021-10-22,0.8372612427912148
2021-10-23,0.8345473999879451
2021-10-24,1.0518181010910739
2021-10-25,2.0238086951837517
2021-10-26,1.8013310929654627
2021-10-27,0.24749700063138946
2021-10-28,0.12844243735381056
2021-10-29,0.3794010557780489
2021-10-30,0.6353681740564063
2021-10-31,0.3266036539831849
2021-11-01,5.41662159745113
2021-11-02,1.8586073446685603
2021-11-03,0.23402133691800775
2021-11-04,0.0805971708513084
2021-11-05,0.052116922259566885
2021-11-06,0.298319011535969
2021-11-07,0.2380485833192574
2021-11-08,1.8474153539352032
2021-11-09,0.5327808770251308
2021-11-10,0.08961248790231009
2021-11-11,0.051294691026112886
2021-11-12,0.040974466167884235
2021-11-13,0.07522337348257542
2021-11-14,0.040239122759679884
2021-11-15,0.01823259132254601
2021-11-16,0.04462313840465599
2021-11-17,0.3705072852448177
2021-11-18,0.20845373720219545
2021-11-19,0.7145180242164728
2021-11-20,0.08272333342772088
2021-11-21,0.9167020118687879
2021-11-22,0.25601136904204763
2021-11-23,0.28535901984521317
2021-11-24,2.8271066725364777
2021-11-25,7.2672824569067185
2021-11-26,7.518141092294543
2021-11-27,0.30623436102690055
2021-11-28,0.1686050313301743
2021-11-29,1.4198455685661846
2021-11-30,2.3072860236002914
2021-12-01,3.017775687963848
2021-12-02,0.4508673796751967
2021-12-03,0.7249222579787467
2021-12-04,0.3312731336478818
2021-12-05,1.2065345626763229
2021-12-06,4.862884851896634
2021-12-07,0.5227420527965829
2021-12-08,0.7268474037425364
2021-12-09,0.43800340202041194
2021-12-10,0.4447882976931506
2021-12-11,2.4495069409307733
2021-12-12,3.617851483656427
2021-12-13,9.80516979212854
2021-12-14,0.7589341560495547
2021-12-15,0.46663018170263526
2021-12-16,0.632217780646193
2021-12-17,1.461761160496271
2021-12-18,2.9352510021005043
2021-12-19,3.4064879222039477
2021-12-20,2.575462336431593
2021-12-21,2.0968464877314297
2021-12-22,1.703528042389975
2021-12-23,0.16477897850731169
2021-12-24,0.08975267836512388
2021-12-25,0.07572367837054783
2021-12-26,0.1138555386837843
2021-12-27,0.2491596880163725
2021-12-28,6.6003694224930545
2021-12-29,2.6876141535634583
2021-12-30,0.47875750915274157
2021-12-31,0.140539735769667
2022-01-01,1.0012545733175209
2022-01-02,0.2797127648681499
2022-01-03,0.2691700287102431
2022-01-04,0.2160473560457989
2022-01-05,0.16719219306446312
2022-01-06,0.1925878317430338
2022-01-07,0.303974010345537
2022-01-08,0.09836486446018029
2022-01-09,2.669353586609799
2022-01-10,0.11372180653737705
2022-01-11,0.1784666067522909
2022-01-12,0.4433144798375811
2022-01-13,0.18348867731911342
2022-01-14,1.183638211334642
2022-01-15,2.322952875563383
2022-01-16,2.6482799260488528
2022-01-17,0.7466678082047672
2022-01-18,0.4077469279291047
2022-01-19,0.5104868689001767
2022-01-20,0.3301972412655741
2022-01-21,0.49303659575219844
2022-01-22,1.200685137530891
2022-01-23,17.911171885951045
2022-01-24,6.835388413970128
2022-01-25,3.416424046303604
2022-01-26,9.176339388686337
2022-01-27,39.39054646905035
2022-01-28,50.33145602005119
2022-01-29,8.945792216440392
2022-01-30,8.117539544566204
2022-01-31,3.1066320105034166
2022-02-01,0.7430248074473802
2022-02-02,1.026947182074121
2022-02-03,1.0203412323982954
2022-02-04,2.394441957664177
2022-02-05,5.094146154111016
2022-02-06,24.559909918533627
2022-02-07,1.9889389575632628
2022-02-08,15.584517743762843
2022-02-09,1.8402117410117174
2022-02-10,2.316166839866112
2022-02-11,0.5646272306199753
2022-02-12,7.887192491934952
2022-02-13,4.631339627809776
2022-02-14,18.588345393868536
2022-02-15,7.422013891953819
2022-02-16,4.31146811308628
2022-02-17,1.9806323741100105
2022-02-18,1.1776044445615106
2022-02-19,3.107257843990144
2022-02-20,0.30775400687113696
2022-02-21,0.08340016048661436
2022-02-22,0.9229003556665344
2022-02-23,1.304739633985218
2022-02-24,2.159594321190793
2022-02-25,1.5673302569272802
2022-02-26,4.2760514799375
2022-02-27,18.48077758122805
2022-02-28,5.125469716394933
2022-03-01,2.074145357441922
2022-03-02,8.030607765343772
2022-03-03,21.08842067918308
2022-03-04,3.4440373419997976
2022-03-05,12.374157509499012
2022-03-06,16.006327846921454
2022-03-07,3.06688078014629
2022-03-08,5.031492127568628
2022-03-09,0.5996018824036633
2022-03-10,1.2540121446417818
2022-03-11,6.146256387243835
2022-03-12,3.405501096837867
2022-03-13,2.9628232270675343
2022-03-14,33.324855234685046
2022-03-15,0.8516901440658966
2022-03-16,4.520419194937802
2022-03-17,17.252450769174295
2022-03-18,3.4445110630181888
2022-03-19,20.880971096349715
2022-03-20,4.1591624110296275
2022-03-21,17.56941757798371
2022-03-22,6.6753468738881345
2022-03-23,3.620320305361861
2022-03-24,5.441883688934728
2022-03-25,4.795333700385038
2022-03-26,21.209728101916877
2022-03-27,3.988665573516052
2022-03-28,7.926358813154916
2022-03-29,12.131852892439282
2022-03-30,10.175303829928067
2022-03-31,8.036831214086824
2022-04-01,25.96367249711499
2022-04-02,4.953027287873495
2022-04-03,1.1651091598854346
2022-04-04,1.4276326682038758
2022-04-05,1.0525276474522607
2022-04-06,0.8976182471321313
2022-04-07,1.4877758180639262
2022-04-08,3.758067926537215
2022-04-09,8.516814051180589
2022-04-10,2.6607435155816823
2022-04-11,1.8722159262164901
2022-04-12,1.9171786579787589
2022-04-13,0.3019178984457311
2022-04-14,0.5295578369622046
2022-04-15,0.19400330874884847
2022-04-16,0.3267122973257539
2022-04-17,0.6756976733037429
2022-04-18,3.013707839741956
2022-04-19,30.656749234961993
2022-04-20,11.342354110300548
2022-04-21,11.134445855710357
2022-04-22,3.2854959217294657
2022-04-23,0.5711153164667634
2022-04-24,0.1788813224356669
2022-04-25,1.005593042252878
2022-04-26,0.17113176092106203
2022-04-27,1.3092086075741456
2022-04-28,1.6931052467158412
2022-04-29,0.43832520573600153
2022-04-30,1.049113844819244
2022-05-01,0.1062478102261262
2022-05-02,0.21701914194485725
2022-05-03,0.1201765317889
2022-05-04,1.114744101928537
2022-05-05,4.27059259404954
2022-05-06,2.480034744808313
2022-05-07,0.23533613378740148
2022-05-08,1.3783981699014844
2022-05-09,0.5914387720534103
2022-05-10,0.6924221525358177
2022-05-11,0.4397400779615562
2022-05-12,0.970233905379914
2022-05-13,0.09314727041724873
2022-05-14,0.6686714919658631
2022-05-15,0.34708783114675024
2022-05-16,1.8160919372714184
2022-05-17,2.3944114229334716
2022-05-18,8.295654809612962
2022-05-19,10.1323908806071
2022-05-20,5.233220628330081
2022-05-21,2.0183964774311622
2022-05-22,1.120849128824803
2022-05-23,0.005244588285072809
2022-05-24,0.04159343069168042
2022-05-25,0.13498129954093066
2022-05-26,0.29527700961178627
2022-05-27,0.11348185371890414
2022-05-28,0.4238993378660798
2022-05-29,0.09827058451334864
2022-05-30,0.24166886311206057
2022-05-31,0.08936598367470704
2022-06-01,0.3603504353717518
2022-06-02,0.9679554283338813
2022-06-03,1.9508388465121562
2022-06-04,3.10144051584998
2022-06-05,0.9830781992144332
2022-06-06,0.48845462461289996
2022-06-07,0.08461608132869687
2022-06-08,1.655823096223678
2022-06-09,0.7740567707097038
2022-06-10,0.917225783912476
2022-06-11,0.9601756120589794
2022-06-12,0.1729637936446266
2022-06-13,0.0714227989257176
2022-06-14,0.04068183113412217
2022-06-15,0.01442617804906662
2022-06-16,0.005243957621225518
2022-06-17,0.023605335694414906
2022-06-18,0.6613770750559672
2022-06-19,1.737097540735672
2022-06-20,0.13761149552382979
2022-06-21,0.04003444002938239
2022-06-22,2.372912986290368
2022-06-23,0.2668026012870996
2022-06-24,3.8055261721113625
2022-06-25,4.82422877636898
2022-06-26,0.4179436771549274
2022-06-27,0.8360403547364459
2022-06-28,0.0788984838308673
2022-06-29,0.05429353242720584
2022-06-30,1.258910814224109
2022-07-01,0.03618136094038542
2022-07-02,0.07937495108342772
2022-07-03,0.2065344299893411
2022-07-04,0.5379206097207269
2022-07-05,0.25082983822674637
2022-07-06,0.12642001675428438
2022-07-07,0.04433035344158891
2022-07-08,0.4631881871660374
2022-07-09,1.443082558285608
2022-07-10,0.6405447079573772
2022-07-11,4.132945196660728
2022-07-12,0.9916913042238025
2022-07-13,0.4105704457533685
2022-07-14,1.2186071694651224
2022-07-15,0.10448477238505653
2022-07-16,0.29809010009264975
2022-07-17,0.23394737608492508
2022-07-18,0.49326994713922684
2022-07-19,0.6120597985312353
2022-07-20,0.6698142889664707
2022-07-21,0.09354475469744379
2022-07-22,0.3207165381925377
2022-07-23,0.13539791421341846
2022-07-24,1.4943826122265016
2022-07-25,1.016697719905513
2022-07-26,3.377523904797952
2022-07-27,5.444952714970236
2022-07-28,0.5983408326206443
2022-07-29,0.06640698220326574
2022-07-30,0.07820918383476562
2022-07-31,0.055967524450025966
2022-08-01,0.0905530670025606
2022-08-02,1.5784254083219698
2022-08-03,0.04523112766192146
2022-08-04,0.09174407065897394
2022-08-05,0.3124393736224385
2022-08-06,1.140291002740262
2022-08-07,0.08124851385425184
2022-08-08,0.01769969683209015
2022-08-09,0.15326282512586206
2022-08-10,0.13124908737389607
2022-08-11,1.4033274255257633
2022-08-12,0.05535811701065023
2022-08-13,0.031171439603767493
2022-08-14,0.05691696713516912
2022-08-15,0.18304148771371598
2022-08-16,0.0315084832403619
2022-08-17,0.04306875067904735
2022-08-18,0.09931196218932971
2022-08-19,0.34478310910253807
2022-08-20,3.971988457651665
2022-08-21,0.03081246541613772
2022-08-22,0.04262262612455843
2022-08-23,0.04171332042130496
2022-08-24,0.014014981782724211
2022-08-25,0.02605029116505951
2022-08-26,0.028690862702408393
2022-08-27,0.04056371085666981
2022-08-28,0.2059404608488884
2022-08-29,0.8352705511969174
2022-08-30,0.22986048345422896
2022-08-31,0.029663875589379583
2022-09-01,0.016849126412933745
2022-09-02,0.0007377918571121828
2022-09-03,0.05914058619412938
2022-09-04,0.028977143046975747
2022-09-05,0.09453246749832171
2022-09-06,0.010366679929472895
2022-09-07,0.060043656274850296
2022-09-08,0.017049071577452703
2022-09-09,0.006310317867597055
2022-09-10,0.6062020110705036
2022-09-11,0.2731500848445813
2022-09-12,0.09712240960894909
2022-09-13,0.015449032303552206
2022-09-14,0.039751324866929116
2022-09-15,0.04138688766130077
2022-09-16,1.7462625774634801
2022-09-17,0.8998554591749373
2022-09-18,0.7803206673149758
2022-09-19,0.08301083044399064
2022-09-20,0.610528102951883
2022-09-21,1.0299402599675438
2022-09-22,0.3506151252964901
2022-09-23,0.7756740453804105
2022-09-24,1.7926042607097492
2022-09-25,0.1042670142085504
2022-09-26,0.08617847785626505
2022-09-27,0.02896958504048795
2022-09-28,0.5344047556294191
2022-09-29,0.4114928659180248
2022-09-30,0.2873833759020067
2022-10-01,1.5198025329114104
2022-10-02,0.10271970745747447
2022-10-03,0.09596833649004678
2022-10-04,0.06449485540921027
2022-10-05,0.1057537007298774
2022-10-06,0.014219489187107005
2022-10-07,0.5206357554396405
2022-10-08,1.4717765766004622
2022-10-09,0.07537566602966997
2022-10-10,0.05318749660908929
2022-10-11,0.215973578772087
2022-10-12,0.02118333782725886
2022-10-13,0.09260851978462455
2022-10-14,0.06474819138146574
2022-10-15,2.5697192280087124
2022-10-16,2.08338213110844
2022-10-17,0.21379359438949663
2022-10-18,0.28575508459532317
2022-10-19,2.6389567299688688
2022-10-20,0.6346444495459193
2022-10-21,0.35284876605776366
2022-10-22,0.10372055275944744
2022-10-23,0.023723273813934465
2022-10-24,1.7814189413572261
2022-10-25,1.789883557114635
2022-10-26,0.2878555319202539
2022-10-27,0.11246074490697065
2022-10-28,0.2589225767617443
2022-10-29,0.15813018100433188
2022-10-30,0.017545501160532117
2022-10-31,0.011842900903077809
2022-11-01,0.0029110366411286854
2022-11-02,2.1030590578523634
2022-11-03,1.4848146254333507
2022-11-04,0.15880044324928713
2022-11-05,0.08270346536829952
2022-11-06,0.16652906668012996
2022-11-07,0.092592681891776
2022-11-08,0.005367772139642674
2022-11-09,0.25108789970124623
2022-11-10,0.09687403744913377
2022-11-11,0.24149502610072204
2022-11-12,0.1006488363038486
2022-11-13,0.08829390968944598
2022-11-14,0.08651773468561152
2022-11-15,0.05316120048429979
2022-11-16,0.9900973995310752
2022-11-17,6.63933362807444
2022-11-18,0.14670918059594107
2022-11-19,0.08830045067999309
2022-11-20,0.0592063198512308
2022-11-21,0.24521844176585567
2022-11-22,0.5433099749206021
2022-11-23,0.16465550416134625
2022-11-24,0.005737576140223513
2022-11-25,0.027629898394637756
2022-11-26,0.48989997998349183
2022-11-27,0.3495541043883546
2022-11-28,0.31141643207226716
2022-11-29,0.19324952140296595
2022-11-30,0.10293427391970085
2022-12-01,0.08264357290722806
2022-12-02,0.10519564082116833
2022-12-03,0.08308694676590359
2022-12-04,0.05665301359236277
2022-12-05,0.03915640932530279
2022-12-06,0.043827990792227677
2022-12-07,1.1997572879116745
2022-12-08,0.26367646307244236
2022-12-09,0.21325340807329832
2022-12-10,0.15949888063160955
2022-12-11,0.6892872459009769
2022-12-12,0.48553287134900314
2022-12-13,1.0615888893999021
2022-12-14,1.8985555052818939
2022-12-15,0.26261846560446955
2022-12-16,0.5633547334309826
2022-12-17,1.4543400687765764
2022-12-18,4.068351255015666
2022-12-19,6.627771988692603
2022-12-20,0.12263197926692701
2022-12-21,0.12368344108498536
2022-12-22,0.150033374293534
2022-12-23,0.09022353948140402
2022-12-24,0.9353793467368325
2022-12-25,0.31686425132583684
2022-12-26,0.6524677889490504
2022-12-27,0.3423267069154328
2022-12-28,0.08476617963243983
2022-12-29,0.04694077263705801
2022-12-30,1.090011174788071
2022-12-31,5.1458566420954375
2023-01-01,2.520559168194285
2023-01-02,11.555319002199822
2023-01-03,0.3337201628328115
2023-01-04,0.04260916447318971
2023-01-05,0.5870618364846882
2023-01-06,0.13220233597303746
2023-01-07,0.4300215347844231
2023-01-08,0.34407293762004204
2023-01-09,2.3138048811825813
2023-01-10,14.336335897617289
2023-01-11,1.735950971118973
2023-01-12,3.917008229657854
2023-01-13,1.0100471139382732
2023-01-14,6.5025573235852585
2023-01-15,16.873958300701155
2023-01-16,0.5176954668695433
2023-01-17,0.9147766419234751
2023-01-18,1.540017175869864
2023-01-19,4.40806653882727
2023-01-20,3.9574672819906445
2023-01-21,0.5157607441805003
2023-01-22,1.066270502064471
2023-01-23,0.19593603389224284
2023-01-24,1.6028538634378182
2023-01-25,0.21122597687319475
2023-01-26,2.784077373538929
2023-01-27,1.3413937582680817
2023-01-28,1.2896809158994316
2023-01-29,0.13971298310924984
2023-01-30,0.27814787678356134
2023-01-31,0.22426387934034603
2023-02-01,0.28633642160702816
2023-02-02,0.14259959287534185
2023-02-03,0.1292904334722445
2023-02-04,0.5901014892044821
2023-02-05,0.7128241490597764
2023-02-06,0.8449581795489831
2023-02-07,0.4279020880037866
2023-02-08,0.6464850955109805
2023-02-09,3.3391647794611576
2023-02-10,3.509961056140846
2023-02-11,2.776421535991078
2023-02-12,1.1200139166882142
2023-02-13,7.528549457915413
2023-02-14,5.486426175222956
2023-02-15,7.043391498880991
2023-02-16,8.904923465282948
2023-02-17,4.039087339427702
2023-02-18,7.173905495769978
2023-02-19,1.304386138227788
2023-02-20,9.151093052038668
2023-02-21,51.15782904912787
2023-02-22,21.92405191015422
2023-02-23,18.444153811858293
2023-02-24,17.662566039837625
2023-02-25,35.8288986304243
2023-02-26,0.6089988593434983
2023-02-27,7.908132095967452
2023-02-28,15.18066621422983
2023-03-01,0.3580658041832812
2023-03-02,0.9801862213766156
2023-03-03,6.664609465900002
2023-03-04,1.5443939446578803
2023-03-05,12.37906222925042
2023-03-06,31.023158235864695
2023-03-07,16.16622376701613
2023-03-08,17.50815810076408
2023-03-09,47.97420619632647
2023-03-10,13.477246160958638
2023-03-11,7.318998243550821
2023-03-12,8.203596548021626
2023-03-13,4.196138268950795
2023-03-14,35.32223217152948
2023-03-15,5.361743318080977
2023-03-16,1.8042330974311511
2023-03-17,8.962799845555555
2023-03-18,1.6063929208248344
2023-03-19,2.992764298147129
2023-03-20,4.061591871253357
2023-03-21,0.8957544846237487
2023-03-22,7.9363346334152505
2023-03-23,20.27753317695962
2023-03-24,9.586977165782926
2023-03-25,3.7047039348091237
2023-03-26,3.628008098589082
2023-03-27,8.308583080310957
2023-03-28,10.031214852037063
2023-03-29,9.095474960309227
2023-03-30,5.472841319730301
2023-03-31,8.72579204102935
2023-04-01,5.030689083927552
2023-04-02,8.552801488171985
2023-04-03,8.262458468307893
2023-04-04,33.503597207039824
2023-04-05,4.401845522985461
2023-04-06,44.82793685324834
2023-04-07,2.8729591013872997
2023-04-08,1.340915076328662
2023-04-09,3.1450127342477776
2023-04-10,18.983076070706787
2023-04-11,4.02532254972007
2023-04-12,9.818803613628774
2023-04-13,1.1580182457065995
2023-04-14,15.66682595520299
2023-04-15,13.45673238900115
2023-04-16,24.768376276204247
2023-04-17,32.286919216468
2023-04-18,1.4515712293357197
2023-04-19,0.5505048748946937
2023-04-20,3.9312206496940494
2023-04-21,21.120841659065256
2023-04-22,7.492055413791244
2023-04-23,26.28677591817985
2023-04-24,2.2736661909863436
2023-04-25,2.5570721880818668
2023-04-26,19.001817793708536
2023-04-27,6.610065371562172
2023-04-28,11.796106039799929
2023-04-29,3.9137137289909543
2023-04-30,5.425915728723628
2023-05-01,6.037174147289382
2023-05-02,0.6817713936210682
2023-05-03,3.54306757851343
2023-05-04,3.2917117069906716
2023-05-05,4.972460539806829
2023-05-06,0.9986734322438543
2023-05-07,0.5216292054258925
2023-05-08,0.18787303510926215
2023-05-09,1.2324153423814912
2023-05-10,2.5334054976493623
2023-05-11,7.597658821503415
2023-05-12,1.202223139978099
2023-05-13,1.394113217400462
2023-05-14,1.1760526981732558
2023-05-15,0.2874067355710739
2023-05-16,3.8370744631593507
2023-05-17,0.24513618755990876
2023-05-18,0.1116118785675815
2023-05-19,1.370230736205627
2023-05-20,8.282643482036239
2023-05-21,3.1480008146831127
2023-05-22,0.5859044294171226
2023-05-23,17.615048406589388
2023-05-24,0.7944279553884314
2023-05-25,2.7356449657213964
2023-05-26,0.8438417021212883
2023-05-27,8.55982033942653
2023-05-28,3.930605534533324
2023-05-29,0.9061235880107644
2023-05-30,5.187476249587263
2023-05-31,0.8711139517223615
2023-06-01,2.458293410074075
2023-06-02,0.5558820201991558
2023-06-03,0.2489336886921219
2023-06-04,13.482699840882574
2023-06-05,3.245708054745404
2023-06-06,2.091621087940782
2023-06-07,12.28725890160394
2023-06-08,3.1192166421868364
2023-06-09,5.449285328895374
2023-06-10,3.315096854168673
2023-06-11,0.7333355226973087
2023-06-12,0.3287957981264875
2023-06-13,0.3059626280560704
2023-06-14,0.0604833616745629
2023-06-15,0.22555359682325116
2023-06-16,0.14642286714156535
2023-06-17,0.17156722815569123
2023-06-18,0.021185416785761992
2023-06-19,0.07470002000667689
2023-06-20,0.0
2023-06-21,0.06228465616951125
2023-06-22,0.5264398341036999
2023-06-23,0.06133594209704174
2023-06-24,0.24796029926949378
2023-06-25,0.3958879485617498
2023-06-26,0.8804300803156134
2023-06-27,1.2327611473137419
2023-06-28,1.4245590733431126
2023-06-29,0.12809023974187964
2023-06-30,0.1644677984587963
2023-07-01,0.4660555678191115
2023-07-02,0.20896459523031252
2023-07-03,9.743998559631269
2023-07-04,0.30706497574433533
2023-07-05,1.614199842662953
2023-07-06,12.460229381399301
2023-07-07,4.84228151063712
2023-07-08,11.903723825427111
2023-07-09,1.370118450863794
2023-07-10,3.2323020499754604
2023-07-11,0.07978678907656177
2023-07-12,0.1342945061995901
2023-07-13,0.0676106638781211
2023-07-14,1.6814002273404696
2023-07-15,6.728702810816936
2023-07-16,0.08027303934099332
2023-07-17,1.532361528574355
2023-07-18,0.41240019282948565
2023-07-19,0.08247875109706303
2023-07-20,0.09716993875174582
2023-07-21,0.09806368872680955
2023-07-22,0.4031487020363996
2023-07-23,0.014991385193633236
2023-07-24,0.06487550874302228
2023-07-25,0.05575163016437544
2023-07-26,0.07334937901985016
2023-07-27,0.1259157159279543
2023-07-28,0.2711848559018748
2023-07-29,0.17222358941222407
2023-07-30,0.0491685480274042
2023-07-31,0.08420673725697579
2023-08-01,0.027205897523383187
2023-08-02,0.9141179842841322
2023-08-03,0.02794788154168993
2023-08-04,0.01798796351096752
2023-08-05,0.015894961680401238
2023-08-06,0.249059086415035
2023-08-07,0.1168723782440611
2023-08-08,0.02323052106707859
2023-08-09,0.13751129610928453
2023-08-10,0.038103671048715065
2023-08-11,0.0012696930519247062
2023-08-12,0.011765186634486922
2023-08-13,0.06758841374787568
2023-08-14,0.35627846408278
2023-08-15,0.1544222189195063
2023-08-16,0.22016268139905557
2023-08-17,0.004834692777427233
2023-08-18,0.021053335303097682
2023-08-19,0.05185648272022248
2023-08-20,0.6541852785683169
2023-08-21,5.704264955026697
2023-08-22,2.978440076512447
2023-08-23,1.2412606249716645
2023-08-24,0.06029186177590979
2023-08-25,0.5060206023213746
2023-08-26,0.041469821180438314
2023-08-27,0.14265437760751204
2023-08-28,8.413442788191949
2023-08-29,0.04913281545176101
2023-08-30,0.043403399989469474
2023-08-31,0.024464282695406174
2023-09-01,0.06259925047431363
2023-09-02,0.573992281945187
2023-09-03,0.15319171991016048
2023-09-04,0.09974139004401102
2023-09-05,0.832085603057635
2023-09-06,0.10783756744947348
2023-09-07,0.00909666375457297
2023-09-08,0.007294112185004268
2023-09-09,0.09199819719188929
2023-09-10,0.10883409865486722
2023-09-11,0.24230444749402916
2023-09-12,0.2668783633867593
2023-09-13,0.07552967718860921
2023-09-14,0.26204415087697225
2023-09-15,0.3523352863876178
2023-09-16,0.09906877458973251
2023-09-17,0.05502793264359794
2023-09-18,0.0678564809338879
2023-09-19,0.17211256159921212
2023-09-20,0.7563943826243562
2023-09-21,1.448241018642346
2023-09-22,0.1412134176789472
2023-09-23,0.07102631537682716
2023-09-24,0.25507703813011623
2023-09-25,0.35044528368709665
2023-09-26,0.6290433077147717
2023-09-27,0.2679232848468265
2023-09-28,0.19832813162739216
2023-09-29,0.1516339148975665
2023-09-30,0.11734867025680933
2023-10-01,0.7648627598117017
2023-10-02,0.117391061403861
2023-10-03,0.10059546080743374
2023-10-04,0.14046693866734103
2023-10-05,0.5251032547567107
2023-10-06,0.6007011076869424
2023-10-07,0.19199208193989423
2023-10-08,0.35409404564799074
2023-10-09,1.1150980454496333
2023-10-10,0.9902799920072901
2023-10-11,0.4912572576900872
2023-10-12,0.3615774671294592
2023-10-13,0.1275698120572202
2023-10-14,3.289841416355352
2023-10-15,0.0975209377247329
2023-10-16,0.27769635559694095
2023-10-17,1.0249022148628846
2023-10-18,0.02905027908698889
2023-10-19,0.12412442011965732
2023-10-20,0.05355668087777381
2023-10-21,0.2052573822873676
2023-10-22,2.5409256131795392
2023-10-23,0.14995278692882105
2023-10-24,1.6742780903233183
2023-10-25,0.5134743207693926
2023-10-26,0.4550665552443147
2023-10-27,2.9593195909494385
2023-10-28,3.0213471266652987
2023-10-29,3.675583181157925
2023-10-30,0.8451399783842392
2023-10-31,0.1337930361997133
2023-11-01,0.6628073723466914
2023-11-02,1.804849466323175
2023-11-03,0.05934039304612374
2023-11-04,0.10807305095443505
2023-11-05,0.2958448736163694
2023-11-06,0.14825593681237387
2023-11-07,0.057206800489377124
2023-11-08,0.02548091067047995
2023-11-09,0.040931159932906136
2023-11-10,0.033229099164992025
2023-11-11,0.08323045940213634
2023-11-12,0.08501847008700338
2023-11-13,0.15482738474926966
2023-11-14,0.15124508440380832
2023-11-15,3.888746371187293
2023-11-16,0.779803422707875
2023-11-17,0.06490285059648014
2023-11-18,0.039418233615735876
2023-11-19,0.16858658104275592
2023-11-20,1.1447252866964919
2023-11-21,0.812137084199986
2023-11-22,0.620978616261051
2023-11-23,1.3642351589876924
2023-11-24,1.0065605285889148
2023-11-25,1.739982283489097
2023-11-26,0.2335560640658089
2023-11-27,0.24326873732652102
2023-11-28,0.34998993252155436
2023-11-29,0.6408244021935271
2023-11-30,0.8583485338744737
2023-12-01,0.18296324740020295
2023-12-02,0.1468023127207442
2023-12-03,0.056535961930275616
2023-12-04,0.06826549580413156
2023-12-05,0.8446300064174306
2023-12-06,1.7202656046187244
2023-12-07,7.2248892707680135
2023-12-08,0.7412913843300174
2023-12-09,0.10677218882254189
2023-12-10,0.07174124073986152
2023-12-11,0.11601639972167543
2023-12-12,0.07284525956845322
2023-12-13,0.06108639967736185
2023-12-14,0.0906731214675478
2023-12-15,1.5999260724275794
2023-12-16,3.202661702334256
2023-12-17,3.3743859604674906
2023-12-18,1.1859830615421887
2023-12-19,0.2667147520726839
2023-12-20,0.14791301971283152
2023-12-21,0.03675158432940985
2023-12-22,0.8416837099198917
2023-12-23,0.5368023175058085
2023-12-24,0.36460376314474063
2023-12-25,1.6313674332348789
2023-12-26,1.2462235808176727
2023-12-27,26.572820142454795
2023-12-28,9.972979172233272
2023-12-29,9.351292038879015
2023-12-30,4.545903835987304
2023-12-31,2.3721341376697485
2024-01-01,7.1548122890855925
2024-01-02,6.611180941473209
2024-01-03,2.944641986314012
2024-01-04,3.141214575387245
2024-01-05,2.4429335546260744
2024-01-06,0.5227271145218689
2024-01-07,0.4579904598749357
2024-01-08,1.1325135811317801
2024-01-09,2.113599500266418
2024-01-10,1.6541967568440705
2024-01-11,52.377683924149245
2024-01-12,14.841414405326338
2024-01-13,16.176391509183677
2024-01-14,4.853540541563567
2024-01-15,9.98753975014679
2024-01-16,1.714328226850362
2024-01-17,2.8233899970802625
2024-01-18,5.14144783648876
2024-01-19,0.8843297205262446
2024-01-20,2.9797451294975814
2024-01-21,1.9693424797712484
2024-01-22,1.0943852736954989
2024-01-23,0.6704619671948638
2024-01-24,0.9336908343537023
2024-01-25,0.37873377841654987
2024-01-26,7.378584403636482
2024-01-27,1.1820571116969354
2024-01-28,2.2131585722562175
2024-01-29,19.298139707603642
2024-01-30,0.2922765469720721
2024-01-31,12.509545135221629
2024-02-01,2.145816025269278
2024-02-02,16.399494786898913
2024-02-03,10.60594467947049
2024-02-04,4.035791127611139
2024-02-05,13.534247639042151
2024-02-06,0.8343969735728105
2024-02-07,4.39701660243954
2024-02-08,19.660344711192234
2024-02-09,41.30817405359441
2024-02-10,3.4655129348079625
2024-02-11,3.2810033445213036
2024-02-12,15.427414029136852
2024-02-13,2.5682175909746507
2024-02-14,0.9082532707919889
2024-02-15,0.9162243782404683
2024-02-16,0.702206321715672
2024-02-17,2.2152588504795547
2024-02-18,7.807955365288544
2024-02-19,46.68348897260315
2024-02-20,58.907487061874335
2024-02-21,27.317995468912287
2024-02-22,0.906487039942946
2024-02-23,0.7334056495911724
2024-02-24,2.3178417822744493
2024-02-25,0.559988801334629
2024-02-26,7.224231749465645
2024-02-27,6.194313427723706
2024-02-28,4.038325474128087
2024-02-29,17.070296487944766
2024-03-01,48.99316149004976
2024-03-02,8.945952459326554
2024-03-03,1.2612580059234373
2024-03-04,9.82901390964855
2024-03-05,5.293260814348028
2024-03-06,4.535051088664393
2024-03-07,1.0098624380793264
2024-03-08,1.2701442998573997
2024-03-09,2.9663144292744925
2024-03-10,0.5593161366403498
2024-03-11,1.3744373211491023
2024-03-12,0.42785731016753725
2024-03-13,0.938866915254545
2024-03-14,0.6521704283444082
2024-03-15,2.162227046550204
2024-03-16,0.7643781953697498
2024-03-17,1.8229608916325855
2024-03-18,0.279911362123685
2024-03-19,2.2566108745817486
2024-03-20,13.854501064931673
2024-03-21,8.633196451328198
2024-03-22,15.445594467638028
2024-03-23,4.8398544206870335
2024-03-24,1.9076071841855997
2024-03-25,0.6943223831884875
2024-03-26,2.4130940026910226
2024-03-27,0.11479013127170037
2024-03-28,0.12701981948665073
2024-03-29,0.4371062267607427
2024-03-30,0.24894734424063442
2024-03-31,1.8226124949414388
2024-04-01,3.5495140280391566
2024-04-02,3.363271977083789
2024-04-03,3.542922298474299
2024-04-04,4.68287513651235
2024-04-05,2.2307114809046715
2024-04-06,0.9907055507630085
2024-04-07,1.2214579939868975
2024-04-08,0.42055518578046047
2024-04-09,0.6102376313564658
2024-04-10,0.24206588014269753
2024-04-11,0.9852186010706547
2024-04-12,0.5179489019655896
2024-04-13,1.171289281031076
2024-04-14,2.134089734575966
2024-04-15,0.19822362400596238
2024-04-16,0.4235442154401565
2024-04-17,0.5993988123821742
2024-04-18,0.4794996134247795
2024-04-19,26.889525281750878
2024-04-20,1.8316895828679596
2024-04-21,26.068436286042697
2024-04-22,10.609504833250684
2024-04-23,4.615971228434234
2024-04-24,7.869333871811614
2024-04-25,7.958453268617502
2024-04-26,1.2683933200148962
2024-04-27,1.8323276900434786
2024-04-28,2.0828271583831963
2024-04-29,15.717312936399066
2024-04-30,1.9861548792931583
2024-05-01,0.31635293079284754
2024-05-02,0.25267481455269475
2024-05-03,0.9881429374908534
2024-05-04,2.9128906227914997
2024-05-05,7.945901314153832
2024-05-06,0.3303325474341708
2024-05-07,1.4626386251805414
2024-05-08,5.063985411414986
2024-05-09,2.084645994389282
2024-05-10,0.6924903774740842
2024-05-11,4.191971024132829
2024-05-12,0.3456892840598001
2024-05-13,0.7049548705549982
2024-05-14,4.4025106663067275
2024-05-15,11.671717592021551
2024-05-16,1.4353835943141913
2024-05-17,1.682581867683712
2024-05-18,0.3158018049302061
2024-05-19,0.35815573821917185
2024-05-20,0.139852043684702
2024-05-21,0.04543745002858029
2024-05-22,0.11641714972788693
2024-05-23,0.31134637687197436
2024-05-24,0.10577520507772999
2024-05-25,0.2913680201158325
2024-05-26,0.05520872552681196
2024-05-27,0.009136572255639967
2024-05-28,1.1421921397587316
2024-05-29,0.008480386150744833
2024-05-30,0.03698971940944374
2024-05-31,0.00704593851271679
2024-06-01,0.01732575299013077
2024-06-02,0.004055900142958103
2024-06-03,0.009543512454670349
2024-06-04,0.03633272229860508
2024-06-05,0.030323091182720023
2024-06-06,0.024380772365333123
2024-06-07,0.01405328447659901
2024-06-08,0.0011062510179248879
2024-06-09,0.006554910661108533
2024-06-10,0.0747937142522508
2024-06-11,0.05065216424897216
2024-06-12,0.21172987529613746
2024-06-13,0.20441938574932575
2024-06-14,0.3529218095454402
2024-06-15,5.745615312450742
2024-06-16,12.921505942504723
2024-06-17,0.01139274193026501
2024-06-18,0.0786864794787703
2024-06-19,0.006513635144917324
2024-06-20,0.44961239545897863
2024-06-21,3.1635668137835706
2024-06-22,0.01585812863884605
2024-06-23,0.009340529592341086
2024-06-24,0.008399309026428272
2024-06-25,0.6449103494690701
2024-06-26,0.04147940053765264
2024-06-27,0.23645990849144588
2024-06-28,0.15480359842621705
2024-06-29,0.04028339046370555
2024-06-30,0.4773976215719222
2024-07-01,0.18009154785741946
2024-07-02,0.5152737520597573
2024-07-03,0.4031304230652934
2024-07-04,0.5537165445146005
2024-07-05,0.5071613250558
2024-07-06,0.6750234469753471
2024-07-07,1.3156371175464454
2024-07-08,0.018356214580281877
2024-07-09,0.02233015772431755
2024-07-10,0.0935961812839772
2024-07-11,0.05617498466625537
2024-07-12,0.3239846389272149
2024-07-13,9.33339443572813
2024-07-14,0.06404749499479816
2024-07-15,0.08084568384659668
2024-07-16,0.1244616961298505
2024-07-17,0.031006277998182105
2024-07-18,0.26742574478585446
2024-07-19,0.05077348629233452
2024-07-20,0.07363643904225659
2024-07-21,0.03949572942820999
2024-07-22,0.0018851062281948414
2024-07-23,0.012864455910627211
2024-07-24,0.012906001416443085
2024-07-25,0.056012938766610954
2024-07-26,0.1080449810090764
2024-07-27,0.07298927723977969
2024-07-28,0.04211890705326264
2024-07-29,0.1522397568661612
2024-07-30,0.023523657360498634
2024-07-31,0.06576190555407917
2024-08-01,0.05330295271728194
2024-08-02,0.269148979522841
2024-08-03,0.1570484180491364
2024-08-04,0.04606891493952031
2024-08-05,0.041464749544870186
2024-08-06,0.08841382168871723
2024-08-07,0.04293719422730538
2024-08-08,0.03740466417363637
2024-08-09,0.8072926825558818
2024-08-10,1.7902314928262018
2024-08-11,4.173728216694414
2024-08-12,0.17246986976861692
2024-08-13,0.07679382123506684
2024-08-14,0.06879312212751401
2024-08-15,0.06255403394077905
2024-08-16,0.022941941189667976
2024-08-17,0.03375668402313324
2024-08-18,0.005698254841140723
2024-08-19,0.01393847565387869
2024-08-20,0.019005241572031137
2024-08-21,0.05715296659589274
2024-08-22,0.05863575598835404
2024-08-23,0.16205082863195525
2024-08-24,0.3568606557046325
2024-08-25,0.09132343284385286
2024-08-26,1.6611355186612664
2024-08-27,0.36207176575664807
2024-08-28,0.12633312516161074
2024-08-29,0.011719193041830545
2024-08-30,0.001475008961439189
2024-08-31,0.20752892915506038
2024-09-01,0.08644812393773395
2024-09-02,0.11055233818783658
2024-09-03,0.008693230628526536
2024-09-04,0.0005737664435929712
2024-09-05,0.006267594569605047
2024-09-06,0.03536746289509988
2024-09-07,0.036467538047401785
2024-09-08,0.008932473860083808
2024-09-09,0.06785055322883964
2024-09-10,0.011554481837951651
2024-09-11,0.010122527436882594
2024-09-12,0.01834911242933053
2024-09-13,0.016261591059486474
2024-09-14,0.010979966569625844
2024-09-15,0.02805787507959367
2024-09-16,0.5900537891014495
2024-09-17,0.0697762159043435
2024-09-18,0.050818395834907555
2024-09-19,0.011724713735313622
2024-09-20,0.004713000729187118
2024-09-21,0.4634546700144002
2024-09-22,0.07724259660554655
2024-09-23,0.08676617208193024
2024-09-24,0.03650554010277902
2024-09-25,0.018113656190733175
2024-09-26,0.012046826576620678
2024-09-27,0.8117533801781847
2024-09-28,8.436903720163112
2024-09-29,3.108758611135626
2024-09-30,1.4925593869544187
2024-10-01,1.2723822655784802
2024-10-02,1.963850940590863
2024-10-03,1.791239995863289
2024-10-04,0.17154565159530688
2024-10-05,0.6868480418615823
2024-10-06,0.03913197560003886
2024-10-07,0.06700326028405595
2024-10-08,0.3926872722361264
2024-10-09,0.7089358938712097
2024-10-10,1.9609214461744913
2024-10-11,1.2404641017369333
2024-10-12,0.713738287159458
2024-10-13,0.010490360479439851
2024-10-14,0.19509069128611362
2024-10-15,0.13605730461521134
2024-10-16,0.02225807418847285
2024-10-17,0.1010607377679182
2024-10-18,0.017777788867406035
2024-10-19,0.00434167293059749
2024-10-20,0.020409195295355183
2024-10-21,0.021181687106457833
2024-10-22,0.024493896163042046
2024-10-23,0.003195621894426859
2024-10-24,0.0038925097236727287
2024-10-25,0.04217430784254439
2024-10-26,0.021507539817343
2024-10-27,0.02086693584943662
2024-10-28,0.6255014093214978
2024-10-29,0.5864236165960518
2024-10-30,0.016757978967725264
2024-10-31,0.06795106089219301
2024-11-01,0.041844214532167676
2024-11-02,0.44956762169834635
2024-11-03,1.5416561563226097
2024-11-04,1.3782695805774559
2024-11-05,0.06782099686975329
2024-11-06,0.09733543313700727
2024-11-07,0.04710093728155256
2024-11-08,0.12455580163977052
2024-11-09,0.30752001362369974
2024-11-10,0.09785885041841537
2024-11-11,0.0977005456262737
2024-11-12,0.019380681486859497
2024-11-13,0.058103777861875164
2024-11-14,0.0004917042653959959
2024-11-15,0.016730503442613384
2024-11-16,0.0243141107646184
2024-11-17,0.007011484114837947
2024-11-18,0.057659764463256304
2024-11-19,0.014140680867775137
2024-11-20,0.023127427689577016
2024-11-21,0.14813115230488735
2024-11-22,0.02147543806626831
2024-11-23,0.6354301055196487
2024-11-24,0.01799541509004627
2024-11-25,0.011473225521552622
2024-11-26,0.10515221513596161
2024-11-27,0.35289641483386075
2024-11-28,1.0488752608532954
2024-11-29,0.5552710426031826
2024-11-30,0.17586190910182153
2024-12-01,0.09989681370514465
2024-12-02,0.015817098232748166
2024-12-03,0.24334704158214165
2024-12-04,0.07221814939342176
2024-12-05,0.661645237416155
2024-12-06,2.592718213651483
2024-12-07,2.9170271263752388
2024-12-08,0.4914561085689899
2024-12-09,0.747903362509044
2024-12-10,0.2764405396544366
2024-12-11,0.09275597356557366
2024-12-12,1.808173657297077
2024-12-13,2.6467173487379383
2024-12-14,9.016092503349268
2024-12-15,0.14973045260347673
2024-12-16,0.06682015651517086
2024-12-17,0.10375929860274642
2024-12-18,0.05457517279687409
2024-12-19,1.0242030733773186
2024-12-20,2.2875882718530023
2024-12-21,8.959898589431546
2024-12-22,0.5651651122038288
2024-12-23,1.7370363467495915
2024-12-24,1.6911577414118035
2024-12-25,2.150571252717555
2024-12-26,2.646751335218964
2024-12-27,8.510617579002178
2024-12-28,6.151883717127644
2024-12-29,7.089322861396435
2024-12-30,6.005401358612284
2024-12-31,15.017398695787039
2025-01-01,0.4649165993837497
2025-01-02,3.595986293290964
2025-01-03,4.614100035501025
2025-01-04,2.365556853389193
2025-01-05,6.571716507794839
2025-01-06,5.176870446746719
2025-01-07,2.2519192974419404
2025-01-08,9.7547598198339
2025-01-09,4.718089457196844
2025-01-10,8.899809826807303
2025-01-11,1.1860308624731402
2025-01-12,1.548588215634338
2025-01-13,2.783289423559034
2025-01-14,4.205380273273754
2025-01-15,21.09456326371494
2025-01-16,17.494317344579738
2025-01-17,28.927993006529324
2025-01-18,4.998387940428812
2025-01-19,1.6565040019872126
2025-01-20,0.8530509449518076
2025-01-21,2.9408210115705895
2025-01-22,2.1450522214232968
2025-01-23,0.2884516842657708
2025-01-24,3.1199844898980236
2025-01-25,0.5238039996612592
2025-01-26,2.029090561075584
2025-01-27,0.6379816748382047
2025-01-28,3.1479807853005757
2025-01-29,1.8531054386362256
2025-01-30,1.2636425933797526
2025-01-31,0.2510970041757514
2025-02-01,0.12318670834495236
2025-02-02,0.14509947313019406
2025-02-03,0.24863085223000456
2025-02-04,0.8432167892104723
2025-02-05,2.029059129953796
2025-02-06,3.769495913667541
2025-02-07,7.951628533696911
2025-02-08,7.06628587934584
2025-02-09,3.6578796831125615
2025-02-10,13.979900578481246
2025-02-11,29.553151957995087
2025-02-12,2.592925326693638
2025-02-13,8.622366642693727
2025-02-14,39.55913807324345
2025-02-15,12.850372857629246
2025-02-16,25.343778945871392
2025-02-17,31.436841035332925
2025-02-18,15.932875274181269
2025-02-19,25.07320040972515
2025-02-20,18.795744379677775
2025-02-21,10.24471038039329
2025-02-22,32.45439977193838
2025-02-23,23.604252201395077
2025-02-24,17.425130593073114
2025-02-25,17.393416712160356
2025-02-26,43.90555357809655
2025-02-27,11.336950252841724
2025-02-28,50.64255569575074
2025-03-01,6.289427678208102
2025-03-02,17.017276780335305
2025-03-03,19.190663460240565
2025-03-04,14.512370529113626
2025-03-05,27.02473729617747
2025-03-06,9.209886520061678
2025-03-07,2.3601907358625547
2025-03-08,7.1008044212238195
2025-03-09,10.636638961880559
2025-03-10,4.583643330060086
2025-03-11,20.282200189729377
2025-03-12,2.382813779649624
2025-03-13,7.479678182913647
2025-03-14,4.93996827206807
2025-03-15,23.584216015346414
2025-03-16,3.4688591496712
2025-03-17,15.713840334597268
2025-03-18,2.451188153381453
2025-03-19,7.2345479223118
2025-03-20,6.673787606777616
2025-03-21,1.2487350190467477
2025-03-22,0.521635473388882
2025-03-23,0.3520043737709471
2025-03-24,0.21158698765580114
2025-03-25,6.082368895911516
2025-03-26,29.550283402630832
2025-03-27,17.38244223007377
2025-03-28,28.577690497736004
2025-03-29,21.11791089283424
2025-03-30,37.02634567078135
2025-03-31,6.337722334484901
2025-04-01,5.562190949848913
2025-04-02,42.871313019553995
2025-04-03,31.954193025363903
2025-04-04,4.635929392054378
2025-04-05,12.092037737745708
2025-04-06,24.27335535128046
2025-04-07,4.864173111045271
2025-04-08,19.895884442033005
2025-04-09,14.34772629874245
2025-04-10,37.71330861591841
2025-04-11,41.863003919564086
2025-04-12,1.2220850757051702
2025-04-13,17.938434544540748
2025-04-14,1.8355139325438663
2025-04-15,2.510456429395187
2025-04-16,5.199963580536405
2025-04-17,4.980225934155725
2025-04-18,23.84647760098895
2025-04-19,0.4495853493238762
2025-04-20,8.036408779622443
2025-04-21,5.478294815181447
2025-04-22,20.042243565138303
2025-04-23,5.650479719410132
2025-04-24,11.133899399862882
2025-04-25,7.2009946234776
2025-04-26,7.790244237877039
2025-04-27,3.147607930324815
2025-04-28,5.08356103165746
2025-04-29,0.433781876704988
2025-04-30,1.397973196120977
2025-05-01,9.397909950238244
2025-05-02,4.472058922344149
2025-05-03,3.2226520366858096
2025-05-04,23.209898821259284
2025-05-05,3.8743330667508036
2025-05-06,1.3911280181810548
2025-05-07,1.6113106222784312
2025-05-08,0.9374188434368032
2025-05-09,3.3323088826465552
2025-05-10,0.20170677761426464
2025-05-11,0.0786257727872732
2025-05-12,0.5376378248372841
2025-05-13,0.3491067022524294
2025-05-14,0.9238240972725001
2025-05-15,0.9270941334179805
2025-05-16,5.555171219944543
2025-05-17,11.841712857719791
2025-05-18,5.237574242994409
2025-05-19,5.330815666450398
2025-05-20,1.3021693407567179
2025-05-21,1.6033981055147724
2025-05-22,0.17237610720634036
2025-05-23,0.989455963776075
2025-05-24,0.8759401302851778
2025-05-25,2.2722389791444315
2025-05-26,4.561718459325
2025-05-27,0.5392106455233509
2025-05-28,0.24752595502464286
2025-05-29,0.1942816188613855
2025-05-30,0.4485693706718895
2025-05-31,2.743484342724615
2025-06-01,0.10158930815587715
2025-06-02,0.17069323817149812
2025-06-03,0.03658593699624032
2025-06-04,0.272182761413239
2025-06-05,0.3296168787428833
2025-06-06,0.7068958913765334
2025-06-07,0.23200209979282993
2025-06-08,0.25440202316088456
2025-06-09,0.16470873557713467
2025-06-10,4.477891079169543
2025-06-11,0.6865802179114553
2025-06-12,1.1232405319255891
2025-06-13,0.3797834302936293
2025-06-14,0.40364067196028347
2025-06-15,2.5116223048112776
2025-06-16,1.1546714058526764
2025-06-17,0.6022305271676583
2025-06-18,0.2661750672133159
2025-06-19,0.29935579446910876
2025-06-20,0.31374581317501393
2025-06-21,1.702973366577774
2025-06-22,1.4094200863748216
2025-06-23,0.16731376396868483
2025-06-24,0.18240471931968213
2025-06-25,4.6904941211984745
2025-06-26,0.299341912635804
2025-06-27,1.7382749093211318
2025-06-28,0.10681744943485504
2025-06-29,0.10196562682144063
2025-06-30,0.5448492292617304
2025-07-01,1.1013376045727605
2025-07-02,0.48200471377635645
2025-07-03,0.21802463250352605
2025-07-04,0.09454054713664058
2025-07-05,0.04248586345800833
2025-07-06,0.02269984709064447
2025-07-07,0.028673883579047457
2025-07-08,0.18479144521099253
2025-07-09,0.21599794160322533
2025-07-10,0.3494997558402356
2025-07-11,0.19851939318995576
2025-07-12,0.7269964970516242
2025-07-13,0.18779204101737892
2025-07-14,0.05150906265321881
2025-07-15,0.051837574777226544
2025-07-16,0.05622161263460422
2025-07-17,0.03498442471339793
2025-07-18,0.06281053719101147
2025-07-19,0.09779308039114425
2025-07-20,0.40085869453562023
2025-07-21,0.6942253055217581
2025-07-22,1.7658067044475376
2025-07-23,0.09480233260943852
2025-07-24,0.03819015724098876
2025-07-25,0.02696178286492266
2025-07-26,0.047513756777639714
2025-07-27,0.11265893860971303
2025-07-28,0.19916875993700933
2025-07-29,1.658307751762398
2025-07-30,0.052899048584949544
2025-07-31,0.009670046367024789
2025-08-01,0.013564562108102265
2025-08-02,0.15799788784973026
2025-08-03,0.8375010183819968
2025-08-04,0.14430056375435887
2025-08-05,0.21518813272429396
2025-08-06,0.11345626706641855
2025-08-07,0.05524197033885631
2025-08-08,0.051416801285787225
2025-08-09,0.11933269377887126
2025-08-10,0.26503087947959236
2025-08-11,0.11481097460381794
2025-08-12,1.4850093509504576
2025-08-13,0.10678460655911494
2025-08-14,0.3187820547591378
2025-08-15,0.5518713225306847
2025-08-16,1.5138903913095572
2025-08-17,0.17552163505459917
2025-08-18,0.7218285653960057
2025-08-19,0.6671354561213607
2025-08-20,0.4938217414225512
2025-08-21,0.271282461808178
2025-08-22,0.3303496325455195
2025-08-23,0.13893746579502927
2025-08-24,0.3455845508697154
2025-08-25,0.5636014940561518
2025-08-26,0.07395560887458805
2025-08-27,0.059722687495290035
2025-08-28,0.03167592803749639
2025-08-29,0.013193342925860418
2025-08-30,0.030485210242322515
2025-08-31,0.019301067526036112
2025-09-01,1.0464943097457844
2025-09-02,1.549059392463338
2025-09-03,0.052422636238190295
2025-09-04,0.03437647463670573
2025-09-05,0.03081461559452158
2025-09-06,0.2945147137908271
2025-09-07,0.38604634540841515
2025-09-08,0.005326394626591747
2025-09-09,0.03511427889318785
2025-09-10,0.7257548091005899
2025-09-11,0.07239935074346372
2025-09-12,0.015365232693762955
2025-09-13,0.03296318533253531
2025-09-14,0.03843977024834376
2025-09-15,0.028767855633714253
2025-09-16,0.06834616669418843
2025-09-17,0.28678237614542634
2025-09-18,0.8713470859257374
2025-09-19,0.8483796331548602
2025-09-20,0.462150724188994
2025-09-21,0.30285655860772603
2025-09-22,0.22308475985108772
2025-09-23,0.21710612412120353
2025-09-24,0.6662684142855452
2025-09-25,1.1182307217253533
2025-09-26,0.3120748080340653
2025-09-27,0.12490700616859998
2025-09-28,0.06944777141408259
2025-09-29,0.19063326935784083
2025-09-30,0.8981355904729754
